keyword	no	token	pos
전주 여행	1	추천	NNG
전주 여행	1	추억	NNG
전주 여행	1	다양	NNG
전주 여행	1	체험	NNG
전주 여행	1	감성	NNG
전주 여행	1	추억	NNG
전주 여행	1	테마	NNG
전주 여행	1	박물관	NNG
전주 여행	1	유익	NNG
전주 여행	1	시간	NNG
전주 여행	1	전북	NNP
전주 여행	1	전북	NNP
전주 여행	1	투어	NNG
전주 여행	1	패스	NNG
전주 여행	1	통합	NNG
전주 여행	1	용권	NNG
전주 여행	1	전북	NNP
전주 여행	1	여행지	NNG
전주 여행	1	다양	NNG
전주 여행	1	체험	NNG
전주 여행	1	카페이	NNP
전주 여행	1	용추	NNG
전주 여행	1	필수	NNG
전주 여행	1	편안	NNG
전주 여행	1	감사	NNG
전주 여행	2	사람	NNG
전주 여행	2	호텔	NNG
전주 여행	2	가격	NNG
전주 여행	2	얼마	NNG
전주 여행	2	정도	NNG
전주 여행	2	맛집	NNG
전주 여행	2	카페	NNG
전주 여행	2	추천	NNG
전주 여행	2	계획	NNG
전주 여행	2	한옥	NNG
전주 여행	2	마을	NNG
전주 여행	2	근처	NNG
전주 여행	3	관련	NNG
전주 여행	3	질문	NNG
전주 여행	3	계획	NNG
전주 여행	3	선택	NNG
전주 여행	3	한옥마을	NNP
전주 여행	3	자연	NNG
전주 여행	3	경관	NNG
전주 여행	3	음식	NNG
전주 여행	3	동네	NNG
전주 여행	3	시간	NNG
전주 여행	3	한옥	NNG
전주 여행	3	마을	NNG
전주 여행	3	근처	NNG
전주 여행	3	장소	NNG
전주 여행	4	여학생	NNG
전주 여행	4	친구	NNG
전주 여행	4	안녕	NNG
전주 여행	4	여학생	NNG
전주 여행	4	친구	NNG
전주 여행	4	일본	NNP
전주 여행	4	애니	NNP
전주 여행	4	오타쿠	NNP
전주 여행	4	갈만	NNG
전주 여행	5	부모	NNG
전주 여행	5	부모	NNG
전주 여행	5	명소	NNG
전주 여행	5	식당	NNG
전주 여행	5	추천	NNG
전주 여행	5	부탁	NNG
전주 여행	5	한옥마을	NNP
전주 여행	5	완산구	NNP
전주 여행	5	덕진구	NNP
전주 여행	5	추억	NNG
전주 여행	5	장소	NNG
전주 여행	6	이번	NNG
전주 여행	6	여자	NNG
전주 여행	6	친구	NNG
전주 여행	6	경로	NNG
전주 여행	6	토요일	NNG
전주 여행	6	실내	NNG
전주 여행	6	데이트	NNG
전주 여행	6	가능	NNG
전주 여행	6	감사	NNG
전주 여행	6	숙소	NNG
전주 여행	6	한옥	NNG
전주 여행	6	마을	NNG
전주 여행	6	근처	NNG
전주 여행	6	한옥마을	NNP
전주 여행	6	구경	NNG
전주 여행	7	저녁	NNG
전주 여행	7	주천	NNG
전주 여행	7	산책	NNG
전주 여행	7	한옥	NNG
전주 여행	7	마을	NNG
전주 여행	7	근처	NNG
전주 여행	7	야경	NNG
전주 여행	7	일정	NNG
전주 여행	7	관심	NNG
전주 여행	7	테마	NNG
전주 여행	7	사진	NNG
전주 여행	7	카페	NNG
전주 여행	7	체험	NNG
전주 여행	7	추천	NNG
전주 여행	8	코스	NNG
전주 여행	8	추천	NNG
전주 여행	8	영화제	NNG
전주 여행	8	기간	NNG
전주 여행	8	일정	NNG
전주 여행	8	코스	NNG
전주 여행	8	추천	NNG
전주 여행	8	주목적	NNG
전주 여행	8	전주국	NNG
전주 여행	8	영화제	NNG
전주 여행	8	알짜배기	NNG
전주 여행	8	추천	NNG
전주 여행	9	커플	NNG
전주 여행	9	추천	NNG
전주 여행	9	숙소	NNG
전주 여행	9	거리	NNG
전주 여행	9	맛집	NNG
전주 여행	9	추천	NNG
전주 여행	9	감사	NNG
전주 여행	9	한옥마을	NNP
전주 여행	9	답변	NNG
전주 여행	9	도움	NNG
전주 여행	9	한옥마을	NNP
전주 여행	9	한옥마을	NNP
전주 여행	9	맛집	NNG
전주 여행	9	추천	NNG
전주 여행	10	추석	NNG
전주 여행	10	그때	NNG
전주 여행	10	한옥마을	NNP
전주 여행	10	관광지	NNG
전주 여행	10	추석	NNG
전주 여행	10	당일	NNG
전주 여행	10	이벤트	NNG
전주 여행	10	진행	NNG
전주 여행	10	한국	NNP
전주 여행	10	관광공사	NNP
전주 여행	10	숙박	NNG
전주 여행	10	세일	NNG
전주 여행	10	페스타	NNP
전주 여행	10	이벤트	NNG
전주 여행	10	진행	NNG
전주 여행	11	연령	NNG
전주 여행	11	렌트카	NNG
전주 여행	11	추천	NNG
전주 여행	11	이번	NNG
전주 여행	11	연령	NNG
전주 여행	11	자동차	NNG
전주 여행	11	추천	NNG
전주 여행	11	부탁	NNG
전주 여행	11	가격	NNG
전주 여행	11	렌트	NNG
전주 여행	11	정도	NNG
전주 여행	11	이상	NNG
전주 여행	11	렌트	NNG
전주 여행	11	가능	NNG
전주 여행	11	자동차	NNG
전주 여행	11	가격	NNG
전주 여행	12	포항	NNP
전주 여행	12	포항	NNP
전주 여행	12	기차	NNG
전주 여행	12	버스	NNG
전주 여행	12	안녕	NNG
전주 여행	12	포항	NNP
전주 여행	12	기차	NNG
전주 여행	12	버스	NNG
전주 여행	12	장단점	NNG
전주 여행	12	방법	NNG
전주 여행	12	결정	NNG
전주 여행	12	요소	NNG
전주 여행	12	고려	NNG
전주 여행	12	필요	NNG
전주 여행	13	펜션	NNG
전주 여행	13	한옥	NNG
전주 여행	13	이번	NNG
전주 여행	13	남자	NNG
전주 여행	13	친구	NNG
전주 여행	13	펜션	NNG
전주 여행	13	한옥	NNG
전주 여행	13	마을	NNG
전주 여행	13	근처	NNG
전주 여행	13	한옥	NNG
전주 여행	13	펜션	NNG
전주 여행	13	내부	NNG
전주 여행	13	정감	NNG
전주 여행	13	분위기	NNG
전주 여행	13	답변	NNG
전주 여행	13	부탁	NNG
전주 여행	14	주세요	NNP
전주 여행	14	한옥마을	NNP
전주 여행	14	완산구	NNP
전주 여행	14	덕진구	NNP
전주 여행	14	추억	NNG
전주 여행	14	장소	NNG
전주 여행	14	완산구	NNP
전주 여행	14	덕진구	NNP
전주 여행	14	여행지	NNG
전주 여행	15	엄마	NNG
전주 여행	15	계획	NNG
전주 여행	15	답변	NNG
전주 여행	15	부탁	NNG
전주 여행	15	기차	NNG
전주 여행	15	고속버스	NNG
전주 여행	15	도착	NNG
전주 여행	15	관광	NNG
전주 여행	15	이용	NNG
전주 여행	15	교통수단	NNG
전주 여행	15	숙소	NNG
전주 여행	15	추천	NNG
전주 여행	15	서울	NNP
전주 여행	16	당일치기	NNG
전주 여행	16	당일치기	NNG
전주 여행	16	계획	NNG
전주 여행	16	주역	NNP
전주 여행	16	한옥마을	NNP
전주 여행	16	방법	NNG
전주 여행	16	당일치기	NNG
전주 여행	16	코스	NNG
전주 여행	16	주역	NNP
전주 여행	16	한옥마을	NNP
전주 여행	16	방법	NNG
전주 여행	16	택시	NNG
전주 여행	16	버스	NNG
전주 여행	16	주역	NNP
전주 여행	16	한옥마을	NNP
전주 여행	16	택시	NNG
전주 여행	17	경비	NNG
전주 여행	17	보통	NNG
전주 여행	17	경비	NNG
전주 여행	17	얼마	NNG
전주 여행	17	정도	NNG
전주 여행	17	숙소	NNG
전주 여행	17	질문	NNG
전주 여행	17	도움	NNG
전주 여행	17	답변	NNG
전주 여행	17	예산	NNG
전주 여행	17	내외	NNG
전주 여행	17	숙소	NNG
전주 여행	18	커플	NNG
전주 여행	18	도움	NNG
전주 여행	18	남자	NNG
전주 여행	18	친구	NNG
전주 여행	18	이용	NNG
전주 여행	18	이용	NNG
전주 여행	18	요소	NNG
전주 여행	18	고려	NNG
전주 여행	18	교통	NNG
전주 여행	18	체증	NNG
전주 여행	18	예상	NNG
전주 여행	18	날짜	NNG
전주 여행	18	이용	NNG
전주 여행	18	남자	NNG
전주 여행	18	친구	NNG
전주 여행	19	여행지	NNG
전주 여행	19	맛집	NNG
전주 여행	19	추천	NNG
전주 여행	19	보리암	NNP
전주 여행	19	다랭이	NNG
전주 여행	19	독일	NNP
전주 여행	19	마을	NNG
전주 여행	19	한옥마을	NNP
전주 여행	19	맛집	NNG
전주 여행	19	추천	NNG
전주 여행	19	추천	NNG
전주 여행	19	맛집	NNG
전주 여행	20	추천	NNG
전주 여행	20	맛집	NNG
전주 여행	20	국내	NNG
전주 여행	20	주달	NNG
전주 여행	20	티비	NNG
전주 여행	20	코스	NNG
전주 여행	20	여수	NNG
전주 여행	20	여수	NNG
전주 여행	20	제주	NNP
전주 여행	20	제주도	NNP
전주 여행	20	전문	NNG
전주 여행	20	언서	NNG
전주 여행	20	주달	NNG
전주 여행	20	봉이	NNG
전주 여행	20	코스	NNG
전주 여행	20	한옥	NNG
전주 여행	20	마을	NNG
전주 여행	21	코스	NNG
전주 여행	21	질문	NNG
전주 여행	21	코스	NNG
전주 여행	21	전라도	NNP
전주 여행	21	맛집	NNG
전주 여행	21	국내	NNG
전주 여행	21	주달	NNG
전주 여행	21	티비	NNG
전주 여행	21	코스	NNG
전주 여행	21	여수	NNG
전주 여행	21	여수	NNG
전주 여행	21	제주	NNP
전주 여행	21	제주도	NNP
전주 여행	21	전문	NNG
전주 여행	21	언서	NNG
전주 여행	22	비용	NNG
전주 여행	22	얼마	NNG
전주 여행	22	비용	NNG
전주 여행	22	요소	NNG
전주 여행	22	일반	NNG
전주 여행	22	다음	NNG
전주 여행	22	항목	NNG
전주 여행	22	포함	NNG
전주 여행	22	교통비	NNG
전주 여행	22	이동	NNG
전주 여행	22	교통	NNG
전주 여행	22	비용	NNG
전주 여행	23	코스	NNG
전주 여행	23	맛집	NNG
전주 여행	23	국내	NNG
전주 여행	23	주달	NNG
전주 여행	23	티비	NNG
전주 여행	23	코스	NNG
전주 여행	23	여수	NNG
전주 여행	23	여수	NNG
전주 여행	23	제주	NNP
전주 여행	23	제주도	NNP
전주 여행	23	전문	NNG
전주 여행	23	언서	NNG
전주 여행	23	주달	NNG
전주 여행	23	봉이	NNG
전주 여행	23	코스	NNG
전주 여행	23	한옥	NNG
전주 여행	23	마을	NNG
전주 여행	23	시작	NNG
전주 여행	24	당일치기	NNG
전주 여행	24	혼자	NNG
전주 여행	24	코스	NNG
전주 여행	24	추천	NNG
전주 여행	24	박물관	NNG
전주 여행	24	미술관	NNG
전주 여행	24	지역	NNG
전주 여행	24	공간	NNG
전주 여행	24	스토리	NNG
전주 여행	24	안내	NNG
전주 여행	24	해설	NNG
전주 여행	24	문화	NNG
전주 여행	24	코스	NNG
전주 여행	24	방지	NNG
전주 여행	24	예약금	NNG
전주 여행	24	결제	NNG
전주 여행	24	현장	NNG
전주 여행	24	상당	NNG
전주 여행	24	음료	NNG
전주 여행	24	기프	NNP
전주 여행	24	환급	NNG
전주 여행	24	선착순	NNG
전주 여행	24	마감	NNG
전주 여행	24	계획	NNG
전주 여행	25	필요	NNG
전주 여행	25	가요	NNG
전주 여행	25	안녕	NNG
전주 여행	25	계획	NNG
전주 여행	25	서울	NNP
전주 여행	25	기차	NNG
전주 여행	25	렌트	NNG
전주 여행	25	참고	NNG
전주 여행	25	한옥마을	NNP
전주 여행	25	포함	NNG
전주 여행	25	유명	NNG
전주 여행	25	관광지	NNG
전주 여행	25	계획	NNG
전주 여행	25	맛집	NNG
전주 여행	25	국내	NNG
전주 여행	26	맛집	NNG
전주 여행	26	국내	NNG
전주 여행	26	주달	NNG
전주 여행	26	티비	NNG
전주 여행	26	코스	NNG
전주 여행	26	여수	NNG
전주 여행	26	여수	NNG
전주 여행	26	제주	NNP
전주 여행	26	제주도	NNP
전주 여행	26	전문	NNG
전주 여행	26	언서	NNG
전주 여행	26	주달	NNG
전주 여행	26	봉이	NNG
전주 여행	26	대중교통	NNG
전주 여행	26	택시	NNG
전주 여행	26	이용	NNG
전주 여행	27	완주	NNG
전주 여행	27	맛집	NNG
전주 여행	27	국내	NNG
전주 여행	27	주달	NNG
전주 여행	27	티비	NNG
전주 여행	27	코스	NNG
전주 여행	27	여수	NNG
전주 여행	27	여수	NNG
전주 여행	27	제주	NNP
전주 여행	27	제주도	NNP
전주 여행	27	전문	NNG
전주 여행	27	언서	NNG
전주 여행	27	주달	NNG
전주 여행	27	봉이	NNG
전주 여행	27	완주	NNP
전주 여행	28	부탁	NNG
전주 여행	28	맛집	NNG
전주 여행	28	국내	NNG
전주 여행	28	주달	NNG
전주 여행	28	티비	NNG
전주 여행	28	코스	NNG
전주 여행	28	여수	NNG
전주 여행	28	여수	NNG
전주 여행	28	제주	NNP
전주 여행	28	제주도	NNP
전주 여행	28	전문	NNG
전주 여행	28	언서	NNG
전주 여행	28	주달	NNG
전주 여행	28	봉이	NNG
전주 여행	28	코스	NNG
전주 여행	29	코스	NNG
전주 여행	29	코스	NNG
전주 여행	29	역사	NNG
전주 여행	29	유적지	NNG
전주 여행	29	전통문화	NNG
전주 여행	29	한옥마을	NNP
전주 여행	29	방문	NNG
전주 여행	29	시작	NNG
전주 여행	29	한옥	NNG
전주 여행	29	마을	NNG
전주 여행	30	대중교통	NNG
전주 여행	30	렌트카	NNG
전주 여행	30	대중교통	NNG
전주 여행	30	교통	NNG
전주 여행	30	상황	NNG
전주 여행	30	맛집	NNG
전주 여행	30	국내	NNG
전주 여행	30	주달	NNG
전주 여행	30	티비	NNG
전주 여행	30	코스	NNG
전주 여행	30	여수	NNG
전주 여행	30	여수	NNG
전주 여행	30	제주	NNP
전주 여행	31	연인	NNG
전주 여행	31	추천	NNG
전주 여행	31	한옥마을	NNP
전주 여행	31	동물원	NNP
전주 여행	31	한국도로공사	NNP
전주 여행	31	수목원	NNG
전주 여행	31	향교	NNP
전주 여행	31	덕진	NNP
전주 여행	31	공원	NNG
전주 여행	32	관련	NNG
전주 여행	32	맛집	NNG
전주 여행	32	국내	NNG
전주 여행	32	주달	NNG
전주 여행	32	티비	NNG
전주 여행	32	코스	NNG
전주 여행	32	여수	NNG
전주 여행	32	여수	NNG
전주 여행	32	제주	NNP
전주 여행	32	제주도	NNP
전주 여행	32	전문	NNG
전주 여행	32	언서	NNG
전주 여행	32	주달	NNG
전주 여행	32	봉이	NNG
전주 여행	32	주말	NNG
전주 여행	32	평일	NNG
전주 여행	33	추천	NNG
전주 여행	33	맛집	NNG
전주 여행	33	국내	NNG
전주 여행	33	주달	NNG
전주 여행	33	티비	NNG
전주 여행	33	코스	NNG
전주 여행	33	여수	NNG
전주 여행	33	여수	NNG
전주 여행	33	제주	NNP
전주 여행	33	제주도	NNP
전주 여행	33	전문	NNG
전주 여행	33	언서	NNG
전주 여행	33	주달	NNG
전주 여행	33	봉이	NNG
전주 여행	34	이번	NNG
전주 여행	34	추천	NNG
전주 여행	34	위주	NNG
전주 여행	34	트레	NNP
전주 여행	34	계획	NNG
전주 여행	34	볼거리	NNG
전주 여행	35	경비	NNG
전주 여행	35	식비	NNG
전주 여행	35	교통비	NNG
전주 여행	35	술값	NNG
전주 여행	35	맛집	NNG
전주 여행	35	국내	NNG
전주 여행	35	주달	NNG
전주 여행	35	티비	NNG
전주 여행	35	코스	NNG
전주 여행	35	여수	NNG
전주 여행	35	여수	NNG
전주 여행	36	비용	NNG
전주 여행	36	맛집	NNG
전주 여행	36	국내	NNG
전주 여행	36	주달	NNG
전주 여행	36	티비	NNG
전주 여행	36	코스	NNG
전주 여행	36	여수	NNG
전주 여행	36	여수	NNG
전주 여행	36	제주	NNP
전주 여행	36	제주도	NNP
전주 여행	36	전문	NNG
전주 여행	36	언서	NNG
전주 여행	36	주달	NNG
전주 여행	36	봉이	NNG
전주 여행	36	한옥마을	NNP
전주 여행	36	입장료	NNG
전주 여행	36	기본	NNG
전주 여행	37	친구	NNG
전주 여행	37	친구	NNG
전주 여행	37	호텔	NNG
전주 여행	37	맛집	NNG
전주 여행	37	추천	NNG
전주 여행	37	호텔	NNG
전주 여행	37	시설	NNG
전주 여행	37	한옥	NNP
전주 여행	37	침대	NNG
전주 여행	37	맛집	NNG
전주 여행	37	양식	NNG
전주 여행	37	중식	NNG
전주 여행	37	일식	NNG
전주 여행	37	비용	NNG
전주 여행	37	인당	NNG
전주 여행	38	크리스마스	NNG
전주 여행	38	맛집	NNG
전주 여행	38	국내	NNG
전주 여행	38	주달	NNG
전주 여행	38	티비	NNG
전주 여행	38	코스	NNG
전주 여행	38	여수	NNG
전주 여행	38	여수	NNG
전주 여행	38	제주	NNP
전주 여행	38	제주도	NNP
전주 여행	38	전문	NNG
전주 여행	38	언서	NNG
전주 여행	38	주달	NNG
전주 여행	38	봉이	NNG
전주 여행	38	코스	NNG
전주 여행	38	한옥	NNG
전주 여행	38	마을	NNG
전주 여행	38	시작	NNG
전주 여행	39	질문	NNG
전주 여행	39	일정	NNG
전주 여행	39	관련	NNG
전주 여행	39	답변	NNG
전주 여행	39	가실	NNG
전주 여행	39	계획	NNG
전주 여행	39	준비	NNG
전주 여행	39	아래	NNG
전주 여행	39	일정	NNG
전주 여행	39	참고	NNG
전주 여행	40	초등	NNG
전주 여행	40	학년	NNG
전주 여행	40	수학여행	NNG
전주 여행	40	코스	NNG
전주 여행	40	관광	NNG
전주 여행	40	달인	NNG
전주 여행	40	주달	NNG
전주 여행	40	봉이	NNG
전주 여행	40	코스	NNG
전주 여행	40	추천	NNG
전주 여행	40	감사	NNG
전주 여행	40	맛집	NNG
전주 여행	40	국내	NNG
전주 여행	40	주달	NNG
전주 여행	40	티비	NNG
전주 여행	40	코스	NNG
전주 여행	40	여수	NNG
전주 여행	40	여수	NNG
전주 여행	40	제주	NNP
전주 여행	41	혼자	NNG
전주 여행	41	코스	NNG
전주 여행	41	질문	NNG
전주 여행	41	정보	NNG
전주 여행	41	정리	NNG
전주 여행	41	참고	NNG
전주 여행	41	덕진	NNP
전주 여행	41	공원	NNG
전주 여행	41	추천	NNP
전주 여행	41	덕진	NNP
전주 여행	41	공원	NNG
전주 여행	41	터미널	NNG
전주 여행	41	산책	NNG
전주 여행	41	호수	NNG
전주 여행	41	공원	NNG
전주 여행	41	덕진	NNP
전주 여행	41	공원	NNG
전주 여행	41	생략	NNG
전주 여행	41	남부	NNG
전주 여행	41	시장	NNG
전주 여행	42	전시회	NNG
전주 여행	42	추천	NNG
전주 여행	42	이번	NNG
전주 여행	42	남자	NNG
전주 여행	42	친구	NNG
전주 여행	42	한옥마을	NNP
전주 여행	42	갈만	NNG
전주 여행	42	공방	NNG
전주 여행	42	전시회	NNG
전주 여행	42	추천	NNG
전주 여행	42	부탁	NNG
전주 여행	42	안녕	NNG
전주 여행	42	질문	NNG
전주 여행	42	관련	NNG
전주 여행	42	답변	NNG
전주 여행	43	코스	NNG
전주 여행	43	추천	NNG
전주 여행	43	안녕	NNG
전주 여행	43	여자	NNG
전주 여행	43	친구	NNG
전주 여행	43	예정	NNG
전주 여행	43	숙소	NNG
전주 여행	43	더클래식	NNP
전주 여행	43	호텔	NNG
전주 여행	43	일정	NNG
전주 여행	43	금요일	NNG
전주 여행	43	오후	NNG
전주 여행	43	도착	NNG
전주 여행	43	예정	NNG
전주 여행	43	이동	NNG
전주 여행	43	수단	NNG
전주 여행	43	대중교통	NNG
전주 여행	43	택시	NNG
전주 여행	43	예정	NNG
전주 여행	44	거리	NNG
전주 여행	44	추석	NNG
전주 여행	44	예정	NNG
전주 여행	44	갈만	NNG
전주 여행	44	추천	NNG
전주 여행	44	맛집	NNG
전주 여행	44	국내	NNG
전주 여행	44	주달	NNG
전주 여행	44	티비	NNG
전주 여행	44	코스	NNG
전주 여행	44	여수	NNG
전주 여행	44	여수	NNG
전주 여행	44	제주	NNP
전주 여행	45	갈만	NNG
전주 여행	45	맛집	NNG
전주 여행	45	국내	NNG
전주 여행	45	주달	NNG
전주 여행	45	티비	NNG
전주 여행	45	코스	NNG
전주 여행	45	여수	NNG
전주 여행	45	여수	NNG
전주 여행	45	제주	NNP
전주 여행	45	제주도	NNP
전주 여행	45	전문	NNG
전주 여행	45	언서	NNG
전주 여행	45	주달	NNG
전주 여행	45	봉이	NNG
전주 여행	45	코스	NNG
전주 여행	45	한옥	NNG
전주 여행	45	마을	NNG
전주 여행	46	코스	NNG
전주 여행	46	일정	NNG
전주 여행	46	문자	NNG
전주 여행	46	반양	NNG
전주 여행	46	시간	NNG
전주 여행	46	무리	NNG
전주 여행	46	일정	NNG
전주 여행	46	가운데	NNG
전주 여행	46	점심	NNG
전주 여행	46	박물관	NNG
전주 여행	46	관광	NNG
전주 여행	46	수목원	NNG
전주 여행	46	관광	NNG
전주 여행	46	관광	NNG
전주 여행	46	교동	NNP
전주 여행	46	다윈	NNP
전주 여행	47	추천	NNG
전주 여행	47	부탁	NNG
전주 여행	47	맛집	NNG
전주 여행	47	추천	NNG
전주 여행	47	부탁	NNG
전주 여행	47	감사	NNG
전주 여행	47	맛집	NNG
전주 여행	47	주달	NNG
전주 여행	47	티비	NNG
전주 여행	47	코스	NNG
전주 여행	47	언서	NNG
전주 여행	47	주달	NNG
전주 여행	47	봉이	NNG
전주 여행	48	강아지	NNG
전주 여행	48	가능	NNG
전주 여행	48	강아지	NNG
전주 여행	48	동반	NNG
전주 여행	48	강아지	NNG
전주 여행	48	맛집	NNG
전주 여행	48	관광	NNG
전주 여행	48	반려	NNG
전주 여행	48	동물	NNG
전주 여행	48	반려	NNG
전주 여행	48	생활	NNG
전주 여행	48	하늘	NNG
전주 여행	48	가을	NNG
전주 여행	48	강아지	NNG
전주 여행	48	추억	NNG
전주 여행	49	광주	NNP
전주 여행	49	감사	NNG
전주 여행	49	맛집	NNG
전주 여행	49	국내	NNG
전주 여행	49	주달	NNG
전주 여행	49	티비	NNG
전주 여행	49	코스	NNG
전주 여행	49	여수	NNG
전주 여행	49	여수	NNG
전주 여행	49	제주	NNP
전주 여행	49	제주도	NNP
전주 여행	49	전문	NNG
전주 여행	49	언서	NNG
전주 여행	49	주달	NNG
전주 여행	49	봉이	NNG
전주 여행	49	버스	NNG
전주 여행	49	터미널	NNG
전주 여행	50	코스	NNG
전주 여행	50	질문	NNG
전주 여행	50	일정	NNG
전주 여행	50	관련	NNG
전주 여행	50	답변	NNG
전주 여행	50	친정	NNG
전주 여행	50	어머니	NNG
전주 여행	50	아래	NNG
전주 여행	50	일정	NNG
전주 여행	50	준비	NNG
전주 여행	50	참고	NNG
전주 여행	50	도움	NNG
전주 여행	51	추천	NNG
전주 여행	51	당일치기	NNG
전주 여행	51	추천	NNG
전주 여행	51	당일치기	NNG
전주 여행	51	맛집	NNG
전주 여행	51	국내	NNG
전주 여행	51	주달	NNG
전주 여행	51	티비	NNG
전주 여행	51	코스	NNG
전주 여행	51	여수	NNG
전주 여행	51	여수	NNG
전주 여행	51	제주	NNP
전주 여행	51	제주도	NNP
전주 여행	51	전문	NNG
전주 여행	51	언서	NNG
전주 여행	51	주달	NNG
전주 여행	51	봉이	NNG
전주 여행	52	팀조	NNP
전주 여행	52	맛집	NNG
전주 여행	52	서울	NNP
전주 여행	52	지방	NNG
전주 여행	52	변호	NNG
전주 여행	52	사회	NNG
전주 여행	52	소속	NNG
전주 여행	52	지식	NNG
전주 여행	52	법률	NNG
전주 여행	52	상담	NNG
전주 여행	52	진행	NNG
전주 여행	52	김선용	NNP
전주 여행	52	변호사	NNG
전주 여행	52	스타	NNG
전주 여행	52	그램	NNG
전주 여행	52	검색	NNG
전주 여행	53	한옥마을	NNP
전주 여행	53	준비	NNG
전주 여행	53	대여	NNG
전주 여행	53	천차만별	NNG
전주 여행	53	기본	NNG
전주 여행	53	금액	NNG
전주 여행	53	시작	NNG
전주 여행	53	시간	NNG
전주 여행	53	한복	NNG
전주 여행	53	가격	NNG
전주 여행	53	맛집	NNG
전주 여행	53	국내	NNG
전주 여행	53	주달	NNG
전주 여행	53	티비	NNG
전주 여행	53	코스	NNG
전주 여행	53	여수	NNG
전주 여행	53	여수	NNG
전주 여행	53	제주	NNP
전주 여행	54	고등학교	NNG
전주 여행	54	친구	NNG
전주 여행	54	당일치기	NNG
전주 여행	54	고등학교	NNG
전주 여행	54	학년	NNG
전주 여행	54	친구	NNG
전주 여행	54	당일	NNG
전주 여행	54	예정	NNG
전주 여행	54	부모	NNG
전주 여행	54	말씀	NNG
전주 여행	54	허락	NNG
전주 여행	54	고등학교	NNG
전주 여행	54	시절	NNG
전주 여행	54	친구	NNG
전주 여행	54	추억	NNG
전주 여행	55	휴가	NNG
전주 여행	55	코스	NNG
전주 여행	55	추천	NNG
전주 여행	55	일정	NNG
전주 여행	55	참고	NNG
전주 여행	55	제시	NNG
전주 여행	55	일정	NNG
전주 여행	55	조정	NNG
전주 여행	55	음식점	NNG
전주 여행	55	웨이팅	NNG
전주 여행	55	시간	NNG
전주 여행	55	방문	NNG
전주 여행	55	시간	NNG
전주 여행	55	요일	NNG
전주 여행	55	참고	NNG
전주 여행	56	여자	NNG
전주 여행	56	질문	NNG
전주 여행	56	다음	NNG
전주 여행	56	일정	NNG
전주 여행	56	추천	NNG
전주 여행	56	한옥마을	NNP
전주 여행	56	전통	NNG
전주 여행	56	한옥	NNG
전주 여행	56	건물	NNG
전주 여행	56	전통	NNG
전주 여행	56	문화	NNG
전주 여행	56	경험	NNG
전주 여행	56	향교	NNP
전주 여행	56	조선	NNP
전주 여행	56	시대	NNG
전주 여행	56	교육	NNG
전주 여행	56	기관	NNG
전주 여행	56	향교	NNG
전주 여행	56	남부	NNG
전주 여행	56	시장	NNG
전주 여행	56	주의	NNG
전주 여행	57	코스	NNG
전주 여행	57	안녕	NNG
전주 여행	57	가족	NNG
전주 여행	57	당장	NNG
전주 여행	57	이번	NNG
전주 여행	57	금요일	NNG
전주 여행	57	숙소	NNG
전주 여행	57	호텔	NNG
전주 여행	57	한옥마을	NNP
전주 여행	57	카페	NNG
전주 여행	57	투어	NNG
전주 여행	57	코스	NNG
전주 여행	57	스로	NNG
전주 여행	58	대둔산	NNP
전주 여행	58	케이블카	NNG
전주 여행	58	주말	NNG
전주 여행	58	사람	NNG
전주 여행	58	코스	NNG
전주 여행	58	추천	NNG
전주 여행	58	맛집	NNG
전주 여행	58	국내	NNG
전주 여행	58	주달	NNG
전주 여행	58	티비	NNG
전주 여행	58	코스	NNG
전주 여행	58	여수	NNG
전주 여행	58	여수	NNG
전주 여행	58	제주	NNP
전주 여행	58	제주도	NNP
전주 여행	58	전문	NNG
전주 여행	59	코스	NNG
전주 여행	59	복귀	NNG
전주 여행	59	지난주	NNG
전주 여행	59	당일	NNG
전주 여행	59	코스	NNG
전주 여행	59	주말	NNG
전주 여행	59	관광지	NNG
전주 여행	59	사람	NNG
전주 여행	59	생각	NNG
전주 여행	59	최소한	NNG
전주 여행	60	한옥마을	NNP
전주 여행	60	당일치기	NNG
전주 여행	60	질문	NNG
전주 여행	60	여수	NNP
전주 여행	60	제주도	NNP
전주 여행	60	맛집	NNG
전주 여행	60	주달	NNG
전주 여행	60	티비	NNG
전주 여행	60	코스	NNG
전주 여행	60	여수	NNG
전주 여행	60	여수	NNG
전주 여행	60	제주	NNP
전주 여행	60	제주도	NNP
전주 여행	60	전문	NNG
전주 여행	60	언서	NNG
전주 여행	60	주달	NNG
전주 여행	60	봉이	NNG
전주 여행	60	흐노	NNP
전주 여행	60	전망	NNG
전주 여행	61	혼자	NNG
전주 여행	61	사람	NNG
전주 여행	61	맛집	NNG
전주 여행	61	중순	NNG
전주 여행	61	계절	NNG
전주 여행	61	현재	NNG
전주 여행	61	코로나	NNP
전주 여행	61	여행객	NNG
전주 여행	61	사람	NNG
전주 여행	61	예상	NNG
전주 여행	61	맛집	NNG
전주 여행	62	이번	NNG
전주 여행	62	친구	NNG
전주 여행	62	답장	NNG
전주 여행	62	감사	NNG
전주 여행	62	여수	NNP
전주 여행	62	왕복	NNG
전주 여행	62	기차표	NNG
전주 여행	62	얼마	NNG
전주 여행	62	주가	NNG
전주 여행	63	월요일	NNG
전주 여행	63	휴무	NNG
전주 여행	63	맛집	NNG
전주 여행	63	국내	NNG
전주 여행	63	주달	NNG
전주 여행	63	티비	NNG
전주 여행	63	코스	NNG
전주 여행	63	여수	NNG
전주 여행	63	여수	NNG
전주 여행	63	제주	NNP
전주 여행	63	제주도	NNP
전주 여행	63	전문	NNG
전주 여행	63	언서	NNG
전주 여행	63	주달	NNG
전주 여행	63	봉이	NNG
전주 여행	63	걱정	NNG
전주 여행	63	대부분	NNG
전주 여행	63	오픈	NNG
전주 여행	64	당일치기	NNG
전주 여행	64	부모	NNG
전주 여행	64	맛집	NNG
전주 여행	64	국내	NNG
전주 여행	64	주달	NNG
전주 여행	64	티비	NNG
전주 여행	64	코스	NNG
전주 여행	64	여수	NNG
전주 여행	64	여수	NNG
전주 여행	64	제주	NNP
전주 여행	64	제주도	NNP
전주 여행	64	전문	NNG
전주 여행	64	언서	NNG
전주 여행	64	주달	NNG
전주 여행	64	봉이	NNG
전주 여행	64	바다	NNP
전주 여행	64	군산	NNP
전주 여행	64	새만금	NNP
전주 여행	65	갈만	NNG
전주 여행	65	숙소	NNG
전주 여행	65	한옥마을	NNP
전주 여행	65	게스트	NNP
전주 여행	65	하우스	NNP
전주 여행	65	안녕	NNG
전주 여행	65	가족	NNG
전주 여행	65	한옥마을	NNP
전주 여행	65	이번	NNG
전주 여행	65	기회	NNG
전주 여행	65	전라도	NNP
전주 여행	65	음식	NNG
전주 여행	65	전라도	NNP
전주 여행	65	대표	NNG
전주 여행	65	음식	NNG
전주 여행	65	맛집	NNG
전주 여행	66	코스	NNG
전주 여행	66	추천	NNG
전주 여행	66	코스	NNG
전주 여행	66	추천	NNG
전주 여행	66	여수	NNP
전주 여행	66	맛집	NNG
전주 여행	66	여수	NNG
전주 여행	66	주달	NNG
전주 여행	66	티비	NNG
전주 여행	66	코스	NNG
전주 여행	66	여수	NNG
전주 여행	66	여수	NNG
전주 여행	66	언서	NNG
전주 여행	66	주달	NNG
전주 여행	66	봉이	NNG
전주 여행	66	코스	NNG
전주 여행	66	대부분	NNG
전주 여행	66	한옥	NNG
전주 여행	66	마을	NNG
전주 여행	66	시작	NNG
전주 여행	67	볼거리	NNG
전주 여행	67	이번	NNG
전주 여행	67	거리	NNG
전주 여행	67	맛집	NNG
전주 여행	67	추천	NNG
전주 여행	67	한옥마을	NNP
전주 여행	67	동물원	NNP
전주 여행	67	한국도로공사	NNP
전주 여행	67	수목원	NNG
전주 여행	67	덕진	NNP
전주 여행	67	공원	NNG
전주 여행	67	난장	NNG
전주 여행	68	카페	NNP
전주 여행	68	추천	NNG
전주 여행	68	맛집	NNG
전주 여행	68	국내	NNG
전주 여행	68	주달	NNG
전주 여행	68	티비	NNG
전주 여행	68	코스	NNG
전주 여행	68	여수	NNG
전주 여행	68	여수	NNG
전주 여행	68	제주	NNP
전주 여행	68	제주도	NNP
전주 여행	68	전문	NNG
전주 여행	68	언서	NNG
전주 여행	68	주달	NNG
전주 여행	68	봉이	NNG
전주 여행	68	주이	NNG
전주 여행	68	바다	NNG
전주 여행	69	가족	NNG
전주 여행	69	코스	NNG
전주 여행	69	맛집	NNG
전주 여행	69	국내	NNG
전주 여행	69	주달	NNG
전주 여행	69	티비	NNG
전주 여행	69	코스	NNG
전주 여행	69	여수	NNG
전주 여행	69	여수	NNG
전주 여행	69	제주	NNP
전주 여행	69	제주도	NNP
전주 여행	69	전문	NNG
전주 여행	69	언서	NNG
전주 여행	69	주달	NNG
전주 여행	69	봉이	NNG
전주 여행	69	코스	NNG
전주 여행	69	한옥	NNG
전주 여행	69	마을	NNG
전주 여행	70	코스	NNG
전주 여행	70	일정	NNG
전주 여행	70	추천	NNG
전주 여행	70	부탁	NNG
전주 여행	70	토요일	NNG
전주 여행	70	하루	NNG
전주 여행	70	일정	NNG
전주 여행	70	수정	NNG
전주 여행	70	필요	NNG
전주 여행	70	부분	NNG
전주 여행	70	인근	NNG
전주 여행	70	맛집	NNG
전주 여행	70	의견	NNG
전주 여행	70	부탁	NNG
전주 여행	70	맛집	NNG
전주 여행	70	국내	NNG
전주 여행	70	주달	NNG
전주 여행	70	티비	NNG
전주 여행	70	코스	NNG
전주 여행	70	여수	NNG
전주 여행	70	여수	NNG
전주 여행	70	제주	NNP
전주 여행	71	한옥	NNG
전주 여행	71	마을	NNG
전주 여행	71	근처	NNG
전주 여행	71	숙박	NNG
전주 여행	71	맛집	NNG
전주 여행	71	버스	NNG
전주 여행	71	택시	NNG
전주 여행	71	추천	NNG
전주 여행	72	코스	NNG
전주 여행	72	아침	NNG
전주 여행	72	현대	NNG
전주 여행	72	본점	NNG
전주 여행	72	점심	NNG
전주 여행	72	비빔	NNG
전주 여행	72	소리	NNG
전주 여행	72	대옥	NNG
전주 여행	72	비빔	NNG
전주 여행	72	소리	NNG
전주 여행	72	중간	NNG
전주 여행	72	구경	NNG
전주 여행	72	갈만	NNG
전주 여행	72	맛집	NNG
전주 여행	72	국내	NNG
전주 여행	72	주달	NNG
전주 여행	72	티비	NNG
전주 여행	72	코스	NNG
전주 여행	73	전라도	NNP
전주 여행	73	예정	NNG
전주 여행	73	추천	NNG
전주 여행	73	체험	NNG
전주 여행	73	구용	NNG
전주 여행	73	추천	NNG
전주 여행	73	한옥마을	NNP
전주 여행	74	참고	NNG
전주 여행	74	계획	NNG
전주 여행	74	추천	NNG
전주 여행	74	한국	NNP
전주 여행	74	도로공사	NNP
전주 여행	74	수목원	NNG
전주 여행	74	동물원	NNP
전주 여행	74	자만	NNP
전주 여행	74	마을	NNG
전주 여행	74	벽화	NNG
전주 여행	74	갤러리	NNG
전주 여행	74	국립	NNG
전주 여행	74	주박	NNG
전주 여행	74	물관	NNG
전주 여행	75	코스	NNG
전주 여행	75	추천	NNG
전주 여행	75	코스	NNG
전주 여행	75	추천	NNG
전주 여행	75	안녕	NNG
전주 여행	75	맛집	NNG
전주 여행	75	블로그	NNG
전주 여행	75	주달	NNG
전주 여행	75	봉이	NNG
전주 여행	75	대부분	NNG
전주 여행	75	코스	NNG
전주 여행	75	한옥마을	NNP
전주 여행	75	경기전	NNG
전주 여행	75	남부	NNG
전주 여행	75	시장	NNG
전주 여행	75	시장	NNG
전주 여행	75	벽화	NNG
전주 여행	75	마을	NNG
전주 여행	75	전동성당	NNP
전주 여행	75	향교	NNG
전주 여행	75	목대	NNG
전주 여행	75	추가	NNG
전주 여행	76	코스	NNG
전주 여행	76	동선	NNG
전주 여행	76	숙소	NNG
전주 여행	76	완산구	NNP
전주 여행	76	서신동	NNP
전주 여행	76	맛집	NNG
전주 여행	76	국내	NNG
전주 여행	76	주달	NNG
전주 여행	76	티비	NNG
전주 여행	76	코스	NNG
전주 여행	76	여수	NNG
전주 여행	76	여수	NNG
전주 여행	76	제주	NNP
전주 여행	76	제주도	NNP
전주 여행	76	전문	NNG
전주 여행	76	언서	NNG
전주 여행	76	주달	NNG
전주 여행	76	봉이	NNG
전주 여행	76	한옥마을	NNP
전주 여행	77	크리스마스	NNG
전주 여행	77	당일치기	NNG
전주 여행	77	고등학생	NNG
전주 여행	77	정도	NNG
전주 여행	77	답변	NNG
전주 여행	77	대학	NNG
전주 여행	77	투어	NNG
전주 여행	77	공연	NNG
전주 여행	77	연극	NNG
전주 여행	77	추천	NNG
전주 여행	78	전라도	NNP
전주 여행	78	사투리	NNG
전주 여행	78	억양	NNG
전주 여행	78	거북	NNG
전주 여행	78	사람	NNG
전주 여행	78	전라도	NNP
전주 여행	78	사투리	NNG
전주 여행	78	의외	NNG
전주 여행	78	전라북도	NNP
전주 여행	78	전주시	NNP
전주 여행	79	코스	NNG
전주 여행	79	추천	NNG
전주 여행	79	조언	NNG
전주 여행	79	한옥마을	NNP
전주 여행	79	경기전	NNG
전주 여행	79	난장	NNG
전주 여행	79	국립	NNG
전주 여행	79	박물관	NNG
전주 여행	79	동물원	NNG
전주 여행	79	이동	NNG
전주 여행	79	수단	NNG
전주 여행	79	자동차	NNG
전주 여행	79	맛집	NNG
전주 여행	79	국내	NNG
전주 여행	79	주달	NNG
전주 여행	79	티비	NNG
전주 여행	79	코스	NNG
전주 여행	79	여수	NNG
전주 여행	79	여수	NNG
전주 여행	79	제주	NNP
전주 여행	80	한옥	NNG
전주 여행	80	마을	NNG
전주 여행	80	근처	NNG
전주 여행	80	이용	NNG
전주 여행	80	장소	NNG
전주 여행	80	장소	NNG
전주 여행	80	운송	NNG
전주 여행	80	가능	NNG
전주 여행	80	가격	NNG
전주 여행	80	실시간	NNG
전주 여행	80	주문	NNG
전주 여행	80	현황	NNG
전주 여행	80	확인	NNG
전주 여행	80	가능	NNG
전주 여행	80	편리	NNG
전주 여행	80	이용	NNG
전주 여행	80	가능	NNG
전주 여행	80	참고	NNG
전주 여행	81	일정	NNG
전주 여행	81	이번	NNG
전주 여행	81	소요	NNG
전주 여행	81	시간	NNG
전주 여행	81	한옥마을	NNP
전주 여행	81	초코파이	NNP
전주 여행	81	체험	NNG
전주 여행	81	수목원	NNG
전주 여행	81	랜드	NNG
전주 여행	81	이동	NNG
전주 여행	81	시간	NNG
전주 여행	81	부탁	NNG
전주 여행	81	한옥마을	NNP
전주 여행	81	초코파이	NNP
전주 여행	81	체험	NNG
전주 여행	82	이번	NNG
전주 여행	82	태교	NNG
전주 여행	82	강아지	NNG
전주 여행	82	맛집	NNG
전주 여행	82	국내	NNG
전주 여행	82	주달	NNG
전주 여행	82	티비	NNG
전주 여행	82	코스	NNG
전주 여행	82	여수	NNG
전주 여행	82	여수	NNG
전주 여행	82	제주	NNP
전주 여행	82	제주도	NNP
전주 여행	82	전문	NNG
전주 여행	82	언서	NNG
전주 여행	82	주달	NNG
전주 여행	82	봉이	NNG
전주 여행	82	숙소	NNG
전주 여행	82	바닷가	NNG
전주 여행	83	추천	NNG
전주 여행	83	추천	NNG
전주 여행	83	주식	NNG
전주 여행	83	문화	NNG
전주 여행	83	전일	NNG
전주 여행	83	슈퍼	NNG
전주 여행	83	주만	NNP
전주 여행	83	문화	NNG
전주 여행	83	피큐어	NNP
전주 여행	83	평점	NNG
전주 여행	83	전주식	NNP
전주 여행	83	한정식	NNP
전주 여행	83	최고봉	NNP
전주 여행	83	수구	NNP
전주 여행	83	전라	NNP
전주 여행	83	회관	NNG
전주 여행	83	전주비빔밥	NNG
전주 여행	83	최고봉	NNG
전주 여행	83	고궁	NNG
전주 여행	83	성미	NNG
전주 여행	83	토종	NNG
전주 여행	83	명품	NNG
전주 여행	83	사용	NNG
전주 여행	83	리의	NNG
전주 여행	84	혼자	NNG
전주 여행	84	코스	NNG
전주 여행	84	질문	NNG
전주 여행	84	정보	NNG
전주 여행	84	정리	NNG
전주 여행	84	참고	NNG
전주 여행	84	덕진	NNP
전주 여행	84	공원	NNG
전주 여행	84	추천	NNP
전주 여행	84	덕진	NNP
전주 여행	84	공원	NNG
전주 여행	84	터미널	NNG
전주 여행	84	산책	NNG
전주 여행	84	호수	NNG
전주 여행	84	공원	NNG
전주 여행	84	덕진	NNP
전주 여행	84	공원	NNG
전주 여행	84	생략	NNG
전주 여행	84	남부	NNG
전주 여행	84	시장	NNG
전주 여행	85	맛집	NNG
전주 여행	85	국내	NNG
전주 여행	85	주달	NNG
전주 여행	85	티비	NNG
전주 여행	85	코스	NNG
전주 여행	85	여수	NNG
전주 여행	85	여수	NNG
전주 여행	85	제주	NNP
전주 여행	85	제주도	NNP
전주 여행	85	전문	NNG
전주 여행	85	언서	NNG
전주 여행	85	주달	NNG
전주 여행	85	봉이	NNG
전주 여행	85	코스	NNG
전주 여행	85	한옥	NNG
전주 여행	85	마을	NNG
전주 여행	85	시작	NNG
전주 여행	86	부모	NNG
전주 여행	86	정보	NNG
전주 여행	86	숙소	NNG
전주 여행	86	관광지	NNG
전주 여행	86	추천	NNG
전주 여행	86	부탁	NNG
전주 여행	86	맛집	NNG
전주 여행	86	국내	NNG
전주 여행	86	주달	NNG
전주 여행	86	티비	NNG
전주 여행	86	코스	NNG
전주 여행	86	여수	NNG
전주 여행	87	코스	NNG
전주 여행	87	복귀	NNG
전주 여행	87	지난주	NNG
전주 여행	87	당일	NNG
전주 여행	87	코스	NNG
전주 여행	87	주말	NNG
전주 여행	87	관광지	NNG
전주 여행	87	사람	NNG
전주 여행	87	생각	NNG
전주 여행	87	최소한	NNG
전주 여행	88	당일치기	NNG
전주 여행	88	질문	NNG
전주 여행	88	맛집	NNG
전주 여행	88	국내	NNG
전주 여행	88	주달	NNG
전주 여행	88	티비	NNG
전주 여행	88	코스	NNG
전주 여행	88	여수	NNG
전주 여행	88	여수	NNG
전주 여행	88	제주	NNP
전주 여행	88	제주도	NNP
전주 여행	88	전문	NNG
전주 여행	88	언서	NNG
전주 여행	88	주달	NNG
전주 여행	88	봉이	NNG
전주 여행	88	기지	NNG
전주 여행	88	산책	NNG
전주 여행	88	저녁	NNG
전주 여행	89	코스	NNG
전주 여행	89	추천	NNG
전주 여행	89	부탁	NNG
전주 여행	89	남자	NNG
전주 여행	89	친구	NNG
전주 여행	89	생일	NNG
전주 여행	89	처음	NNG
전주 여행	89	코스	NNG
전주 여행	89	추천	NNG
전주 여행	89	숙소	NNG
전주 여행	89	한옥마을	NNP
전주 여행	89	도보	NNP
전주 여행	89	거리	NNG
전주 여행	89	자차	NNG
전주 여행	89	이동은	NNP
전주 여행	89	문제	NNG
전주 여행	89	맛집	NNG
전주 여행	89	추천	NNG
전주 여행	89	부탁	NNG
전주 여행	89	안녕	NNG
전주 여행	90	한옥	NNG
전주 여행	90	마을	NNG
전주 여행	90	남자	NNG
전주 여행	90	혼자	NNG
전주 여행	90	예정	NNG
전주 여행	90	욕조	NNG
전주 여행	90	무리	NNG
전주 여행	90	질문	NNG
전주 여행	90	맛집	NNG
전주 여행	90	국내	NNG
전주 여행	90	주달	NNG
전주 여행	90	티비	NNG
전주 여행	90	코스	NNG
전주 여행	90	여수	NNG
전주 여행	90	여수	NNG
전주 여행	90	제주	NNP
전주 여행	90	제주도	NNP
전주 여행	90	전문	NNG
전주 여행	90	언서	NNG
전주 여행	91	렌트	NNG
전주 여행	91	렌트	NNG
전주 여행	91	안녕	NNG
전주 여행	91	려인	NNG
전주 여행	91	애견	NNG
전주 여행	91	동반	NNG
전주 여행	91	플랫	NNG
전주 여행	91	하트	NNG
전주 여행	91	도시	NNG
전주 여행	91	택시	NNG
전주 여행	91	이동	NNG
전주 여행	91	불편	NNG
전주 여행	91	답변	NNG
전주 여행	91	도움	NNG
전주 여행	91	채택	NNG
전주 여행	92	코스	NNG
전주 여행	92	질문	NNG
전주 여행	92	이상	NNG
전주 여행	92	문의	NNG
전주 여행	92	통상	NNG
전주 여행	92	안내	NNG
전주 여행	92	정보	NNG
전주 여행	92	질문	NNG
전주 여행	92	요약	NNG
전주 여행	92	사이트	NNG
전주 여행	92	예약	NNG
전주 여행	92	오전	NNG
전주 여행	93	코스	NNG
전주 여행	93	질문	NNG
전주 여행	93	내공	NNG
전주 여행	93	부산	NNP
전주 여행	93	자차	NNG
전주 여행	93	버스	NNG
전주 여행	93	위주	NNG
전주 여행	93	버스	NNG
전주 여행	93	정도	NNG
전주 여행	93	지역	NNG
전주 여행	94	코스	NNG
전주 여행	94	추천	NNG
전주 여행	94	코스	NNG
전주 여행	94	추천	NNG
전주 여행	94	세염	NNG
전주 여행	94	동물원	NNP
전주 여행	94	한옥마을	NNP
전주 여행	94	덕진	NNP
전주 여행	94	연못	NNG
전주 여행	94	가보세요	NNG
전주 여행	95	코스	NNG
전주 여행	95	당일치기	NNG
전주 여행	95	코스	NNG
전주 여행	95	동물원	NNG
전주 여행	95	한옥마을	NNP
전주 여행	95	수목원	NNG
전주 여행	95	팔복	NNG
전주 여행	95	예술	NNG
전주 여행	95	공장	NNG
전주 여행	95	랜드	NNG
전주 여행	95	당일치기	NNG
전주 여행	95	코스	NNG
전주 여행	95	자가용	NNG
전주 여행	95	이동	NNG
전주 여행	95	아래	NNG
전주 여행	95	코스	NNG
전주 여행	95	시간	NNG
전주 여행	96	코스	NNG
전주 여행	96	질문	NNG
전주 여행	96	코스	NNG
전주 여행	96	관련	NNG
전주 여행	96	답변	NNG
전주 여행	96	가족	NNG
전주 여행	96	계획	NNG
전주 여행	96	추천	NNG
전주 여행	96	명소	NNG
전주 여행	96	맛집	NNG
전주 여행	96	포함	NNG
전주 여행	96	맞춤	NNG
전주 여행	96	코스	NNG
전주 여행	96	준비	NNG
전주 여행	96	아래	NNG
전주 여행	96	첨부	NNG
전주 여행	96	일정	NNG
전주 여행	97	당일치기	NNG
전주 여행	97	코스	NNG
전주 여행	97	처음	NNG
전주 여행	97	한옥	NNG
전주 여행	97	마을	NNG
전주 여행	97	한복	NNG
전주 여행	97	한옥마을	NNP
전주 여행	97	전동성당	NNP
전주 여행	97	경기전	NNG
전주 여행	97	자만	NNG
전주 여행	97	벽화	NNG
전주 여행	97	마을	NNG
전주 여행	97	한옥마을	NNP
전주 여행	98	초등	NNG
전주 여행	98	아이	NNG
전주 여행	98	코스	NNG
전주 여행	98	맛집	NNG
전주 여행	98	추천	NNG
전주 여행	98	부탁	NNG
전주 여행	98	아이	NNG
전주 여행	98	계획	NNG
전주 여행	98	아이	NNG
전주 여행	98	추천	NNG
전주 여행	98	한옥마을	NNP
전주 여행	98	계획	NNG
전주 여행	98	장소	NNG
전주 여행	98	한옥마을	NNP
전주 여행	98	한복	NNG
전주 여행	98	한옥마을	NNP
전주 여행	98	사진	NNG
전주 여행	99	코스	NNG
전주 여행	99	코스	NNG
전주 여행	99	추천	NNG
전주 여행	99	전문	NNG
전주 여행	99	블로거	NNP
전주 여행	99	쭈니	NNP
전주 여행	99	아빠	NNG
전주 여행	99	방학	NNG
전주 여행	99	친구	NNG
전주 여행	99	준비	NNG
전주 여행	99	한옥마을	NNP
전주 여행	99	중심	NNG
전주 여행	99	터미널	NNG
전주 여행	99	버스	NNG
전주 여행	99	한옥	NNG
전주 여행	99	마을	NNG
전주 여행	100	순서	NNG
전주 여행	100	덕진	NNP
전주 여행	100	공원	NNG
전주 여행	100	동물원	NNG
전주 여행	100	한옥	NNG
전주 여행	100	마을	NNG
전주 여행	100	남부	NNG
전주 여행	100	시장	NNG
전주 여행	100	시외버스	NNG
전주 여행	100	공용	NNG
전주 여행	100	터미널	NNG
전주 여행	100	순서	NNG
전주 여행	100	근처	NNG
전주 여행	100	바닷가	NNG
전주 여행	100	구경	NNG
전주 여행	101	사람	NNG
전주 여행	101	호텔	NNG
전주 여행	101	가격	NNG
전주 여행	101	얼마	NNG
전주 여행	101	정도	NNG
전주 여행	101	맛집	NNG
전주 여행	101	카페	NNG
전주 여행	101	추천	NNG
전주 여행	101	계획	NNG
전주 여행	101	한옥	NNG
전주 여행	101	마을	NNG
전주 여행	101	근처	NNG
전주 여행	102	관련	NNG
전주 여행	102	질문	NNG
전주 여행	102	계획	NNG
전주 여행	102	선택	NNG
전주 여행	102	한옥마을	NNP
전주 여행	102	자연	NNG
전주 여행	102	경관	NNG
전주 여행	102	음식	NNG
전주 여행	102	동네	NNG
전주 여행	102	시간	NNG
전주 여행	102	한옥	NNG
전주 여행	102	마을	NNG
전주 여행	102	근처	NNG
전주 여행	102	장소	NNG
전주 여행	103	여학생	NNG
전주 여행	103	친구	NNG
전주 여행	103	안녕	NNG
전주 여행	103	여학생	NNG
전주 여행	103	친구	NNG
전주 여행	103	일본	NNP
전주 여행	103	애니	NNP
전주 여행	103	오타쿠	NNP
전주 여행	103	갈만	NNG
전주 여행	104	부모	NNG
전주 여행	104	부모	NNG
전주 여행	104	명소	NNG
전주 여행	104	식당	NNG
전주 여행	104	추천	NNG
전주 여행	104	부탁	NNG
전주 여행	104	한옥마을	NNP
전주 여행	104	완산구	NNP
전주 여행	104	덕진구	NNP
전주 여행	104	추억	NNG
전주 여행	104	장소	NNG
전주 여행	105	이번	NNG
전주 여행	105	여자	NNG
전주 여행	105	친구	NNG
전주 여행	105	경로	NNG
전주 여행	105	토요일	NNG
전주 여행	105	실내	NNG
전주 여행	105	데이트	NNG
전주 여행	105	가능	NNG
전주 여행	105	감사	NNG
전주 여행	105	숙소	NNG
전주 여행	105	한옥	NNG
전주 여행	105	마을	NNG
전주 여행	105	근처	NNG
전주 여행	105	한옥마을	NNP
전주 여행	105	구경	NNG
전주 여행	106	저녁	NNG
전주 여행	106	주천	NNG
전주 여행	106	산책	NNG
전주 여행	106	한옥	NNG
전주 여행	106	마을	NNG
전주 여행	106	근처	NNG
전주 여행	106	야경	NNG
전주 여행	106	일정	NNG
전주 여행	106	관심	NNG
전주 여행	106	테마	NNG
전주 여행	106	사진	NNG
전주 여행	106	카페	NNG
전주 여행	106	체험	NNG
전주 여행	106	추천	NNG
전주 여행	107	코스	NNG
전주 여행	107	추천	NNG
전주 여행	107	영화제	NNG
전주 여행	107	기간	NNG
전주 여행	107	일정	NNG
전주 여행	107	코스	NNG
전주 여행	107	추천	NNG
전주 여행	107	주목적	NNG
전주 여행	107	전주국	NNG
전주 여행	107	영화제	NNG
전주 여행	107	알짜배기	NNG
전주 여행	107	추천	NNG
전주 여행	108	커플	NNG
전주 여행	108	추천	NNG
전주 여행	108	숙소	NNG
전주 여행	108	거리	NNG
전주 여행	108	맛집	NNG
전주 여행	108	추천	NNG
전주 여행	108	감사	NNG
전주 여행	108	한옥마을	NNP
전주 여행	108	답변	NNG
전주 여행	108	도움	NNG
전주 여행	108	한옥마을	NNP
전주 여행	108	한옥마을	NNP
전주 여행	108	맛집	NNG
전주 여행	108	추천	NNG
전주 여행	109	추석	NNG
전주 여행	109	그때	NNG
전주 여행	109	한옥마을	NNP
전주 여행	109	관광지	NNG
전주 여행	109	추석	NNG
전주 여행	109	당일	NNG
전주 여행	109	이벤트	NNG
전주 여행	109	진행	NNG
전주 여행	109	한국	NNP
전주 여행	109	관광공사	NNP
전주 여행	109	숙박	NNG
전주 여행	109	세일	NNG
전주 여행	109	페스타	NNP
전주 여행	109	이벤트	NNG
전주 여행	109	진행	NNG
전주 여행	110	연령	NNG
전주 여행	110	렌트카	NNG
전주 여행	110	추천	NNG
전주 여행	110	이번	NNG
전주 여행	110	연령	NNG
전주 여행	110	자동차	NNG
전주 여행	110	추천	NNG
전주 여행	110	부탁	NNG
전주 여행	110	가격	NNG
전주 여행	110	렌트	NNG
전주 여행	110	정도	NNG
전주 여행	110	이상	NNG
전주 여행	110	렌트	NNG
전주 여행	110	가능	NNG
전주 여행	110	자동차	NNG
전주 여행	110	가격	NNG
전주 여행	111	포항	NNP
전주 여행	111	포항	NNP
전주 여행	111	기차	NNG
전주 여행	111	버스	NNG
전주 여행	111	안녕	NNG
전주 여행	111	포항	NNP
전주 여행	111	기차	NNG
전주 여행	111	버스	NNG
전주 여행	111	장단점	NNG
전주 여행	111	방법	NNG
전주 여행	111	결정	NNG
전주 여행	111	요소	NNG
전주 여행	111	고려	NNG
전주 여행	111	필요	NNG
전주 여행	112	펜션	NNG
전주 여행	112	한옥	NNG
전주 여행	112	이번	NNG
전주 여행	112	남자	NNG
전주 여행	112	친구	NNG
전주 여행	112	펜션	NNG
전주 여행	112	한옥	NNG
전주 여행	112	마을	NNG
전주 여행	112	근처	NNG
전주 여행	112	한옥	NNG
전주 여행	112	펜션	NNG
전주 여행	112	내부	NNG
전주 여행	112	정감	NNG
전주 여행	112	분위기	NNG
전주 여행	112	답변	NNG
전주 여행	112	부탁	NNG
전주 여행	113	주세요	NNP
전주 여행	113	한옥마을	NNP
전주 여행	113	완산구	NNP
전주 여행	113	덕진구	NNP
전주 여행	113	추억	NNG
전주 여행	113	장소	NNG
전주 여행	113	완산구	NNP
전주 여행	113	덕진구	NNP
전주 여행	113	여행지	NNG
전주 여행	114	엄마	NNG
전주 여행	114	계획	NNG
전주 여행	114	답변	NNG
전주 여행	114	부탁	NNG
전주 여행	114	기차	NNG
전주 여행	114	고속버스	NNG
전주 여행	114	도착	NNG
전주 여행	114	관광	NNG
전주 여행	114	이용	NNG
전주 여행	114	교통수단	NNG
전주 여행	114	숙소	NNG
전주 여행	114	추천	NNG
전주 여행	114	서울	NNP
전주 여행	115	당일치기	NNG
전주 여행	115	당일치기	NNG
전주 여행	115	계획	NNG
전주 여행	115	주역	NNP
전주 여행	115	한옥마을	NNP
전주 여행	115	방법	NNG
전주 여행	115	당일치기	NNG
전주 여행	115	코스	NNG
전주 여행	115	주역	NNP
전주 여행	115	한옥마을	NNP
전주 여행	115	방법	NNG
전주 여행	115	택시	NNG
전주 여행	115	버스	NNG
전주 여행	115	주역	NNP
전주 여행	115	한옥마을	NNP
전주 여행	115	택시	NNG
전주 여행	116	경비	NNG
전주 여행	116	보통	NNG
전주 여행	116	경비	NNG
전주 여행	116	얼마	NNG
전주 여행	116	정도	NNG
전주 여행	116	숙소	NNG
전주 여행	116	질문	NNG
전주 여행	116	도움	NNG
전주 여행	116	답변	NNG
전주 여행	116	예산	NNG
전주 여행	116	내외	NNG
전주 여행	116	숙소	NNG
전주 여행	117	커플	NNG
전주 여행	117	도움	NNG
전주 여행	117	남자	NNG
전주 여행	117	친구	NNG
전주 여행	117	이용	NNG
전주 여행	117	이용	NNG
전주 여행	117	요소	NNG
전주 여행	117	고려	NNG
전주 여행	117	교통	NNG
전주 여행	117	체증	NNG
전주 여행	117	예상	NNG
전주 여행	117	날짜	NNG
전주 여행	117	이용	NNG
전주 여행	117	남자	NNG
전주 여행	117	친구	NNG
전주 여행	118	여행지	NNG
전주 여행	118	맛집	NNG
전주 여행	118	추천	NNG
전주 여행	118	보리암	NNP
전주 여행	118	다랭이	NNG
전주 여행	118	독일	NNP
전주 여행	118	마을	NNG
전주 여행	118	한옥마을	NNP
전주 여행	118	맛집	NNG
전주 여행	118	추천	NNG
전주 여행	118	추천	NNG
전주 여행	118	맛집	NNG
전주 여행	119	추천	NNG
전주 여행	119	맛집	NNG
전주 여행	119	국내	NNG
전주 여행	119	주달	NNG
전주 여행	119	티비	NNG
전주 여행	119	코스	NNG
전주 여행	119	여수	NNG
전주 여행	119	여수	NNG
전주 여행	119	제주	NNP
전주 여행	119	제주도	NNP
전주 여행	119	전문	NNG
전주 여행	119	언서	NNG
전주 여행	119	주달	NNG
전주 여행	119	봉이	NNG
전주 여행	119	코스	NNG
전주 여행	119	한옥	NNG
전주 여행	119	마을	NNG
전주 여행	120	코스	NNG
전주 여행	120	질문	NNG
전주 여행	120	코스	NNG
전주 여행	120	전라도	NNP
전주 여행	120	맛집	NNG
전주 여행	120	국내	NNG
전주 여행	120	주달	NNG
전주 여행	120	티비	NNG
전주 여행	120	코스	NNG
전주 여행	120	여수	NNG
전주 여행	120	여수	NNG
전주 여행	120	제주	NNP
전주 여행	120	제주도	NNP
전주 여행	120	전문	NNG
전주 여행	120	언서	NNG
전주 여행	121	비용	NNG
전주 여행	121	얼마	NNG
전주 여행	121	비용	NNG
전주 여행	121	요소	NNG
전주 여행	121	일반	NNG
전주 여행	121	다음	NNG
전주 여행	121	항목	NNG
전주 여행	121	포함	NNG
전주 여행	121	교통비	NNG
전주 여행	121	이동	NNG
전주 여행	121	교통	NNG
전주 여행	121	비용	NNG
전주 여행	122	코스	NNG
전주 여행	122	맛집	NNG
전주 여행	122	국내	NNG
전주 여행	122	주달	NNG
전주 여행	122	티비	NNG
전주 여행	122	코스	NNG
전주 여행	122	여수	NNG
전주 여행	122	여수	NNG
전주 여행	122	제주	NNP
전주 여행	122	제주도	NNP
전주 여행	122	전문	NNG
전주 여행	122	언서	NNG
전주 여행	122	주달	NNG
전주 여행	122	봉이	NNG
전주 여행	122	코스	NNG
전주 여행	122	한옥	NNG
전주 여행	122	마을	NNG
전주 여행	122	시작	NNG
전주 여행	123	당일치기	NNG
전주 여행	123	혼자	NNG
전주 여행	123	코스	NNG
전주 여행	123	추천	NNG
전주 여행	123	박물관	NNG
전주 여행	123	미술관	NNG
전주 여행	123	지역	NNG
전주 여행	123	공간	NNG
전주 여행	123	스토리	NNG
전주 여행	123	안내	NNG
전주 여행	123	해설	NNG
전주 여행	123	문화	NNG
전주 여행	123	코스	NNG
전주 여행	123	방지	NNG
전주 여행	123	예약금	NNG
전주 여행	123	결제	NNG
전주 여행	123	현장	NNG
전주 여행	123	상당	NNG
전주 여행	123	음료	NNG
전주 여행	123	기프	NNP
전주 여행	123	환급	NNG
전주 여행	123	선착순	NNG
전주 여행	123	마감	NNG
전주 여행	123	계획	NNG
전주 여행	124	필요	NNG
전주 여행	124	가요	NNG
전주 여행	124	안녕	NNG
전주 여행	124	계획	NNG
전주 여행	124	서울	NNP
전주 여행	124	기차	NNG
전주 여행	124	렌트	NNG
전주 여행	124	참고	NNG
전주 여행	124	한옥마을	NNP
전주 여행	124	포함	NNG
전주 여행	124	유명	NNG
전주 여행	124	관광지	NNG
전주 여행	124	계획	NNG
전주 여행	124	맛집	NNG
전주 여행	124	국내	NNG
전주 여행	125	맛집	NNG
전주 여행	125	국내	NNG
전주 여행	125	주달	NNG
전주 여행	125	티비	NNG
전주 여행	125	코스	NNG
전주 여행	125	여수	NNG
전주 여행	125	여수	NNG
전주 여행	125	제주	NNP
전주 여행	125	제주도	NNP
전주 여행	125	전문	NNG
전주 여행	125	언서	NNG
전주 여행	125	주달	NNG
전주 여행	125	봉이	NNG
전주 여행	125	대중교통	NNG
전주 여행	125	택시	NNG
전주 여행	125	이용	NNG
전주 여행	126	완주	NNG
전주 여행	126	맛집	NNG
전주 여행	126	국내	NNG
전주 여행	126	주달	NNG
전주 여행	126	티비	NNG
전주 여행	126	코스	NNG
전주 여행	126	여수	NNG
전주 여행	126	여수	NNG
전주 여행	126	제주	NNP
전주 여행	126	제주도	NNP
전주 여행	126	전문	NNG
전주 여행	126	언서	NNG
전주 여행	126	주달	NNG
전주 여행	126	봉이	NNG
전주 여행	126	완주	NNP
전주 여행	127	부탁	NNG
전주 여행	127	맛집	NNG
전주 여행	127	국내	NNG
전주 여행	127	주달	NNG
전주 여행	127	티비	NNG
전주 여행	127	코스	NNG
전주 여행	127	여수	NNG
전주 여행	127	여수	NNG
전주 여행	127	제주	NNP
전주 여행	127	제주도	NNP
전주 여행	127	전문	NNG
전주 여행	127	언서	NNG
전주 여행	127	주달	NNG
전주 여행	127	봉이	NNG
전주 여행	127	코스	NNG
전주 여행	128	코스	NNG
전주 여행	128	코스	NNG
전주 여행	128	역사	NNG
전주 여행	128	유적지	NNG
전주 여행	128	전통문화	NNG
전주 여행	128	한옥마을	NNP
전주 여행	128	방문	NNG
전주 여행	128	시작	NNG
전주 여행	128	한옥	NNG
전주 여행	128	마을	NNG
전주 여행	129	대중교통	NNG
전주 여행	129	렌트카	NNG
전주 여행	129	대중교통	NNG
전주 여행	129	교통	NNG
전주 여행	129	상황	NNG
전주 여행	129	맛집	NNG
전주 여행	129	국내	NNG
전주 여행	129	주달	NNG
전주 여행	129	티비	NNG
전주 여행	129	코스	NNG
전주 여행	129	여수	NNG
전주 여행	129	여수	NNG
전주 여행	129	제주	NNP
전주 여행	130	연인	NNG
전주 여행	130	추천	NNG
전주 여행	130	한옥마을	NNP
전주 여행	130	동물원	NNP
전주 여행	130	한국도로공사	NNP
전주 여행	130	수목원	NNG
전주 여행	130	향교	NNP
전주 여행	130	덕진	NNP
전주 여행	130	공원	NNG
전주 여행	131	관련	NNG
전주 여행	131	맛집	NNG
전주 여행	131	국내	NNG
전주 여행	131	주달	NNG
전주 여행	131	티비	NNG
전주 여행	131	코스	NNG
전주 여행	131	여수	NNG
전주 여행	131	여수	NNG
전주 여행	131	제주	NNP
전주 여행	131	제주도	NNP
전주 여행	131	전문	NNG
전주 여행	131	언서	NNG
전주 여행	131	주달	NNG
전주 여행	131	봉이	NNG
전주 여행	131	주말	NNG
전주 여행	131	평일	NNG
전주 여행	132	추천	NNG
전주 여행	132	맛집	NNG
전주 여행	132	국내	NNG
전주 여행	132	주달	NNG
전주 여행	132	티비	NNG
전주 여행	132	코스	NNG
전주 여행	132	여수	NNG
전주 여행	132	여수	NNG
전주 여행	132	제주	NNP
전주 여행	132	제주도	NNP
전주 여행	132	전문	NNG
전주 여행	132	언서	NNG
전주 여행	132	주달	NNG
전주 여행	132	봉이	NNG
전주 여행	133	이번	NNG
전주 여행	133	추천	NNG
전주 여행	133	위주	NNG
전주 여행	133	트레	NNP
전주 여행	133	계획	NNG
전주 여행	133	볼거리	NNG
전주 여행	134	경비	NNG
전주 여행	134	식비	NNG
전주 여행	134	교통비	NNG
전주 여행	134	술값	NNG
전주 여행	134	맛집	NNG
전주 여행	134	국내	NNG
전주 여행	134	주달	NNG
전주 여행	134	티비	NNG
전주 여행	134	코스	NNG
전주 여행	134	여수	NNG
전주 여행	134	여수	NNG
전주 여행	135	비용	NNG
전주 여행	135	맛집	NNG
전주 여행	135	국내	NNG
전주 여행	135	주달	NNG
전주 여행	135	티비	NNG
전주 여행	135	코스	NNG
전주 여행	135	여수	NNG
전주 여행	135	여수	NNG
전주 여행	135	제주	NNP
전주 여행	135	제주도	NNP
전주 여행	135	전문	NNG
전주 여행	135	언서	NNG
전주 여행	135	주달	NNG
전주 여행	135	봉이	NNG
전주 여행	135	한옥마을	NNP
전주 여행	135	입장료	NNG
전주 여행	135	기본	NNG
전주 여행	136	친구	NNG
전주 여행	136	친구	NNG
전주 여행	136	호텔	NNG
전주 여행	136	맛집	NNG
전주 여행	136	추천	NNG
전주 여행	136	호텔	NNG
전주 여행	136	시설	NNG
전주 여행	136	한옥	NNP
전주 여행	136	침대	NNG
전주 여행	136	맛집	NNG
전주 여행	136	양식	NNG
전주 여행	136	중식	NNG
전주 여행	136	일식	NNG
전주 여행	136	비용	NNG
전주 여행	136	인당	NNG
전주 여행	137	크리스마스	NNG
전주 여행	137	맛집	NNG
전주 여행	137	국내	NNG
전주 여행	137	주달	NNG
전주 여행	137	티비	NNG
전주 여행	137	코스	NNG
전주 여행	137	여수	NNG
전주 여행	137	여수	NNG
전주 여행	137	제주	NNP
전주 여행	137	제주도	NNP
전주 여행	137	전문	NNG
전주 여행	137	언서	NNG
전주 여행	137	주달	NNG
전주 여행	137	봉이	NNG
전주 여행	137	코스	NNG
전주 여행	137	한옥	NNG
전주 여행	137	마을	NNG
전주 여행	137	시작	NNG
전주 여행	138	질문	NNG
전주 여행	138	일정	NNG
전주 여행	138	관련	NNG
전주 여행	138	답변	NNG
전주 여행	138	가실	NNG
전주 여행	138	계획	NNG
전주 여행	138	준비	NNG
전주 여행	138	아래	NNG
전주 여행	138	일정	NNG
전주 여행	138	참고	NNG
전주 여행	139	초등	NNG
전주 여행	139	학년	NNG
전주 여행	139	수학여행	NNG
전주 여행	139	코스	NNG
전주 여행	139	관광	NNG
전주 여행	139	달인	NNG
전주 여행	139	주달	NNG
전주 여행	139	봉이	NNG
전주 여행	139	코스	NNG
전주 여행	139	추천	NNG
전주 여행	139	감사	NNG
전주 여행	139	맛집	NNG
전주 여행	139	국내	NNG
전주 여행	139	주달	NNG
전주 여행	139	티비	NNG
전주 여행	139	코스	NNG
전주 여행	139	여수	NNG
전주 여행	139	여수	NNG
전주 여행	139	제주	NNP
전주 여행	140	혼자	NNG
전주 여행	140	코스	NNG
전주 여행	140	질문	NNG
전주 여행	140	정보	NNG
전주 여행	140	정리	NNG
전주 여행	140	참고	NNG
전주 여행	140	덕진	NNP
전주 여행	140	공원	NNG
전주 여행	140	추천	NNP
전주 여행	140	덕진	NNP
전주 여행	140	공원	NNG
전주 여행	140	터미널	NNG
전주 여행	140	산책	NNG
전주 여행	140	호수	NNG
전주 여행	140	공원	NNG
전주 여행	140	덕진	NNP
전주 여행	140	공원	NNG
전주 여행	140	생략	NNG
전주 여행	140	남부	NNG
전주 여행	140	시장	NNG
전주 여행	141	전시회	NNG
전주 여행	141	추천	NNG
전주 여행	141	이번	NNG
전주 여행	141	남자	NNG
전주 여행	141	친구	NNG
전주 여행	141	한옥마을	NNP
전주 여행	141	갈만	NNG
전주 여행	141	공방	NNG
전주 여행	141	전시회	NNG
전주 여행	141	추천	NNG
전주 여행	141	부탁	NNG
전주 여행	141	안녕	NNG
전주 여행	141	질문	NNG
전주 여행	141	관련	NNG
전주 여행	141	답변	NNG
전주 여행	142	코스	NNG
전주 여행	142	추천	NNG
전주 여행	142	안녕	NNG
전주 여행	142	여자	NNG
전주 여행	142	친구	NNG
전주 여행	142	예정	NNG
전주 여행	142	숙소	NNG
전주 여행	142	더클래식	NNP
전주 여행	142	호텔	NNG
전주 여행	142	일정	NNG
전주 여행	142	금요일	NNG
전주 여행	142	오후	NNG
전주 여행	142	도착	NNG
전주 여행	142	예정	NNG
전주 여행	142	이동	NNG
전주 여행	142	수단	NNG
전주 여행	142	대중교통	NNG
전주 여행	142	택시	NNG
전주 여행	142	예정	NNG
전주 여행	143	거리	NNG
전주 여행	143	추석	NNG
전주 여행	143	예정	NNG
전주 여행	143	갈만	NNG
전주 여행	143	추천	NNG
전주 여행	143	맛집	NNG
전주 여행	143	국내	NNG
전주 여행	143	주달	NNG
전주 여행	143	티비	NNG
전주 여행	143	코스	NNG
전주 여행	143	여수	NNG
전주 여행	143	여수	NNG
전주 여행	143	제주	NNP
전주 여행	144	갈만	NNG
전주 여행	144	맛집	NNG
전주 여행	144	국내	NNG
전주 여행	144	주달	NNG
전주 여행	144	티비	NNG
전주 여행	144	코스	NNG
전주 여행	144	여수	NNG
전주 여행	144	여수	NNG
전주 여행	144	제주	NNP
전주 여행	144	제주도	NNP
전주 여행	144	전문	NNG
전주 여행	144	언서	NNG
전주 여행	144	주달	NNG
전주 여행	144	봉이	NNG
전주 여행	144	코스	NNG
전주 여행	144	한옥	NNG
전주 여행	144	마을	NNG
전주 여행	145	코스	NNG
전주 여행	145	일정	NNG
전주 여행	145	문자	NNG
전주 여행	145	반양	NNG
전주 여행	145	시간	NNG
전주 여행	145	무리	NNG
전주 여행	145	일정	NNG
전주 여행	145	가운데	NNG
전주 여행	145	점심	NNG
전주 여행	145	박물관	NNG
전주 여행	145	관광	NNG
전주 여행	145	수목원	NNG
전주 여행	145	관광	NNG
전주 여행	145	관광	NNG
전주 여행	145	교동	NNP
전주 여행	145	다윈	NNP
전주 여행	146	추천	NNG
전주 여행	146	부탁	NNG
전주 여행	146	맛집	NNG
전주 여행	146	추천	NNG
전주 여행	146	부탁	NNG
전주 여행	146	감사	NNG
전주 여행	146	맛집	NNG
전주 여행	146	주달	NNG
전주 여행	146	티비	NNG
전주 여행	146	코스	NNG
전주 여행	146	언서	NNG
전주 여행	146	주달	NNG
전주 여행	146	봉이	NNG
전주 여행	147	강아지	NNG
전주 여행	147	가능	NNG
전주 여행	147	강아지	NNG
전주 여행	147	동반	NNG
전주 여행	147	강아지	NNG
전주 여행	147	맛집	NNG
전주 여행	147	관광	NNG
전주 여행	147	반려	NNG
전주 여행	147	동물	NNG
전주 여행	147	반려	NNG
전주 여행	147	생활	NNG
전주 여행	147	하늘	NNG
전주 여행	147	가을	NNG
전주 여행	147	강아지	NNG
전주 여행	147	추억	NNG
전주 여행	148	광주	NNP
전주 여행	148	감사	NNG
전주 여행	148	맛집	NNG
전주 여행	148	국내	NNG
전주 여행	148	주달	NNG
전주 여행	148	티비	NNG
전주 여행	148	코스	NNG
전주 여행	148	여수	NNG
전주 여행	148	여수	NNG
전주 여행	148	제주	NNP
전주 여행	148	제주도	NNP
전주 여행	148	전문	NNG
전주 여행	148	언서	NNG
전주 여행	148	주달	NNG
전주 여행	148	봉이	NNG
전주 여행	148	버스	NNG
전주 여행	148	터미널	NNG
전주 여행	149	코스	NNG
전주 여행	149	질문	NNG
전주 여행	149	일정	NNG
전주 여행	149	관련	NNG
전주 여행	149	답변	NNG
전주 여행	149	친정	NNG
전주 여행	149	어머니	NNG
전주 여행	149	아래	NNG
전주 여행	149	일정	NNG
전주 여행	149	준비	NNG
전주 여행	149	참고	NNG
전주 여행	149	도움	NNG
전주 여행	150	추천	NNG
전주 여행	150	당일치기	NNG
전주 여행	150	추천	NNG
전주 여행	150	당일치기	NNG
전주 여행	150	맛집	NNG
전주 여행	150	국내	NNG
전주 여행	150	주달	NNG
전주 여행	150	티비	NNG
전주 여행	150	코스	NNG
전주 여행	150	여수	NNG
전주 여행	150	여수	NNG
전주 여행	150	제주	NNP
전주 여행	150	제주도	NNP
전주 여행	150	전문	NNG
전주 여행	150	언서	NNG
전주 여행	150	주달	NNG
전주 여행	150	봉이	NNG
전주 여행	151	팀조	NNP
전주 여행	151	맛집	NNG
전주 여행	151	서울	NNP
전주 여행	151	지방	NNG
전주 여행	151	변호	NNG
전주 여행	151	사회	NNG
전주 여행	151	소속	NNG
전주 여행	151	지식	NNG
전주 여행	151	법률	NNG
전주 여행	151	상담	NNG
전주 여행	151	진행	NNG
전주 여행	151	김선용	NNP
전주 여행	151	변호사	NNG
전주 여행	151	스타	NNG
전주 여행	151	그램	NNG
전주 여행	151	검색	NNG
전주 여행	152	한옥마을	NNP
전주 여행	152	준비	NNG
전주 여행	152	대여	NNG
전주 여행	152	천차만별	NNG
전주 여행	152	기본	NNG
전주 여행	152	금액	NNG
전주 여행	152	시작	NNG
전주 여행	152	시간	NNG
전주 여행	152	한복	NNG
전주 여행	152	가격	NNG
전주 여행	152	맛집	NNG
전주 여행	152	국내	NNG
전주 여행	152	주달	NNG
전주 여행	152	티비	NNG
전주 여행	152	코스	NNG
전주 여행	152	여수	NNG
전주 여행	152	여수	NNG
전주 여행	152	제주	NNP
전주 여행	153	고등학교	NNG
전주 여행	153	친구	NNG
전주 여행	153	당일치기	NNG
전주 여행	153	고등학교	NNG
전주 여행	153	학년	NNG
전주 여행	153	친구	NNG
전주 여행	153	당일	NNG
전주 여행	153	예정	NNG
전주 여행	153	부모	NNG
전주 여행	153	말씀	NNG
전주 여행	153	허락	NNG
전주 여행	153	고등학교	NNG
전주 여행	153	시절	NNG
전주 여행	153	친구	NNG
전주 여행	153	추억	NNG
전주 여행	154	휴가	NNG
전주 여행	154	코스	NNG
전주 여행	154	추천	NNG
전주 여행	154	일정	NNG
전주 여행	154	참고	NNG
전주 여행	154	제시	NNG
전주 여행	154	일정	NNG
전주 여행	154	조정	NNG
전주 여행	154	음식점	NNG
전주 여행	154	웨이팅	NNG
전주 여행	154	시간	NNG
전주 여행	154	방문	NNG
전주 여행	154	시간	NNG
전주 여행	154	요일	NNG
전주 여행	154	참고	NNG
전주 여행	155	여자	NNG
전주 여행	155	질문	NNG
전주 여행	155	다음	NNG
전주 여행	155	일정	NNG
전주 여행	155	추천	NNG
전주 여행	155	한옥마을	NNP
전주 여행	155	전통	NNG
전주 여행	155	한옥	NNG
전주 여행	155	건물	NNG
전주 여행	155	전통	NNG
전주 여행	155	문화	NNG
전주 여행	155	경험	NNG
전주 여행	155	향교	NNP
전주 여행	155	조선	NNP
전주 여행	155	시대	NNG
전주 여행	155	교육	NNG
전주 여행	155	기관	NNG
전주 여행	155	향교	NNG
전주 여행	155	남부	NNG
전주 여행	155	시장	NNG
전주 여행	155	주의	NNG
전주 여행	156	코스	NNG
전주 여행	156	안녕	NNG
전주 여행	156	가족	NNG
전주 여행	156	당장	NNG
전주 여행	156	이번	NNG
전주 여행	156	금요일	NNG
전주 여행	156	숙소	NNG
전주 여행	156	호텔	NNG
전주 여행	156	한옥마을	NNP
전주 여행	156	카페	NNG
전주 여행	156	투어	NNG
전주 여행	156	코스	NNG
전주 여행	156	스로	NNG
전주 여행	157	대둔산	NNP
전주 여행	157	케이블카	NNG
전주 여행	157	주말	NNG
전주 여행	157	사람	NNG
전주 여행	157	코스	NNG
전주 여행	157	추천	NNG
전주 여행	157	맛집	NNG
전주 여행	157	국내	NNG
전주 여행	157	주달	NNG
전주 여행	157	티비	NNG
전주 여행	157	코스	NNG
전주 여행	157	여수	NNG
전주 여행	157	여수	NNG
전주 여행	157	제주	NNP
전주 여행	157	제주도	NNP
전주 여행	157	전문	NNG
전주 여행	158	코스	NNG
전주 여행	158	복귀	NNG
전주 여행	158	지난주	NNG
전주 여행	158	당일	NNG
전주 여행	158	코스	NNG
전주 여행	158	주말	NNG
전주 여행	158	관광지	NNG
전주 여행	158	사람	NNG
전주 여행	158	생각	NNG
전주 여행	158	최소한	NNG
전주 여행	159	한옥마을	NNP
전주 여행	159	당일치기	NNG
전주 여행	159	질문	NNG
전주 여행	159	여수	NNP
전주 여행	159	제주도	NNP
전주 여행	159	맛집	NNG
전주 여행	159	주달	NNG
전주 여행	159	티비	NNG
전주 여행	159	코스	NNG
전주 여행	159	여수	NNG
전주 여행	159	여수	NNG
전주 여행	159	제주	NNP
전주 여행	159	제주도	NNP
전주 여행	159	전문	NNG
전주 여행	159	언서	NNG
전주 여행	159	주달	NNG
전주 여행	159	봉이	NNG
전주 여행	159	흐노	NNP
전주 여행	159	전망	NNG
전주 여행	160	혼자	NNG
전주 여행	160	사람	NNG
전주 여행	160	맛집	NNG
전주 여행	160	중순	NNG
전주 여행	160	계절	NNG
전주 여행	160	현재	NNG
전주 여행	160	코로나	NNP
전주 여행	160	여행객	NNG
전주 여행	160	사람	NNG
전주 여행	160	예상	NNG
전주 여행	160	맛집	NNG
전주 여행	161	이번	NNG
전주 여행	161	친구	NNG
전주 여행	161	답장	NNG
전주 여행	161	감사	NNG
전주 여행	161	여수	NNP
전주 여행	161	왕복	NNG
전주 여행	161	기차표	NNG
전주 여행	161	얼마	NNG
전주 여행	161	주가	NNG
전주 여행	162	월요일	NNG
전주 여행	162	휴무	NNG
전주 여행	162	맛집	NNG
전주 여행	162	국내	NNG
전주 여행	162	주달	NNG
전주 여행	162	티비	NNG
전주 여행	162	코스	NNG
전주 여행	162	여수	NNG
전주 여행	162	여수	NNG
전주 여행	162	제주	NNP
전주 여행	162	제주도	NNP
전주 여행	162	전문	NNG
전주 여행	162	언서	NNG
전주 여행	162	주달	NNG
전주 여행	162	봉이	NNG
전주 여행	162	걱정	NNG
전주 여행	162	대부분	NNG
전주 여행	162	오픈	NNG
전주 여행	163	당일치기	NNG
전주 여행	163	부모	NNG
전주 여행	163	맛집	NNG
전주 여행	163	국내	NNG
전주 여행	163	주달	NNG
전주 여행	163	티비	NNG
전주 여행	163	코스	NNG
전주 여행	163	여수	NNG
전주 여행	163	여수	NNG
전주 여행	163	제주	NNP
전주 여행	163	제주도	NNP
전주 여행	163	전문	NNG
전주 여행	163	언서	NNG
전주 여행	163	주달	NNG
전주 여행	163	봉이	NNG
전주 여행	163	바다	NNP
전주 여행	163	군산	NNP
전주 여행	163	새만금	NNP
전주 여행	164	갈만	NNG
전주 여행	164	숙소	NNG
전주 여행	164	한옥마을	NNP
전주 여행	164	게스트	NNP
전주 여행	164	하우스	NNP
전주 여행	164	안녕	NNG
전주 여행	164	가족	NNG
전주 여행	164	한옥마을	NNP
전주 여행	164	이번	NNG
전주 여행	164	기회	NNG
전주 여행	164	전라도	NNP
전주 여행	164	음식	NNG
전주 여행	164	전라도	NNP
전주 여행	164	대표	NNG
전주 여행	164	음식	NNG
전주 여행	164	맛집	NNG
전주 여행	165	코스	NNG
전주 여행	165	추천	NNG
전주 여행	165	코스	NNG
전주 여행	165	추천	NNG
전주 여행	165	여수	NNP
전주 여행	165	맛집	NNG
전주 여행	165	여수	NNG
전주 여행	165	주달	NNG
전주 여행	165	티비	NNG
전주 여행	165	코스	NNG
전주 여행	165	여수	NNG
전주 여행	165	여수	NNG
전주 여행	165	언서	NNG
전주 여행	165	주달	NNG
전주 여행	165	봉이	NNG
전주 여행	165	코스	NNG
전주 여행	165	대부분	NNG
전주 여행	165	한옥	NNG
전주 여행	165	마을	NNG
전주 여행	165	시작	NNG
전주 여행	166	볼거리	NNG
전주 여행	166	이번	NNG
전주 여행	166	거리	NNG
전주 여행	166	맛집	NNG
전주 여행	166	추천	NNG
전주 여행	166	한옥마을	NNP
전주 여행	166	동물원	NNP
전주 여행	166	한국도로공사	NNP
전주 여행	166	수목원	NNG
전주 여행	166	덕진	NNP
전주 여행	166	공원	NNG
전주 여행	166	난장	NNG
전주 여행	167	카페	NNP
전주 여행	167	추천	NNG
전주 여행	167	맛집	NNG
전주 여행	167	국내	NNG
전주 여행	167	주달	NNG
전주 여행	167	티비	NNG
전주 여행	167	코스	NNG
전주 여행	167	여수	NNG
전주 여행	167	여수	NNG
전주 여행	167	제주	NNP
전주 여행	167	제주도	NNP
전주 여행	167	전문	NNG
전주 여행	167	언서	NNG
전주 여행	167	주달	NNG
전주 여행	167	봉이	NNG
전주 여행	167	주이	NNG
전주 여행	167	바다	NNG
전주 여행	168	가족	NNG
전주 여행	168	코스	NNG
전주 여행	168	맛집	NNG
전주 여행	168	국내	NNG
전주 여행	168	주달	NNG
전주 여행	168	티비	NNG
전주 여행	168	코스	NNG
전주 여행	168	여수	NNG
전주 여행	168	여수	NNG
전주 여행	168	제주	NNP
전주 여행	168	제주도	NNP
전주 여행	168	전문	NNG
전주 여행	168	언서	NNG
전주 여행	168	주달	NNG
전주 여행	168	봉이	NNG
전주 여행	168	코스	NNG
전주 여행	168	한옥	NNG
전주 여행	168	마을	NNG
전주 여행	169	코스	NNG
전주 여행	169	일정	NNG
전주 여행	169	추천	NNG
전주 여행	169	부탁	NNG
전주 여행	169	토요일	NNG
전주 여행	169	하루	NNG
전주 여행	169	일정	NNG
전주 여행	169	수정	NNG
전주 여행	169	필요	NNG
전주 여행	169	부분	NNG
전주 여행	169	인근	NNG
전주 여행	169	맛집	NNG
전주 여행	169	의견	NNG
전주 여행	169	부탁	NNG
전주 여행	169	맛집	NNG
전주 여행	169	국내	NNG
전주 여행	169	주달	NNG
전주 여행	169	티비	NNG
전주 여행	169	코스	NNG
전주 여행	169	여수	NNG
전주 여행	169	여수	NNG
전주 여행	169	제주	NNP
전주 여행	170	한옥	NNG
전주 여행	170	마을	NNG
전주 여행	170	근처	NNG
전주 여행	170	숙박	NNG
전주 여행	170	맛집	NNG
전주 여행	170	버스	NNG
전주 여행	170	택시	NNG
전주 여행	170	추천	NNG
전주 여행	171	코스	NNG
전주 여행	171	아침	NNG
전주 여행	171	현대	NNG
전주 여행	171	본점	NNG
전주 여행	171	점심	NNG
전주 여행	171	비빔	NNG
전주 여행	171	소리	NNG
전주 여행	171	대옥	NNG
전주 여행	171	비빔	NNG
전주 여행	171	소리	NNG
전주 여행	171	중간	NNG
전주 여행	171	구경	NNG
전주 여행	171	갈만	NNG
전주 여행	171	맛집	NNG
전주 여행	171	국내	NNG
전주 여행	171	주달	NNG
전주 여행	171	티비	NNG
전주 여행	171	코스	NNG
전주 여행	172	전라도	NNP
전주 여행	172	예정	NNG
전주 여행	172	추천	NNG
전주 여행	172	체험	NNG
전주 여행	172	구용	NNG
전주 여행	172	추천	NNG
전주 여행	172	한옥마을	NNP
전주 여행	173	참고	NNG
전주 여행	173	계획	NNG
전주 여행	173	추천	NNG
전주 여행	173	한국	NNP
전주 여행	173	도로공사	NNP
전주 여행	173	수목원	NNG
전주 여행	173	동물원	NNP
전주 여행	173	자만	NNP
전주 여행	173	마을	NNG
전주 여행	173	벽화	NNG
전주 여행	173	갤러리	NNG
전주 여행	173	국립	NNG
전주 여행	173	주박	NNG
전주 여행	173	물관	NNG
전주 여행	174	코스	NNG
전주 여행	174	추천	NNG
전주 여행	174	코스	NNG
전주 여행	174	추천	NNG
전주 여행	174	안녕	NNG
전주 여행	174	맛집	NNG
전주 여행	174	블로그	NNG
전주 여행	174	주달	NNG
전주 여행	174	봉이	NNG
전주 여행	174	대부분	NNG
전주 여행	174	코스	NNG
전주 여행	174	한옥마을	NNP
전주 여행	174	경기전	NNG
전주 여행	174	남부	NNG
전주 여행	174	시장	NNG
전주 여행	174	시장	NNG
전주 여행	174	벽화	NNG
전주 여행	174	마을	NNG
전주 여행	174	전동성당	NNP
전주 여행	174	향교	NNG
전주 여행	174	목대	NNG
전주 여행	174	추가	NNG
전주 여행	175	코스	NNG
전주 여행	175	동선	NNG
전주 여행	175	숙소	NNG
전주 여행	175	완산구	NNP
전주 여행	175	서신동	NNP
전주 여행	175	맛집	NNG
전주 여행	175	국내	NNG
전주 여행	175	주달	NNG
전주 여행	175	티비	NNG
전주 여행	175	코스	NNG
전주 여행	175	여수	NNG
전주 여행	175	여수	NNG
전주 여행	175	제주	NNP
전주 여행	175	제주도	NNP
전주 여행	175	전문	NNG
전주 여행	175	언서	NNG
전주 여행	175	주달	NNG
전주 여행	175	봉이	NNG
전주 여행	175	한옥마을	NNP
전주 여행	176	크리스마스	NNG
전주 여행	176	당일치기	NNG
전주 여행	176	고등학생	NNG
전주 여행	176	정도	NNG
전주 여행	176	답변	NNG
전주 여행	176	대학	NNG
전주 여행	176	투어	NNG
전주 여행	176	공연	NNG
전주 여행	176	연극	NNG
전주 여행	176	추천	NNG
전주 여행	177	전라도	NNP
전주 여행	177	사투리	NNG
전주 여행	177	억양	NNG
전주 여행	177	거북	NNG
전주 여행	177	사람	NNG
전주 여행	177	전라도	NNP
전주 여행	177	사투리	NNG
전주 여행	177	의외	NNG
전주 여행	177	전라북도	NNP
전주 여행	177	전주시	NNP
전주 여행	178	코스	NNG
전주 여행	178	추천	NNG
전주 여행	178	조언	NNG
전주 여행	178	한옥마을	NNP
전주 여행	178	경기전	NNG
전주 여행	178	난장	NNG
전주 여행	178	국립	NNG
전주 여행	178	박물관	NNG
전주 여행	178	동물원	NNG
전주 여행	178	이동	NNG
전주 여행	178	수단	NNG
전주 여행	178	자동차	NNG
전주 여행	178	맛집	NNG
전주 여행	178	국내	NNG
전주 여행	178	주달	NNG
전주 여행	178	티비	NNG
전주 여행	178	코스	NNG
전주 여행	178	여수	NNG
전주 여행	178	여수	NNG
전주 여행	178	제주	NNP
전주 여행	179	한옥	NNG
전주 여행	179	마을	NNG
전주 여행	179	근처	NNG
전주 여행	179	이용	NNG
전주 여행	179	장소	NNG
전주 여행	179	장소	NNG
전주 여행	179	운송	NNG
전주 여행	179	가능	NNG
전주 여행	179	가격	NNG
전주 여행	179	실시간	NNG
전주 여행	179	주문	NNG
전주 여행	179	현황	NNG
전주 여행	179	확인	NNG
전주 여행	179	가능	NNG
전주 여행	179	편리	NNG
전주 여행	179	이용	NNG
전주 여행	179	가능	NNG
전주 여행	179	참고	NNG
전주 여행	180	일정	NNG
전주 여행	180	이번	NNG
전주 여행	180	소요	NNG
전주 여행	180	시간	NNG
전주 여행	180	한옥마을	NNP
전주 여행	180	초코파이	NNP
전주 여행	180	체험	NNG
전주 여행	180	수목원	NNG
전주 여행	180	랜드	NNG
전주 여행	180	이동	NNG
전주 여행	180	시간	NNG
전주 여행	180	부탁	NNG
전주 여행	180	한옥마을	NNP
전주 여행	180	초코파이	NNP
전주 여행	180	체험	NNG
전주 여행	181	이번	NNG
전주 여행	181	태교	NNG
전주 여행	181	강아지	NNG
전주 여행	181	맛집	NNG
전주 여행	181	국내	NNG
전주 여행	181	주달	NNG
전주 여행	181	티비	NNG
전주 여행	181	코스	NNG
전주 여행	181	여수	NNG
전주 여행	181	여수	NNG
전주 여행	181	제주	NNP
전주 여행	181	제주도	NNP
전주 여행	181	전문	NNG
전주 여행	181	언서	NNG
전주 여행	181	주달	NNG
전주 여행	181	봉이	NNG
전주 여행	181	숙소	NNG
전주 여행	181	바닷가	NNG
전주 여행	182	추천	NNG
전주 여행	182	추천	NNG
전주 여행	182	주식	NNG
전주 여행	182	문화	NNG
전주 여행	182	전일	NNG
전주 여행	182	슈퍼	NNG
전주 여행	182	주만	NNP
전주 여행	182	문화	NNG
전주 여행	182	피큐어	NNP
전주 여행	182	평점	NNG
전주 여행	182	전주식	NNP
전주 여행	182	한정식	NNP
전주 여행	182	최고봉	NNP
전주 여행	182	수구	NNP
전주 여행	182	전라	NNP
전주 여행	182	회관	NNG
전주 여행	182	전주비빔밥	NNG
전주 여행	182	최고봉	NNG
전주 여행	182	고궁	NNG
전주 여행	182	성미	NNG
전주 여행	182	토종	NNG
전주 여행	182	명품	NNG
전주 여행	182	사용	NNG
전주 여행	182	리의	NNG
전주 여행	183	혼자	NNG
전주 여행	183	코스	NNG
전주 여행	183	질문	NNG
전주 여행	183	정보	NNG
전주 여행	183	정리	NNG
전주 여행	183	참고	NNG
전주 여행	183	덕진	NNP
전주 여행	183	공원	NNG
전주 여행	183	추천	NNP
전주 여행	183	덕진	NNP
전주 여행	183	공원	NNG
전주 여행	183	터미널	NNG
전주 여행	183	산책	NNG
전주 여행	183	호수	NNG
전주 여행	183	공원	NNG
전주 여행	183	덕진	NNP
전주 여행	183	공원	NNG
전주 여행	183	생략	NNG
전주 여행	183	남부	NNG
전주 여행	183	시장	NNG
전주 여행	184	맛집	NNG
전주 여행	184	국내	NNG
전주 여행	184	주달	NNG
전주 여행	184	티비	NNG
전주 여행	184	코스	NNG
전주 여행	184	여수	NNG
전주 여행	184	여수	NNG
전주 여행	184	제주	NNP
전주 여행	184	제주도	NNP
전주 여행	184	전문	NNG
전주 여행	184	언서	NNG
전주 여행	184	주달	NNG
전주 여행	184	봉이	NNG
전주 여행	184	코스	NNG
전주 여행	184	한옥	NNG
전주 여행	184	마을	NNG
전주 여행	184	시작	NNG
전주 여행	185	부모	NNG
전주 여행	185	정보	NNG
전주 여행	185	숙소	NNG
전주 여행	185	관광지	NNG
전주 여행	185	추천	NNG
전주 여행	185	부탁	NNG
전주 여행	185	맛집	NNG
전주 여행	185	국내	NNG
전주 여행	185	주달	NNG
전주 여행	185	티비	NNG
전주 여행	185	코스	NNG
전주 여행	185	여수	NNG
전주 여행	186	코스	NNG
전주 여행	186	복귀	NNG
전주 여행	186	지난주	NNG
전주 여행	186	당일	NNG
전주 여행	186	코스	NNG
전주 여행	186	주말	NNG
전주 여행	186	관광지	NNG
전주 여행	186	사람	NNG
전주 여행	186	생각	NNG
전주 여행	186	최소한	NNG
전주 여행	187	당일치기	NNG
전주 여행	187	질문	NNG
전주 여행	187	맛집	NNG
전주 여행	187	국내	NNG
전주 여행	187	주달	NNG
전주 여행	187	티비	NNG
전주 여행	187	코스	NNG
전주 여행	187	여수	NNG
전주 여행	187	여수	NNG
전주 여행	187	제주	NNP
전주 여행	187	제주도	NNP
전주 여행	187	전문	NNG
전주 여행	187	언서	NNG
전주 여행	187	주달	NNG
전주 여행	187	봉이	NNG
전주 여행	187	기지	NNG
전주 여행	187	산책	NNG
전주 여행	187	저녁	NNG
전주 여행	188	코스	NNG
전주 여행	188	추천	NNG
전주 여행	188	부탁	NNG
전주 여행	188	남자	NNG
전주 여행	188	친구	NNG
전주 여행	188	생일	NNG
전주 여행	188	처음	NNG
전주 여행	188	코스	NNG
전주 여행	188	추천	NNG
전주 여행	188	숙소	NNG
전주 여행	188	한옥마을	NNP
전주 여행	188	도보	NNP
전주 여행	188	거리	NNG
전주 여행	188	자차	NNG
전주 여행	188	이동은	NNP
전주 여행	188	문제	NNG
전주 여행	188	맛집	NNG
전주 여행	188	추천	NNG
전주 여행	188	부탁	NNG
전주 여행	188	안녕	NNG
전주 여행	189	한옥	NNG
전주 여행	189	마을	NNG
전주 여행	189	남자	NNG
전주 여행	189	혼자	NNG
전주 여행	189	예정	NNG
전주 여행	189	욕조	NNG
전주 여행	189	무리	NNG
전주 여행	189	질문	NNG
전주 여행	189	맛집	NNG
전주 여행	189	국내	NNG
전주 여행	189	주달	NNG
전주 여행	189	티비	NNG
전주 여행	189	코스	NNG
전주 여행	189	여수	NNG
전주 여행	189	여수	NNG
전주 여행	189	제주	NNP
전주 여행	189	제주도	NNP
전주 여행	189	전문	NNG
전주 여행	189	언서	NNG
전주 여행	190	렌트	NNG
전주 여행	190	렌트	NNG
전주 여행	190	안녕	NNG
전주 여행	190	려인	NNG
전주 여행	190	애견	NNG
전주 여행	190	동반	NNG
전주 여행	190	플랫	NNG
전주 여행	190	하트	NNG
전주 여행	190	도시	NNG
전주 여행	190	택시	NNG
전주 여행	190	이동	NNG
전주 여행	190	불편	NNG
전주 여행	190	답변	NNG
전주 여행	190	도움	NNG
전주 여행	190	채택	NNG
전주 여행	191	코스	NNG
전주 여행	191	질문	NNG
전주 여행	191	이상	NNG
전주 여행	191	문의	NNG
전주 여행	191	통상	NNG
전주 여행	191	안내	NNG
전주 여행	191	정보	NNG
전주 여행	191	질문	NNG
전주 여행	191	요약	NNG
전주 여행	191	사이트	NNG
전주 여행	191	예약	NNG
전주 여행	191	오전	NNG
전주 여행	192	코스	NNG
전주 여행	192	질문	NNG
전주 여행	192	내공	NNG
전주 여행	192	부산	NNP
전주 여행	192	자차	NNG
전주 여행	192	버스	NNG
전주 여행	192	위주	NNG
전주 여행	192	버스	NNG
전주 여행	192	정도	NNG
전주 여행	192	지역	NNG
전주 여행	193	코스	NNG
전주 여행	193	추천	NNG
전주 여행	193	코스	NNG
전주 여행	193	추천	NNG
전주 여행	193	세염	NNG
전주 여행	193	동물원	NNP
전주 여행	193	한옥마을	NNP
전주 여행	193	덕진	NNP
전주 여행	193	연못	NNG
전주 여행	193	가보세요	NNG
전주 여행	194	코스	NNG
전주 여행	194	당일치기	NNG
전주 여행	194	코스	NNG
전주 여행	194	동물원	NNG
전주 여행	194	한옥마을	NNP
전주 여행	194	수목원	NNG
전주 여행	194	팔복	NNG
전주 여행	194	예술	NNG
전주 여행	194	공장	NNG
전주 여행	194	랜드	NNG
전주 여행	194	당일치기	NNG
전주 여행	194	코스	NNG
전주 여행	194	자가용	NNG
전주 여행	194	이동	NNG
전주 여행	194	아래	NNG
전주 여행	194	코스	NNG
전주 여행	194	시간	NNG
전주 여행	195	코스	NNG
전주 여행	195	질문	NNG
전주 여행	195	코스	NNG
전주 여행	195	관련	NNG
전주 여행	195	답변	NNG
전주 여행	195	가족	NNG
전주 여행	195	계획	NNG
전주 여행	195	추천	NNG
전주 여행	195	명소	NNG
전주 여행	195	맛집	NNG
전주 여행	195	포함	NNG
전주 여행	195	맞춤	NNG
전주 여행	195	코스	NNG
전주 여행	195	준비	NNG
전주 여행	195	아래	NNG
전주 여행	195	첨부	NNG
전주 여행	195	일정	NNG
전주 여행	196	당일치기	NNG
전주 여행	196	코스	NNG
전주 여행	196	처음	NNG
전주 여행	196	한옥	NNG
전주 여행	196	마을	NNG
전주 여행	196	한복	NNG
전주 여행	196	한옥마을	NNP
전주 여행	196	전동성당	NNP
전주 여행	196	경기전	NNG
전주 여행	196	자만	NNG
전주 여행	196	벽화	NNG
전주 여행	196	마을	NNG
전주 여행	196	한옥마을	NNP
전주 여행	197	초등	NNG
전주 여행	197	아이	NNG
전주 여행	197	코스	NNG
전주 여행	197	맛집	NNG
전주 여행	197	추천	NNG
전주 여행	197	부탁	NNG
전주 여행	197	아이	NNG
전주 여행	197	계획	NNG
전주 여행	197	아이	NNG
전주 여행	197	추천	NNG
전주 여행	197	한옥마을	NNP
전주 여행	197	계획	NNG
전주 여행	197	장소	NNG
전주 여행	197	한옥마을	NNP
전주 여행	197	한복	NNG
전주 여행	197	한옥마을	NNP
전주 여행	197	사진	NNG
전주 여행	198	코스	NNG
전주 여행	198	코스	NNG
전주 여행	198	추천	NNG
전주 여행	198	전문	NNG
전주 여행	198	블로거	NNP
전주 여행	198	쭈니	NNP
전주 여행	198	아빠	NNG
전주 여행	198	방학	NNG
전주 여행	198	친구	NNG
전주 여행	198	준비	NNG
전주 여행	198	한옥마을	NNP
전주 여행	198	중심	NNG
전주 여행	198	터미널	NNG
전주 여행	198	버스	NNG
전주 여행	198	한옥	NNG
전주 여행	198	마을	NNG
전주 여행	199	순서	NNG
전주 여행	199	덕진	NNP
전주 여행	199	공원	NNG
전주 여행	199	동물원	NNG
전주 여행	199	한옥	NNG
전주 여행	199	마을	NNG
전주 여행	199	남부	NNG
전주 여행	199	시장	NNG
전주 여행	199	시외버스	NNG
전주 여행	199	공용	NNG
전주 여행	199	터미널	NNG
전주 여행	199	순서	NNG
전주 여행	199	근처	NNG
전주 여행	199	바닷가	NNG
전주 여행	199	구경	NNG
전주 여행	200	비용	NNG
전주 여행	200	안녕	NNG
전주 여행	200	학생	NNG
전주 여행	200	수원	NNP
전주 여행	200	비용	NNG
전주 여행	200	정도	NNG
전주 여행	200	수원	NNP
전주 여행	200	자가용	NNG
전주 여행	200	정도	NNG
전주 여행	200	코스	NNG
전주 여행	200	대중교통	NNG
전주 여행	200	라면	NNG
전주 여행	201	관련	NNG
전주 여행	201	질문	NNG
전주 여행	201	계획	NNG
전주 여행	201	선택	NNG
전주 여행	201	한옥마을	NNP
전주 여행	201	자연	NNG
전주 여행	201	경관	NNG
전주 여행	201	음식	NNG
전주 여행	201	동네	NNG
전주 여행	201	시간	NNG
전주 여행	201	한옥	NNG
전주 여행	201	마을	NNG
전주 여행	201	근처	NNG
전주 여행	201	장소	NNG
전주 여행	202	여학생	NNG
전주 여행	202	친구	NNG
전주 여행	202	안녕	NNG
전주 여행	202	여학생	NNG
전주 여행	202	친구	NNG
전주 여행	202	일본	NNP
전주 여행	202	애니	NNP
전주 여행	202	오타쿠	NNP
전주 여행	202	갈만	NNG
전주 여행	203	부모	NNG
전주 여행	203	부모	NNG
전주 여행	203	명소	NNG
전주 여행	203	식당	NNG
전주 여행	203	추천	NNG
전주 여행	203	부탁	NNG
전주 여행	203	한옥마을	NNP
전주 여행	203	완산구	NNP
전주 여행	203	덕진구	NNP
전주 여행	203	추억	NNG
전주 여행	203	장소	NNG
전주 여행	204	이번	NNG
전주 여행	204	여자	NNG
전주 여행	204	친구	NNG
전주 여행	204	경로	NNG
전주 여행	204	토요일	NNG
전주 여행	204	실내	NNG
전주 여행	204	데이트	NNG
전주 여행	204	가능	NNG
전주 여행	204	감사	NNG
전주 여행	204	숙소	NNG
전주 여행	204	한옥	NNG
전주 여행	204	마을	NNG
전주 여행	204	근처	NNG
전주 여행	204	한옥마을	NNP
전주 여행	204	구경	NNG
전주 여행	205	저녁	NNG
전주 여행	205	주천	NNG
전주 여행	205	산책	NNG
전주 여행	205	한옥	NNG
전주 여행	205	마을	NNG
전주 여행	205	근처	NNG
전주 여행	205	야경	NNG
전주 여행	205	일정	NNG
전주 여행	205	관심	NNG
전주 여행	205	테마	NNG
전주 여행	205	사진	NNG
전주 여행	205	카페	NNG
전주 여행	205	체험	NNG
전주 여행	205	추천	NNG
전주 여행	206	코스	NNG
전주 여행	206	추천	NNG
전주 여행	206	영화제	NNG
전주 여행	206	기간	NNG
전주 여행	206	일정	NNG
전주 여행	206	코스	NNG
전주 여행	206	추천	NNG
전주 여행	206	주목적	NNG
전주 여행	206	전주국	NNG
전주 여행	206	영화제	NNG
전주 여행	206	알짜배기	NNG
전주 여행	206	추천	NNG
전주 여행	207	커플	NNG
전주 여행	207	추천	NNG
전주 여행	207	숙소	NNG
전주 여행	207	거리	NNG
전주 여행	207	맛집	NNG
전주 여행	207	추천	NNG
전주 여행	207	감사	NNG
전주 여행	207	한옥마을	NNP
전주 여행	207	답변	NNG
전주 여행	207	도움	NNG
전주 여행	207	한옥마을	NNP
전주 여행	207	한옥마을	NNP
전주 여행	207	맛집	NNG
전주 여행	207	추천	NNG
전주 여행	208	추석	NNG
전주 여행	208	그때	NNG
전주 여행	208	한옥마을	NNP
전주 여행	208	관광지	NNG
전주 여행	208	추석	NNG
전주 여행	208	당일	NNG
전주 여행	208	이벤트	NNG
전주 여행	208	진행	NNG
전주 여행	208	한국	NNP
전주 여행	208	관광공사	NNP
전주 여행	208	숙박	NNG
전주 여행	208	세일	NNG
전주 여행	208	페스타	NNP
전주 여행	208	이벤트	NNG
전주 여행	208	진행	NNG
전주 여행	209	연령	NNG
전주 여행	209	렌트카	NNG
전주 여행	209	추천	NNG
전주 여행	209	이번	NNG
전주 여행	209	연령	NNG
전주 여행	209	자동차	NNG
전주 여행	209	추천	NNG
전주 여행	209	부탁	NNG
전주 여행	209	가격	NNG
전주 여행	209	렌트	NNG
전주 여행	209	정도	NNG
전주 여행	209	이상	NNG
전주 여행	209	렌트	NNG
전주 여행	209	가능	NNG
전주 여행	209	자동차	NNG
전주 여행	209	가격	NNG
전주 여행	210	포항	NNP
전주 여행	210	포항	NNP
전주 여행	210	기차	NNG
전주 여행	210	버스	NNG
전주 여행	210	안녕	NNG
전주 여행	210	포항	NNP
전주 여행	210	기차	NNG
전주 여행	210	버스	NNG
전주 여행	210	장단점	NNG
전주 여행	210	방법	NNG
전주 여행	210	결정	NNG
전주 여행	210	요소	NNG
전주 여행	210	고려	NNG
전주 여행	210	필요	NNG
전주 여행	211	펜션	NNG
전주 여행	211	한옥	NNG
전주 여행	211	이번	NNG
전주 여행	211	남자	NNG
전주 여행	211	친구	NNG
전주 여행	211	펜션	NNG
전주 여행	211	한옥	NNG
전주 여행	211	마을	NNG
전주 여행	211	근처	NNG
전주 여행	211	한옥	NNG
전주 여행	211	펜션	NNG
전주 여행	211	내부	NNG
전주 여행	211	정감	NNG
전주 여행	211	분위기	NNG
전주 여행	211	답변	NNG
전주 여행	211	부탁	NNG
전주 여행	212	주세요	NNP
전주 여행	212	한옥마을	NNP
전주 여행	212	완산구	NNP
전주 여행	212	덕진구	NNP
전주 여행	212	추억	NNG
전주 여행	212	장소	NNG
전주 여행	212	완산구	NNP
전주 여행	212	덕진구	NNP
전주 여행	212	여행지	NNG
전주 여행	213	엄마	NNG
전주 여행	213	계획	NNG
전주 여행	213	답변	NNG
전주 여행	213	부탁	NNG
전주 여행	213	기차	NNG
전주 여행	213	고속버스	NNG
전주 여행	213	도착	NNG
전주 여행	213	관광	NNG
전주 여행	213	이용	NNG
전주 여행	213	교통수단	NNG
전주 여행	213	숙소	NNG
전주 여행	213	추천	NNG
전주 여행	213	서울	NNP
전주 여행	214	당일치기	NNG
전주 여행	214	당일치기	NNG
전주 여행	214	계획	NNG
전주 여행	214	주역	NNP
전주 여행	214	한옥마을	NNP
전주 여행	214	방법	NNG
전주 여행	214	당일치기	NNG
전주 여행	214	코스	NNG
전주 여행	214	주역	NNP
전주 여행	214	한옥마을	NNP
전주 여행	214	방법	NNG
전주 여행	214	택시	NNG
전주 여행	214	버스	NNG
전주 여행	214	주역	NNP
전주 여행	214	한옥마을	NNP
전주 여행	214	택시	NNG
전주 여행	215	경비	NNG
전주 여행	215	보통	NNG
전주 여행	215	경비	NNG
전주 여행	215	얼마	NNG
전주 여행	215	정도	NNG
전주 여행	215	숙소	NNG
전주 여행	215	질문	NNG
전주 여행	215	도움	NNG
전주 여행	215	답변	NNG
전주 여행	215	예산	NNG
전주 여행	215	내외	NNG
전주 여행	215	숙소	NNG
전주 여행	216	커플	NNG
전주 여행	216	도움	NNG
전주 여행	216	남자	NNG
전주 여행	216	친구	NNG
전주 여행	216	이용	NNG
전주 여행	216	이용	NNG
전주 여행	216	요소	NNG
전주 여행	216	고려	NNG
전주 여행	216	교통	NNG
전주 여행	216	체증	NNG
전주 여행	216	예상	NNG
전주 여행	216	날짜	NNG
전주 여행	216	이용	NNG
전주 여행	216	남자	NNG
전주 여행	216	친구	NNG
전주 여행	217	여행지	NNG
전주 여행	217	맛집	NNG
전주 여행	217	추천	NNG
전주 여행	217	보리암	NNP
전주 여행	217	다랭이	NNG
전주 여행	217	독일	NNP
전주 여행	217	마을	NNG
전주 여행	217	한옥마을	NNP
전주 여행	217	맛집	NNG
전주 여행	217	추천	NNG
전주 여행	217	추천	NNG
전주 여행	217	맛집	NNG
전주 여행	218	추천	NNG
전주 여행	218	맛집	NNG
전주 여행	218	국내	NNG
전주 여행	218	주달	NNG
전주 여행	218	티비	NNG
전주 여행	218	코스	NNG
전주 여행	218	여수	NNG
전주 여행	218	여수	NNG
전주 여행	218	제주	NNP
전주 여행	218	제주도	NNP
전주 여행	218	전문	NNG
전주 여행	218	언서	NNG
전주 여행	218	주달	NNG
전주 여행	218	봉이	NNG
전주 여행	218	코스	NNG
전주 여행	218	한옥	NNG
전주 여행	218	마을	NNG
전주 여행	219	코스	NNG
전주 여행	219	질문	NNG
전주 여행	219	코스	NNG
전주 여행	219	전라도	NNP
전주 여행	219	맛집	NNG
전주 여행	219	국내	NNG
전주 여행	219	주달	NNG
전주 여행	219	티비	NNG
전주 여행	219	코스	NNG
전주 여행	219	여수	NNG
전주 여행	219	여수	NNG
전주 여행	219	제주	NNP
전주 여행	219	제주도	NNP
전주 여행	219	전문	NNG
전주 여행	219	언서	NNG
전주 여행	220	비용	NNG
전주 여행	220	얼마	NNG
전주 여행	220	비용	NNG
전주 여행	220	요소	NNG
전주 여행	220	일반	NNG
전주 여행	220	다음	NNG
전주 여행	220	항목	NNG
전주 여행	220	포함	NNG
전주 여행	220	교통비	NNG
전주 여행	220	이동	NNG
전주 여행	220	교통	NNG
전주 여행	220	비용	NNG
전주 여행	221	코스	NNG
전주 여행	221	맛집	NNG
전주 여행	221	국내	NNG
전주 여행	221	주달	NNG
전주 여행	221	티비	NNG
전주 여행	221	코스	NNG
전주 여행	221	여수	NNG
전주 여행	221	여수	NNG
전주 여행	221	제주	NNP
전주 여행	221	제주도	NNP
전주 여행	221	전문	NNG
전주 여행	221	언서	NNG
전주 여행	221	주달	NNG
전주 여행	221	봉이	NNG
전주 여행	221	코스	NNG
전주 여행	221	한옥	NNG
전주 여행	221	마을	NNG
전주 여행	221	시작	NNG
전주 여행	222	당일치기	NNG
전주 여행	222	혼자	NNG
전주 여행	222	코스	NNG
전주 여행	222	추천	NNG
전주 여행	222	박물관	NNG
전주 여행	222	미술관	NNG
전주 여행	222	지역	NNG
전주 여행	222	공간	NNG
전주 여행	222	스토리	NNG
전주 여행	222	안내	NNG
전주 여행	222	해설	NNG
전주 여행	222	문화	NNG
전주 여행	222	코스	NNG
전주 여행	222	방지	NNG
전주 여행	222	예약금	NNG
전주 여행	222	결제	NNG
전주 여행	222	현장	NNG
전주 여행	222	상당	NNG
전주 여행	222	음료	NNG
전주 여행	222	기프	NNP
전주 여행	222	환급	NNG
전주 여행	222	선착순	NNG
전주 여행	222	마감	NNG
전주 여행	222	계획	NNG
전주 여행	223	필요	NNG
전주 여행	223	가요	NNG
전주 여행	223	안녕	NNG
전주 여행	223	계획	NNG
전주 여행	223	서울	NNP
전주 여행	223	기차	NNG
전주 여행	223	렌트	NNG
전주 여행	223	참고	NNG
전주 여행	223	한옥마을	NNP
전주 여행	223	포함	NNG
전주 여행	223	유명	NNG
전주 여행	223	관광지	NNG
전주 여행	223	계획	NNG
전주 여행	223	맛집	NNG
전주 여행	223	국내	NNG
전주 여행	224	맛집	NNG
전주 여행	224	국내	NNG
전주 여행	224	주달	NNG
전주 여행	224	티비	NNG
전주 여행	224	코스	NNG
전주 여행	224	여수	NNG
전주 여행	224	여수	NNG
전주 여행	224	제주	NNP
전주 여행	224	제주도	NNP
전주 여행	224	전문	NNG
전주 여행	224	언서	NNG
전주 여행	224	주달	NNG
전주 여행	224	봉이	NNG
전주 여행	224	대중교통	NNG
전주 여행	224	택시	NNG
전주 여행	224	이용	NNG
전주 여행	225	완주	NNG
전주 여행	225	맛집	NNG
전주 여행	225	국내	NNG
전주 여행	225	주달	NNG
전주 여행	225	티비	NNG
전주 여행	225	코스	NNG
전주 여행	225	여수	NNG
전주 여행	225	여수	NNG
전주 여행	225	제주	NNP
전주 여행	225	제주도	NNP
전주 여행	225	전문	NNG
전주 여행	225	언서	NNG
전주 여행	225	주달	NNG
전주 여행	225	봉이	NNG
전주 여행	225	완주	NNP
전주 여행	226	부탁	NNG
전주 여행	226	맛집	NNG
전주 여행	226	국내	NNG
전주 여행	226	주달	NNG
전주 여행	226	티비	NNG
전주 여행	226	코스	NNG
전주 여행	226	여수	NNG
전주 여행	226	여수	NNG
전주 여행	226	제주	NNP
전주 여행	226	제주도	NNP
전주 여행	226	전문	NNG
전주 여행	226	언서	NNG
전주 여행	226	주달	NNG
전주 여행	226	봉이	NNG
전주 여행	226	코스	NNG
전주 여행	227	코스	NNG
전주 여행	227	코스	NNG
전주 여행	227	역사	NNG
전주 여행	227	유적지	NNG
전주 여행	227	전통문화	NNG
전주 여행	227	한옥마을	NNP
전주 여행	227	방문	NNG
전주 여행	227	시작	NNG
전주 여행	227	한옥	NNG
전주 여행	227	마을	NNG
전주 여행	228	대중교통	NNG
전주 여행	228	렌트카	NNG
전주 여행	228	대중교통	NNG
전주 여행	228	교통	NNG
전주 여행	228	상황	NNG
전주 여행	228	맛집	NNG
전주 여행	228	국내	NNG
전주 여행	228	주달	NNG
전주 여행	228	티비	NNG
전주 여행	228	코스	NNG
전주 여행	228	여수	NNG
전주 여행	228	여수	NNG
전주 여행	228	제주	NNP
전주 여행	229	연인	NNG
전주 여행	229	추천	NNG
전주 여행	229	한옥마을	NNP
전주 여행	229	동물원	NNP
전주 여행	229	한국도로공사	NNP
전주 여행	229	수목원	NNG
전주 여행	229	향교	NNP
전주 여행	229	덕진	NNP
전주 여행	229	공원	NNG
전주 여행	230	관련	NNG
전주 여행	230	맛집	NNG
전주 여행	230	국내	NNG
전주 여행	230	주달	NNG
전주 여행	230	티비	NNG
전주 여행	230	코스	NNG
전주 여행	230	여수	NNG
전주 여행	230	여수	NNG
전주 여행	230	제주	NNP
전주 여행	230	제주도	NNP
전주 여행	230	전문	NNG
전주 여행	230	언서	NNG
전주 여행	230	주달	NNG
전주 여행	230	봉이	NNG
전주 여행	230	주말	NNG
전주 여행	230	평일	NNG
전주 여행	231	추천	NNG
전주 여행	231	맛집	NNG
전주 여행	231	국내	NNG
전주 여행	231	주달	NNG
전주 여행	231	티비	NNG
전주 여행	231	코스	NNG
전주 여행	231	여수	NNG
전주 여행	231	여수	NNG
전주 여행	231	제주	NNP
전주 여행	231	제주도	NNP
전주 여행	231	전문	NNG
전주 여행	231	언서	NNG
전주 여행	231	주달	NNG
전주 여행	231	봉이	NNG
전주 여행	232	이번	NNG
전주 여행	232	추천	NNG
전주 여행	232	위주	NNG
전주 여행	232	트레	NNP
전주 여행	232	계획	NNG
전주 여행	232	볼거리	NNG
전주 여행	233	경비	NNG
전주 여행	233	식비	NNG
전주 여행	233	교통비	NNG
전주 여행	233	술값	NNG
전주 여행	233	맛집	NNG
전주 여행	233	국내	NNG
전주 여행	233	주달	NNG
전주 여행	233	티비	NNG
전주 여행	233	코스	NNG
전주 여행	233	여수	NNG
전주 여행	233	여수	NNG
전주 여행	234	비용	NNG
전주 여행	234	맛집	NNG
전주 여행	234	국내	NNG
전주 여행	234	주달	NNG
전주 여행	234	티비	NNG
전주 여행	234	코스	NNG
전주 여행	234	여수	NNG
전주 여행	234	여수	NNG
전주 여행	234	제주	NNP
전주 여행	234	제주도	NNP
전주 여행	234	전문	NNG
전주 여행	234	언서	NNG
전주 여행	234	주달	NNG
전주 여행	234	봉이	NNG
전주 여행	234	한옥마을	NNP
전주 여행	234	입장료	NNG
전주 여행	234	기본	NNG
전주 여행	235	친구	NNG
전주 여행	235	친구	NNG
전주 여행	235	호텔	NNG
전주 여행	235	맛집	NNG
전주 여행	235	추천	NNG
전주 여행	235	호텔	NNG
전주 여행	235	시설	NNG
전주 여행	235	한옥	NNP
전주 여행	235	침대	NNG
전주 여행	235	맛집	NNG
전주 여행	235	양식	NNG
전주 여행	235	중식	NNG
전주 여행	235	일식	NNG
전주 여행	235	비용	NNG
전주 여행	235	인당	NNG
전주 여행	236	크리스마스	NNG
전주 여행	236	맛집	NNG
전주 여행	236	국내	NNG
전주 여행	236	주달	NNG
전주 여행	236	티비	NNG
전주 여행	236	코스	NNG
전주 여행	236	여수	NNG
전주 여행	236	여수	NNG
전주 여행	236	제주	NNP
전주 여행	236	제주도	NNP
전주 여행	236	전문	NNG
전주 여행	236	언서	NNG
전주 여행	236	주달	NNG
전주 여행	236	봉이	NNG
전주 여행	236	코스	NNG
전주 여행	236	한옥	NNG
전주 여행	236	마을	NNG
전주 여행	236	시작	NNG
전주 여행	237	질문	NNG
전주 여행	237	일정	NNG
전주 여행	237	관련	NNG
전주 여행	237	답변	NNG
전주 여행	237	가실	NNG
전주 여행	237	계획	NNG
전주 여행	237	준비	NNG
전주 여행	237	아래	NNG
전주 여행	237	일정	NNG
전주 여행	237	참고	NNG
전주 여행	238	초등	NNG
전주 여행	238	학년	NNG
전주 여행	238	수학여행	NNG
전주 여행	238	코스	NNG
전주 여행	238	관광	NNG
전주 여행	238	달인	NNG
전주 여행	238	주달	NNG
전주 여행	238	봉이	NNG
전주 여행	238	코스	NNG
전주 여행	238	추천	NNG
전주 여행	238	감사	NNG
전주 여행	238	맛집	NNG
전주 여행	238	국내	NNG
전주 여행	238	주달	NNG
전주 여행	238	티비	NNG
전주 여행	238	코스	NNG
전주 여행	238	여수	NNG
전주 여행	238	여수	NNG
전주 여행	238	제주	NNP
전주 여행	239	혼자	NNG
전주 여행	239	코스	NNG
전주 여행	239	질문	NNG
전주 여행	239	정보	NNG
전주 여행	239	정리	NNG
전주 여행	239	참고	NNG
전주 여행	239	덕진	NNP
전주 여행	239	공원	NNG
전주 여행	239	추천	NNP
전주 여행	239	덕진	NNP
전주 여행	239	공원	NNG
전주 여행	239	터미널	NNG
전주 여행	239	산책	NNG
전주 여행	239	호수	NNG
전주 여행	239	공원	NNG
전주 여행	239	덕진	NNP
전주 여행	239	공원	NNG
전주 여행	239	생략	NNG
전주 여행	239	남부	NNG
전주 여행	239	시장	NNG
전주 여행	240	전시회	NNG
전주 여행	240	추천	NNG
전주 여행	240	이번	NNG
전주 여행	240	남자	NNG
전주 여행	240	친구	NNG
전주 여행	240	한옥마을	NNP
전주 여행	240	갈만	NNG
전주 여행	240	공방	NNG
전주 여행	240	전시회	NNG
전주 여행	240	추천	NNG
전주 여행	240	부탁	NNG
전주 여행	240	안녕	NNG
전주 여행	240	질문	NNG
전주 여행	240	관련	NNG
전주 여행	240	답변	NNG
전주 여행	241	코스	NNG
전주 여행	241	추천	NNG
전주 여행	241	안녕	NNG
전주 여행	241	여자	NNG
전주 여행	241	친구	NNG
전주 여행	241	예정	NNG
전주 여행	241	숙소	NNG
전주 여행	241	더클래식	NNP
전주 여행	241	호텔	NNG
전주 여행	241	일정	NNG
전주 여행	241	금요일	NNG
전주 여행	241	오후	NNG
전주 여행	241	도착	NNG
전주 여행	241	예정	NNG
전주 여행	241	이동	NNG
전주 여행	241	수단	NNG
전주 여행	241	대중교통	NNG
전주 여행	241	택시	NNG
전주 여행	241	예정	NNG
전주 여행	242	거리	NNG
전주 여행	242	추석	NNG
전주 여행	242	예정	NNG
전주 여행	242	갈만	NNG
전주 여행	242	추천	NNG
전주 여행	242	맛집	NNG
전주 여행	242	국내	NNG
전주 여행	242	주달	NNG
전주 여행	242	티비	NNG
전주 여행	242	코스	NNG
전주 여행	242	여수	NNG
전주 여행	242	여수	NNG
전주 여행	242	제주	NNP
전주 여행	243	갈만	NNG
전주 여행	243	맛집	NNG
전주 여행	243	국내	NNG
전주 여행	243	주달	NNG
전주 여행	243	티비	NNG
전주 여행	243	코스	NNG
전주 여행	243	여수	NNG
전주 여행	243	여수	NNG
전주 여행	243	제주	NNP
전주 여행	243	제주도	NNP
전주 여행	243	전문	NNG
전주 여행	243	언서	NNG
전주 여행	243	주달	NNG
전주 여행	243	봉이	NNG
전주 여행	243	코스	NNG
전주 여행	243	한옥	NNG
전주 여행	243	마을	NNG
전주 여행	244	코스	NNG
전주 여행	244	일정	NNG
전주 여행	244	문자	NNG
전주 여행	244	반양	NNG
전주 여행	244	시간	NNG
전주 여행	244	무리	NNG
전주 여행	244	일정	NNG
전주 여행	244	가운데	NNG
전주 여행	244	점심	NNG
전주 여행	244	박물관	NNG
전주 여행	244	관광	NNG
전주 여행	244	수목원	NNG
전주 여행	244	관광	NNG
전주 여행	244	관광	NNG
전주 여행	244	교동	NNP
전주 여행	244	다윈	NNP
전주 여행	245	추천	NNG
전주 여행	245	부탁	NNG
전주 여행	245	맛집	NNG
전주 여행	245	추천	NNG
전주 여행	245	부탁	NNG
전주 여행	245	감사	NNG
전주 여행	245	맛집	NNG
전주 여행	245	주달	NNG
전주 여행	245	티비	NNG
전주 여행	245	코스	NNG
전주 여행	245	언서	NNG
전주 여행	245	주달	NNG
전주 여행	245	봉이	NNG
전주 여행	246	강아지	NNG
전주 여행	246	가능	NNG
전주 여행	246	강아지	NNG
전주 여행	246	동반	NNG
전주 여행	246	강아지	NNG
전주 여행	246	맛집	NNG
전주 여행	246	관광	NNG
전주 여행	246	반려	NNG
전주 여행	246	동물	NNG
전주 여행	246	반려	NNG
전주 여행	246	생활	NNG
전주 여행	246	하늘	NNG
전주 여행	246	가을	NNG
전주 여행	246	강아지	NNG
전주 여행	246	추억	NNG
전주 여행	247	광주	NNP
전주 여행	247	감사	NNG
전주 여행	247	맛집	NNG
전주 여행	247	국내	NNG
전주 여행	247	주달	NNG
전주 여행	247	티비	NNG
전주 여행	247	코스	NNG
전주 여행	247	여수	NNG
전주 여행	247	여수	NNG
전주 여행	247	제주	NNP
전주 여행	247	제주도	NNP
전주 여행	247	전문	NNG
전주 여행	247	언서	NNG
전주 여행	247	주달	NNG
전주 여행	247	봉이	NNG
전주 여행	247	버스	NNG
전주 여행	247	터미널	NNG
전주 여행	248	코스	NNG
전주 여행	248	질문	NNG
전주 여행	248	일정	NNG
전주 여행	248	관련	NNG
전주 여행	248	답변	NNG
전주 여행	248	친정	NNG
전주 여행	248	어머니	NNG
전주 여행	248	아래	NNG
전주 여행	248	일정	NNG
전주 여행	248	준비	NNG
전주 여행	248	참고	NNG
전주 여행	248	도움	NNG
전주 여행	249	추천	NNG
전주 여행	249	당일치기	NNG
전주 여행	249	추천	NNG
전주 여행	249	당일치기	NNG
전주 여행	249	맛집	NNG
전주 여행	249	국내	NNG
전주 여행	249	주달	NNG
전주 여행	249	티비	NNG
전주 여행	249	코스	NNG
전주 여행	249	여수	NNG
전주 여행	249	여수	NNG
전주 여행	249	제주	NNP
전주 여행	249	제주도	NNP
전주 여행	249	전문	NNG
전주 여행	249	언서	NNG
전주 여행	249	주달	NNG
전주 여행	249	봉이	NNG
전주 여행	250	팀조	NNP
전주 여행	250	맛집	NNG
전주 여행	250	서울	NNP
전주 여행	250	지방	NNG
전주 여행	250	변호	NNG
전주 여행	250	사회	NNG
전주 여행	250	소속	NNG
전주 여행	250	지식	NNG
전주 여행	250	법률	NNG
전주 여행	250	상담	NNG
전주 여행	250	진행	NNG
전주 여행	250	김선용	NNP
전주 여행	250	변호사	NNG
전주 여행	250	스타	NNG
전주 여행	250	그램	NNG
전주 여행	250	검색	NNG
전주 여행	251	한옥마을	NNP
전주 여행	251	준비	NNG
전주 여행	251	대여	NNG
전주 여행	251	천차만별	NNG
전주 여행	251	기본	NNG
전주 여행	251	금액	NNG
전주 여행	251	시작	NNG
전주 여행	251	시간	NNG
전주 여행	251	한복	NNG
전주 여행	251	가격	NNG
전주 여행	251	맛집	NNG
전주 여행	251	국내	NNG
전주 여행	251	주달	NNG
전주 여행	251	티비	NNG
전주 여행	251	코스	NNG
전주 여행	251	여수	NNG
전주 여행	251	여수	NNG
전주 여행	251	제주	NNP
전주 여행	252	고등학교	NNG
전주 여행	252	친구	NNG
전주 여행	252	당일치기	NNG
전주 여행	252	고등학교	NNG
전주 여행	252	학년	NNG
전주 여행	252	친구	NNG
전주 여행	252	당일	NNG
전주 여행	252	예정	NNG
전주 여행	252	부모	NNG
전주 여행	252	말씀	NNG
전주 여행	252	허락	NNG
전주 여행	252	고등학교	NNG
전주 여행	252	시절	NNG
전주 여행	252	친구	NNG
전주 여행	252	추억	NNG
전주 여행	253	휴가	NNG
전주 여행	253	코스	NNG
전주 여행	253	추천	NNG
전주 여행	253	일정	NNG
전주 여행	253	참고	NNG
전주 여행	253	제시	NNG
전주 여행	253	일정	NNG
전주 여행	253	조정	NNG
전주 여행	253	음식점	NNG
전주 여행	253	웨이팅	NNG
전주 여행	253	시간	NNG
전주 여행	253	방문	NNG
전주 여행	253	시간	NNG
전주 여행	253	요일	NNG
전주 여행	253	참고	NNG
전주 여행	254	여자	NNG
전주 여행	254	질문	NNG
전주 여행	254	다음	NNG
전주 여행	254	일정	NNG
전주 여행	254	추천	NNG
전주 여행	254	한옥마을	NNP
전주 여행	254	전통	NNG
전주 여행	254	한옥	NNG
전주 여행	254	건물	NNG
전주 여행	254	전통	NNG
전주 여행	254	문화	NNG
전주 여행	254	경험	NNG
전주 여행	254	향교	NNP
전주 여행	254	조선	NNP
전주 여행	254	시대	NNG
전주 여행	254	교육	NNG
전주 여행	254	기관	NNG
전주 여행	254	향교	NNG
전주 여행	254	남부	NNG
전주 여행	254	시장	NNG
전주 여행	254	주의	NNG
전주 여행	255	코스	NNG
전주 여행	255	안녕	NNG
전주 여행	255	가족	NNG
전주 여행	255	당장	NNG
전주 여행	255	이번	NNG
전주 여행	255	금요일	NNG
전주 여행	255	숙소	NNG
전주 여행	255	호텔	NNG
전주 여행	255	한옥마을	NNP
전주 여행	255	카페	NNG
전주 여행	255	투어	NNG
전주 여행	255	코스	NNG
전주 여행	255	스로	NNG
전주 여행	256	대둔산	NNP
전주 여행	256	케이블카	NNG
전주 여행	256	주말	NNG
전주 여행	256	사람	NNG
전주 여행	256	코스	NNG
전주 여행	256	추천	NNG
전주 여행	256	맛집	NNG
전주 여행	256	국내	NNG
전주 여행	256	주달	NNG
전주 여행	256	티비	NNG
전주 여행	256	코스	NNG
전주 여행	256	여수	NNG
전주 여행	256	여수	NNG
전주 여행	256	제주	NNP
전주 여행	256	제주도	NNP
전주 여행	256	전문	NNG
전주 여행	257	코스	NNG
전주 여행	257	복귀	NNG
전주 여행	257	지난주	NNG
전주 여행	257	당일	NNG
전주 여행	257	코스	NNG
전주 여행	257	주말	NNG
전주 여행	257	관광지	NNG
전주 여행	257	사람	NNG
전주 여행	257	생각	NNG
전주 여행	257	최소한	NNG
전주 여행	258	한옥마을	NNP
전주 여행	258	당일치기	NNG
전주 여행	258	질문	NNG
전주 여행	258	여수	NNP
전주 여행	258	제주도	NNP
전주 여행	258	맛집	NNG
전주 여행	258	주달	NNG
전주 여행	258	티비	NNG
전주 여행	258	코스	NNG
전주 여행	258	여수	NNG
전주 여행	258	여수	NNG
전주 여행	258	제주	NNP
전주 여행	258	제주도	NNP
전주 여행	258	전문	NNG
전주 여행	258	언서	NNG
전주 여행	258	주달	NNG
전주 여행	258	봉이	NNG
전주 여행	258	흐노	NNP
전주 여행	258	전망	NNG
전주 여행	259	혼자	NNG
전주 여행	259	사람	NNG
전주 여행	259	맛집	NNG
전주 여행	259	중순	NNG
전주 여행	259	계절	NNG
전주 여행	259	현재	NNG
전주 여행	259	코로나	NNP
전주 여행	259	여행객	NNG
전주 여행	259	사람	NNG
전주 여행	259	예상	NNG
전주 여행	259	맛집	NNG
전주 여행	260	이번	NNG
전주 여행	260	친구	NNG
전주 여행	260	답장	NNG
전주 여행	260	감사	NNG
전주 여행	260	여수	NNP
전주 여행	260	왕복	NNG
전주 여행	260	기차표	NNG
전주 여행	260	얼마	NNG
전주 여행	260	주가	NNG
전주 여행	261	월요일	NNG
전주 여행	261	휴무	NNG
전주 여행	261	맛집	NNG
전주 여행	261	국내	NNG
전주 여행	261	주달	NNG
전주 여행	261	티비	NNG
전주 여행	261	코스	NNG
전주 여행	261	여수	NNG
전주 여행	261	여수	NNG
전주 여행	261	제주	NNP
전주 여행	261	제주도	NNP
전주 여행	261	전문	NNG
전주 여행	261	언서	NNG
전주 여행	261	주달	NNG
전주 여행	261	봉이	NNG
전주 여행	261	걱정	NNG
전주 여행	261	대부분	NNG
전주 여행	261	오픈	NNG
전주 여행	262	당일치기	NNG
전주 여행	262	부모	NNG
전주 여행	262	맛집	NNG
전주 여행	262	국내	NNG
전주 여행	262	주달	NNG
전주 여행	262	티비	NNG
전주 여행	262	코스	NNG
전주 여행	262	여수	NNG
전주 여행	262	여수	NNG
전주 여행	262	제주	NNP
전주 여행	262	제주도	NNP
전주 여행	262	전문	NNG
전주 여행	262	언서	NNG
전주 여행	262	주달	NNG
전주 여행	262	봉이	NNG
전주 여행	262	바다	NNP
전주 여행	262	군산	NNP
전주 여행	262	새만금	NNP
전주 여행	263	갈만	NNG
전주 여행	263	숙소	NNG
전주 여행	263	한옥마을	NNP
전주 여행	263	게스트	NNP
전주 여행	263	하우스	NNP
전주 여행	263	안녕	NNG
전주 여행	263	가족	NNG
전주 여행	263	한옥마을	NNP
전주 여행	263	이번	NNG
전주 여행	263	기회	NNG
전주 여행	263	전라도	NNP
전주 여행	263	음식	NNG
전주 여행	263	전라도	NNP
전주 여행	263	대표	NNG
전주 여행	263	음식	NNG
전주 여행	263	맛집	NNG
전주 여행	264	코스	NNG
전주 여행	264	추천	NNG
전주 여행	264	코스	NNG
전주 여행	264	추천	NNG
전주 여행	264	여수	NNP
전주 여행	264	맛집	NNG
전주 여행	264	여수	NNG
전주 여행	264	주달	NNG
전주 여행	264	티비	NNG
전주 여행	264	코스	NNG
전주 여행	264	여수	NNG
전주 여행	264	여수	NNG
전주 여행	264	언서	NNG
전주 여행	264	주달	NNG
전주 여행	264	봉이	NNG
전주 여행	264	코스	NNG
전주 여행	264	대부분	NNG
전주 여행	264	한옥	NNG
전주 여행	264	마을	NNG
전주 여행	264	시작	NNG
전주 여행	265	볼거리	NNG
전주 여행	265	이번	NNG
전주 여행	265	거리	NNG
전주 여행	265	맛집	NNG
전주 여행	265	추천	NNG
전주 여행	265	한옥마을	NNP
전주 여행	265	동물원	NNP
전주 여행	265	한국도로공사	NNP
전주 여행	265	수목원	NNG
전주 여행	265	덕진	NNP
전주 여행	265	공원	NNG
전주 여행	265	난장	NNG
전주 여행	266	카페	NNP
전주 여행	266	추천	NNG
전주 여행	266	맛집	NNG
전주 여행	266	국내	NNG
전주 여행	266	주달	NNG
전주 여행	266	티비	NNG
전주 여행	266	코스	NNG
전주 여행	266	여수	NNG
전주 여행	266	여수	NNG
전주 여행	266	제주	NNP
전주 여행	266	제주도	NNP
전주 여행	266	전문	NNG
전주 여행	266	언서	NNG
전주 여행	266	주달	NNG
전주 여행	266	봉이	NNG
전주 여행	266	주이	NNG
전주 여행	266	바다	NNG
전주 여행	267	가족	NNG
전주 여행	267	코스	NNG
전주 여행	267	맛집	NNG
전주 여행	267	국내	NNG
전주 여행	267	주달	NNG
전주 여행	267	티비	NNG
전주 여행	267	코스	NNG
전주 여행	267	여수	NNG
전주 여행	267	여수	NNG
전주 여행	267	제주	NNP
전주 여행	267	제주도	NNP
전주 여행	267	전문	NNG
전주 여행	267	언서	NNG
전주 여행	267	주달	NNG
전주 여행	267	봉이	NNG
전주 여행	267	코스	NNG
전주 여행	267	한옥	NNG
전주 여행	267	마을	NNG
전주 여행	268	코스	NNG
전주 여행	268	일정	NNG
전주 여행	268	추천	NNG
전주 여행	268	부탁	NNG
전주 여행	268	토요일	NNG
전주 여행	268	하루	NNG
전주 여행	268	일정	NNG
전주 여행	268	수정	NNG
전주 여행	268	필요	NNG
전주 여행	268	부분	NNG
전주 여행	268	인근	NNG
전주 여행	268	맛집	NNG
전주 여행	268	의견	NNG
전주 여행	268	부탁	NNG
전주 여행	268	맛집	NNG
전주 여행	268	국내	NNG
전주 여행	268	주달	NNG
전주 여행	268	티비	NNG
전주 여행	268	코스	NNG
전주 여행	268	여수	NNG
전주 여행	268	여수	NNG
전주 여행	268	제주	NNP
전주 여행	269	한옥	NNG
전주 여행	269	마을	NNG
전주 여행	269	근처	NNG
전주 여행	269	숙박	NNG
전주 여행	269	맛집	NNG
전주 여행	269	버스	NNG
전주 여행	269	택시	NNG
전주 여행	269	추천	NNG
전주 여행	270	코스	NNG
전주 여행	270	아침	NNG
전주 여행	270	현대	NNG
전주 여행	270	본점	NNG
전주 여행	270	점심	NNG
전주 여행	270	비빔	NNG
전주 여행	270	소리	NNG
전주 여행	270	대옥	NNG
전주 여행	270	비빔	NNG
전주 여행	270	소리	NNG
전주 여행	270	중간	NNG
전주 여행	270	구경	NNG
전주 여행	270	갈만	NNG
전주 여행	270	맛집	NNG
전주 여행	270	국내	NNG
전주 여행	270	주달	NNG
전주 여행	270	티비	NNG
전주 여행	270	코스	NNG
전주 여행	271	전라도	NNP
전주 여행	271	예정	NNG
전주 여행	271	추천	NNG
전주 여행	271	체험	NNG
전주 여행	271	구용	NNG
전주 여행	271	추천	NNG
전주 여행	271	한옥마을	NNP
전주 여행	272	참고	NNG
전주 여행	272	계획	NNG
전주 여행	272	추천	NNG
전주 여행	272	한국	NNP
전주 여행	272	도로공사	NNP
전주 여행	272	수목원	NNG
전주 여행	272	동물원	NNP
전주 여행	272	자만	NNP
전주 여행	272	마을	NNG
전주 여행	272	벽화	NNG
전주 여행	272	갤러리	NNG
전주 여행	272	국립	NNG
전주 여행	272	주박	NNG
전주 여행	272	물관	NNG
전주 여행	273	코스	NNG
전주 여행	273	추천	NNG
전주 여행	273	코스	NNG
전주 여행	273	추천	NNG
전주 여행	273	안녕	NNG
전주 여행	273	맛집	NNG
전주 여행	273	블로그	NNG
전주 여행	273	주달	NNG
전주 여행	273	봉이	NNG
전주 여행	273	대부분	NNG
전주 여행	273	코스	NNG
전주 여행	273	한옥마을	NNP
전주 여행	273	경기전	NNG
전주 여행	273	남부	NNG
전주 여행	273	시장	NNG
전주 여행	273	시장	NNG
전주 여행	273	벽화	NNG
전주 여행	273	마을	NNG
전주 여행	273	전동성당	NNP
전주 여행	273	향교	NNG
전주 여행	273	목대	NNG
전주 여행	273	추가	NNG
전주 여행	274	코스	NNG
전주 여행	274	동선	NNG
전주 여행	274	숙소	NNG
전주 여행	274	완산구	NNP
전주 여행	274	서신동	NNP
전주 여행	274	맛집	NNG
전주 여행	274	국내	NNG
전주 여행	274	주달	NNG
전주 여행	274	티비	NNG
전주 여행	274	코스	NNG
전주 여행	274	여수	NNG
전주 여행	274	여수	NNG
전주 여행	274	제주	NNP
전주 여행	274	제주도	NNP
전주 여행	274	전문	NNG
전주 여행	274	언서	NNG
전주 여행	274	주달	NNG
전주 여행	274	봉이	NNG
전주 여행	274	한옥마을	NNP
전주 여행	275	크리스마스	NNG
전주 여행	275	당일치기	NNG
전주 여행	275	고등학생	NNG
전주 여행	275	정도	NNG
전주 여행	275	답변	NNG
전주 여행	275	대학	NNG
전주 여행	275	투어	NNG
전주 여행	275	공연	NNG
전주 여행	275	연극	NNG
전주 여행	275	추천	NNG
전주 여행	276	전라도	NNP
전주 여행	276	사투리	NNG
전주 여행	276	억양	NNG
전주 여행	276	거북	NNG
전주 여행	276	사람	NNG
전주 여행	276	전라도	NNP
전주 여행	276	사투리	NNG
전주 여행	276	의외	NNG
전주 여행	276	전라북도	NNP
전주 여행	276	전주시	NNP
전주 여행	277	코스	NNG
전주 여행	277	추천	NNG
전주 여행	277	조언	NNG
전주 여행	277	한옥마을	NNP
전주 여행	277	경기전	NNG
전주 여행	277	난장	NNG
전주 여행	277	국립	NNG
전주 여행	277	박물관	NNG
전주 여행	277	동물원	NNG
전주 여행	277	이동	NNG
전주 여행	277	수단	NNG
전주 여행	277	자동차	NNG
전주 여행	277	맛집	NNG
전주 여행	277	국내	NNG
전주 여행	277	주달	NNG
전주 여행	277	티비	NNG
전주 여행	277	코스	NNG
전주 여행	277	여수	NNG
전주 여행	277	여수	NNG
전주 여행	277	제주	NNP
전주 여행	278	한옥	NNG
전주 여행	278	마을	NNG
전주 여행	278	근처	NNG
전주 여행	278	이용	NNG
전주 여행	278	장소	NNG
전주 여행	278	장소	NNG
전주 여행	278	운송	NNG
전주 여행	278	가능	NNG
전주 여행	278	가격	NNG
전주 여행	278	실시간	NNG
전주 여행	278	주문	NNG
전주 여행	278	현황	NNG
전주 여행	278	확인	NNG
전주 여행	278	가능	NNG
전주 여행	278	편리	NNG
전주 여행	278	이용	NNG
전주 여행	278	가능	NNG
전주 여행	278	참고	NNG
전주 여행	279	일정	NNG
전주 여행	279	이번	NNG
전주 여행	279	소요	NNG
전주 여행	279	시간	NNG
전주 여행	279	한옥마을	NNP
전주 여행	279	초코파이	NNP
전주 여행	279	체험	NNG
전주 여행	279	수목원	NNG
전주 여행	279	랜드	NNG
전주 여행	279	이동	NNG
전주 여행	279	시간	NNG
전주 여행	279	부탁	NNG
전주 여행	279	한옥마을	NNP
전주 여행	279	초코파이	NNP
전주 여행	279	체험	NNG
전주 여행	280	이번	NNG
전주 여행	280	태교	NNG
전주 여행	280	강아지	NNG
전주 여행	280	맛집	NNG
전주 여행	280	국내	NNG
전주 여행	280	주달	NNG
전주 여행	280	티비	NNG
전주 여행	280	코스	NNG
전주 여행	280	여수	NNG
전주 여행	280	여수	NNG
전주 여행	280	제주	NNP
전주 여행	280	제주도	NNP
전주 여행	280	전문	NNG
전주 여행	280	언서	NNG
전주 여행	280	주달	NNG
전주 여행	280	봉이	NNG
전주 여행	280	숙소	NNG
전주 여행	280	바닷가	NNG
전주 여행	281	추천	NNG
전주 여행	281	추천	NNG
전주 여행	281	주식	NNG
전주 여행	281	문화	NNG
전주 여행	281	전일	NNG
전주 여행	281	슈퍼	NNG
전주 여행	281	주만	NNP
전주 여행	281	문화	NNG
전주 여행	281	피큐어	NNP
전주 여행	281	평점	NNG
전주 여행	281	전주식	NNP
전주 여행	281	한정식	NNP
전주 여행	281	최고봉	NNP
전주 여행	281	수구	NNP
전주 여행	281	전라	NNP
전주 여행	281	회관	NNG
전주 여행	281	전주비빔밥	NNG
전주 여행	281	최고봉	NNG
전주 여행	281	고궁	NNG
전주 여행	281	성미	NNG
전주 여행	281	토종	NNG
전주 여행	281	명품	NNG
전주 여행	281	사용	NNG
전주 여행	281	리의	NNG
전주 여행	282	혼자	NNG
전주 여행	282	코스	NNG
전주 여행	282	질문	NNG
전주 여행	282	정보	NNG
전주 여행	282	정리	NNG
전주 여행	282	참고	NNG
전주 여행	282	덕진	NNP
전주 여행	282	공원	NNG
전주 여행	282	추천	NNP
전주 여행	282	덕진	NNP
전주 여행	282	공원	NNG
전주 여행	282	터미널	NNG
전주 여행	282	산책	NNG
전주 여행	282	호수	NNG
전주 여행	282	공원	NNG
전주 여행	282	덕진	NNP
전주 여행	282	공원	NNG
전주 여행	282	생략	NNG
전주 여행	282	남부	NNG
전주 여행	282	시장	NNG
전주 여행	283	맛집	NNG
전주 여행	283	국내	NNG
전주 여행	283	주달	NNG
전주 여행	283	티비	NNG
전주 여행	283	코스	NNG
전주 여행	283	여수	NNG
전주 여행	283	여수	NNG
전주 여행	283	제주	NNP
전주 여행	283	제주도	NNP
전주 여행	283	전문	NNG
전주 여행	283	언서	NNG
전주 여행	283	주달	NNG
전주 여행	283	봉이	NNG
전주 여행	283	코스	NNG
전주 여행	283	한옥	NNG
전주 여행	283	마을	NNG
전주 여행	283	시작	NNG
전주 여행	284	부모	NNG
전주 여행	284	정보	NNG
전주 여행	284	숙소	NNG
전주 여행	284	관광지	NNG
전주 여행	284	추천	NNG
전주 여행	284	부탁	NNG
전주 여행	284	맛집	NNG
전주 여행	284	국내	NNG
전주 여행	284	주달	NNG
전주 여행	284	티비	NNG
전주 여행	284	코스	NNG
전주 여행	284	여수	NNG
전주 여행	285	코스	NNG
전주 여행	285	복귀	NNG
전주 여행	285	지난주	NNG
전주 여행	285	당일	NNG
전주 여행	285	코스	NNG
전주 여행	285	주말	NNG
전주 여행	285	관광지	NNG
전주 여행	285	사람	NNG
전주 여행	285	생각	NNG
전주 여행	285	최소한	NNG
전주 여행	286	당일치기	NNG
전주 여행	286	질문	NNG
전주 여행	286	맛집	NNG
전주 여행	286	국내	NNG
전주 여행	286	주달	NNG
전주 여행	286	티비	NNG
전주 여행	286	코스	NNG
전주 여행	286	여수	NNG
전주 여행	286	여수	NNG
전주 여행	286	제주	NNP
전주 여행	286	제주도	NNP
전주 여행	286	전문	NNG
전주 여행	286	언서	NNG
전주 여행	286	주달	NNG
전주 여행	286	봉이	NNG
전주 여행	286	기지	NNG
전주 여행	286	산책	NNG
전주 여행	286	저녁	NNG
전주 여행	287	코스	NNG
전주 여행	287	추천	NNG
전주 여행	287	부탁	NNG
전주 여행	287	남자	NNG
전주 여행	287	친구	NNG
전주 여행	287	생일	NNG
전주 여행	287	처음	NNG
전주 여행	287	코스	NNG
전주 여행	287	추천	NNG
전주 여행	287	숙소	NNG
전주 여행	287	한옥마을	NNP
전주 여행	287	도보	NNP
전주 여행	287	거리	NNG
전주 여행	287	자차	NNG
전주 여행	287	이동은	NNP
전주 여행	287	문제	NNG
전주 여행	287	맛집	NNG
전주 여행	287	추천	NNG
전주 여행	287	부탁	NNG
전주 여행	287	안녕	NNG
전주 여행	288	한옥	NNG
전주 여행	288	마을	NNG
전주 여행	288	남자	NNG
전주 여행	288	혼자	NNG
전주 여행	288	예정	NNG
전주 여행	288	욕조	NNG
전주 여행	288	무리	NNG
전주 여행	288	질문	NNG
전주 여행	288	맛집	NNG
전주 여행	288	국내	NNG
전주 여행	288	주달	NNG
전주 여행	288	티비	NNG
전주 여행	288	코스	NNG
전주 여행	288	여수	NNG
전주 여행	288	여수	NNG
전주 여행	288	제주	NNP
전주 여행	288	제주도	NNP
전주 여행	288	전문	NNG
전주 여행	288	언서	NNG
전주 여행	289	렌트	NNG
전주 여행	289	렌트	NNG
전주 여행	289	안녕	NNG
전주 여행	289	려인	NNG
전주 여행	289	애견	NNG
전주 여행	289	동반	NNG
전주 여행	289	플랫	NNG
전주 여행	289	하트	NNG
전주 여행	289	도시	NNG
전주 여행	289	택시	NNG
전주 여행	289	이동	NNG
전주 여행	289	불편	NNG
전주 여행	289	답변	NNG
전주 여행	289	도움	NNG
전주 여행	289	채택	NNG
전주 여행	290	코스	NNG
전주 여행	290	질문	NNG
전주 여행	290	이상	NNG
전주 여행	290	문의	NNG
전주 여행	290	통상	NNG
전주 여행	290	안내	NNG
전주 여행	290	정보	NNG
전주 여행	290	질문	NNG
전주 여행	290	요약	NNG
전주 여행	290	사이트	NNG
전주 여행	290	예약	NNG
전주 여행	290	오전	NNG
전주 여행	291	코스	NNG
전주 여행	291	질문	NNG
전주 여행	291	내공	NNG
전주 여행	291	부산	NNP
전주 여행	291	자차	NNG
전주 여행	291	버스	NNG
전주 여행	291	위주	NNG
전주 여행	291	버스	NNG
전주 여행	291	정도	NNG
전주 여행	291	지역	NNG
전주 여행	292	코스	NNG
전주 여행	292	추천	NNG
전주 여행	292	코스	NNG
전주 여행	292	추천	NNG
전주 여행	292	세염	NNG
전주 여행	292	동물원	NNP
전주 여행	292	한옥마을	NNP
전주 여행	292	덕진	NNP
전주 여행	292	연못	NNG
전주 여행	292	가보세요	NNG
전주 여행	293	코스	NNG
전주 여행	293	당일치기	NNG
전주 여행	293	코스	NNG
전주 여행	293	동물원	NNG
전주 여행	293	한옥마을	NNP
전주 여행	293	수목원	NNG
전주 여행	293	팔복	NNG
전주 여행	293	예술	NNG
전주 여행	293	공장	NNG
전주 여행	293	랜드	NNG
전주 여행	293	당일치기	NNG
전주 여행	293	코스	NNG
전주 여행	293	자가용	NNG
전주 여행	293	이동	NNG
전주 여행	293	아래	NNG
전주 여행	293	코스	NNG
전주 여행	293	시간	NNG
전주 여행	294	코스	NNG
전주 여행	294	질문	NNG
전주 여행	294	코스	NNG
전주 여행	294	관련	NNG
전주 여행	294	답변	NNG
전주 여행	294	가족	NNG
전주 여행	294	계획	NNG
전주 여행	294	추천	NNG
전주 여행	294	명소	NNG
전주 여행	294	맛집	NNG
전주 여행	294	포함	NNG
전주 여행	294	맞춤	NNG
전주 여행	294	코스	NNG
전주 여행	294	준비	NNG
전주 여행	294	아래	NNG
전주 여행	294	첨부	NNG
전주 여행	294	일정	NNG
전주 여행	295	당일치기	NNG
전주 여행	295	코스	NNG
전주 여행	295	처음	NNG
전주 여행	295	한옥	NNG
전주 여행	295	마을	NNG
전주 여행	295	한복	NNG
전주 여행	295	한옥마을	NNP
전주 여행	295	전동성당	NNP
전주 여행	295	경기전	NNG
전주 여행	295	자만	NNG
전주 여행	295	벽화	NNG
전주 여행	295	마을	NNG
전주 여행	295	한옥마을	NNP
전주 여행	296	초등	NNG
전주 여행	296	아이	NNG
전주 여행	296	코스	NNG
전주 여행	296	맛집	NNG
전주 여행	296	추천	NNG
전주 여행	296	부탁	NNG
전주 여행	296	아이	NNG
전주 여행	296	계획	NNG
전주 여행	296	아이	NNG
전주 여행	296	추천	NNG
전주 여행	296	한옥마을	NNP
전주 여행	296	계획	NNG
전주 여행	296	장소	NNG
전주 여행	296	한옥마을	NNP
전주 여행	296	한복	NNG
전주 여행	296	한옥마을	NNP
전주 여행	296	사진	NNG
전주 여행	297	코스	NNG
전주 여행	297	코스	NNG
전주 여행	297	추천	NNG
전주 여행	297	전문	NNG
전주 여행	297	블로거	NNP
전주 여행	297	쭈니	NNP
전주 여행	297	아빠	NNG
전주 여행	297	방학	NNG
전주 여행	297	친구	NNG
전주 여행	297	준비	NNG
전주 여행	297	한옥마을	NNP
전주 여행	297	중심	NNG
전주 여행	297	터미널	NNG
전주 여행	297	버스	NNG
전주 여행	297	한옥	NNG
전주 여행	297	마을	NNG
전주 여행	298	순서	NNG
전주 여행	298	덕진	NNP
전주 여행	298	공원	NNG
전주 여행	298	동물원	NNG
전주 여행	298	한옥	NNG
전주 여행	298	마을	NNG
전주 여행	298	남부	NNG
전주 여행	298	시장	NNG
전주 여행	298	시외버스	NNG
전주 여행	298	공용	NNG
전주 여행	298	터미널	NNG
전주 여행	298	순서	NNG
전주 여행	298	근처	NNG
전주 여행	298	바닷가	NNG
전주 여행	298	구경	NNG
전주 여행	299	비용	NNG
전주 여행	299	안녕	NNG
전주 여행	299	학생	NNG
전주 여행	299	수원	NNP
전주 여행	299	비용	NNG
전주 여행	299	정도	NNG
전주 여행	299	수원	NNP
전주 여행	299	자가용	NNG
전주 여행	299	정도	NNG
전주 여행	299	코스	NNG
전주 여행	299	대중교통	NNG
전주 여행	299	라면	NNG
전주 여행	300	음식점	NNG
전주 여행	300	동물원	NNP
전주 여행	300	레일바이크	NNP
전주 여행	300	아중	NNG
전주 여행	300	수지	NNG
전주 여행	300	목대	NNG
전주 여행	300	주변	NNG
전주 여행	300	맛집	NNG
전주 여행	300	음식	NNG
전주 여행	300	추천	NNG
전주 여행	300	내공	NNP
전주 여행	300	추가	NNG
전주 여행	300	터미널	NNG
전주 여행	300	답변	NNG
전주 여행	300	한옥	NNG
전주 여행	300	마을	NNG
전주 여행	300	떡갈비	NNG
전주 여행	301	여학생	NNG
전주 여행	301	친구	NNG
전주 여행	301	안녕	NNG
전주 여행	301	여학생	NNG
전주 여행	301	친구	NNG
전주 여행	301	일본	NNP
전주 여행	301	애니	NNP
전주 여행	301	오타쿠	NNP
전주 여행	301	갈만	NNG
전주 여행	302	부모	NNG
전주 여행	302	부모	NNG
전주 여행	302	명소	NNG
전주 여행	302	식당	NNG
전주 여행	302	추천	NNG
전주 여행	302	부탁	NNG
전주 여행	302	한옥마을	NNP
전주 여행	302	완산구	NNP
전주 여행	302	덕진구	NNP
전주 여행	302	추억	NNG
전주 여행	302	장소	NNG
전주 여행	303	이번	NNG
전주 여행	303	여자	NNG
전주 여행	303	친구	NNG
전주 여행	303	경로	NNG
전주 여행	303	토요일	NNG
전주 여행	303	실내	NNG
전주 여행	303	데이트	NNG
전주 여행	303	가능	NNG
전주 여행	303	감사	NNG
전주 여행	303	숙소	NNG
전주 여행	303	한옥	NNG
전주 여행	303	마을	NNG
전주 여행	303	근처	NNG
전주 여행	303	한옥마을	NNP
전주 여행	303	구경	NNG
전주 여행	304	저녁	NNG
전주 여행	304	주천	NNG
전주 여행	304	산책	NNG
전주 여행	304	한옥	NNG
전주 여행	304	마을	NNG
전주 여행	304	근처	NNG
전주 여행	304	야경	NNG
전주 여행	304	일정	NNG
전주 여행	304	관심	NNG
전주 여행	304	테마	NNG
전주 여행	304	사진	NNG
전주 여행	304	카페	NNG
전주 여행	304	체험	NNG
전주 여행	304	추천	NNG
전주 여행	305	코스	NNG
전주 여행	305	추천	NNG
전주 여행	305	영화제	NNG
전주 여행	305	기간	NNG
전주 여행	305	일정	NNG
전주 여행	305	코스	NNG
전주 여행	305	추천	NNG
전주 여행	305	주목적	NNG
전주 여행	305	전주국	NNG
전주 여행	305	영화제	NNG
전주 여행	305	알짜배기	NNG
전주 여행	305	추천	NNG
전주 여행	306	커플	NNG
전주 여행	306	추천	NNG
전주 여행	306	숙소	NNG
전주 여행	306	거리	NNG
전주 여행	306	맛집	NNG
전주 여행	306	추천	NNG
전주 여행	306	감사	NNG
전주 여행	306	한옥마을	NNP
전주 여행	306	답변	NNG
전주 여행	306	도움	NNG
전주 여행	306	한옥마을	NNP
전주 여행	306	한옥마을	NNP
전주 여행	306	맛집	NNG
전주 여행	306	추천	NNG
전주 여행	307	추석	NNG
전주 여행	307	그때	NNG
전주 여행	307	한옥마을	NNP
전주 여행	307	관광지	NNG
전주 여행	307	추석	NNG
전주 여행	307	당일	NNG
전주 여행	307	이벤트	NNG
전주 여행	307	진행	NNG
전주 여행	307	한국	NNP
전주 여행	307	관광공사	NNP
전주 여행	307	숙박	NNG
전주 여행	307	세일	NNG
전주 여행	307	페스타	NNP
전주 여행	307	이벤트	NNG
전주 여행	307	진행	NNG
전주 여행	308	연령	NNG
전주 여행	308	렌트카	NNG
전주 여행	308	추천	NNG
전주 여행	308	이번	NNG
전주 여행	308	연령	NNG
전주 여행	308	자동차	NNG
전주 여행	308	추천	NNG
전주 여행	308	부탁	NNG
전주 여행	308	가격	NNG
전주 여행	308	렌트	NNG
전주 여행	308	정도	NNG
전주 여행	308	이상	NNG
전주 여행	308	렌트	NNG
전주 여행	308	가능	NNG
전주 여행	308	자동차	NNG
전주 여행	308	가격	NNG
전주 여행	309	포항	NNP
전주 여행	309	포항	NNP
전주 여행	309	기차	NNG
전주 여행	309	버스	NNG
전주 여행	309	안녕	NNG
전주 여행	309	포항	NNP
전주 여행	309	기차	NNG
전주 여행	309	버스	NNG
전주 여행	309	장단점	NNG
전주 여행	309	방법	NNG
전주 여행	309	결정	NNG
전주 여행	309	요소	NNG
전주 여행	309	고려	NNG
전주 여행	309	필요	NNG
전주 여행	310	펜션	NNG
전주 여행	310	한옥	NNG
전주 여행	310	이번	NNG
전주 여행	310	남자	NNG
전주 여행	310	친구	NNG
전주 여행	310	펜션	NNG
전주 여행	310	한옥	NNG
전주 여행	310	마을	NNG
전주 여행	310	근처	NNG
전주 여행	310	한옥	NNG
전주 여행	310	펜션	NNG
전주 여행	310	내부	NNG
전주 여행	310	정감	NNG
전주 여행	310	분위기	NNG
전주 여행	310	답변	NNG
전주 여행	310	부탁	NNG
전주 여행	311	주세요	NNP
전주 여행	311	한옥마을	NNP
전주 여행	311	완산구	NNP
전주 여행	311	덕진구	NNP
전주 여행	311	추억	NNG
전주 여행	311	장소	NNG
전주 여행	311	완산구	NNP
전주 여행	311	덕진구	NNP
전주 여행	311	여행지	NNG
전주 여행	312	엄마	NNG
전주 여행	312	계획	NNG
전주 여행	312	답변	NNG
전주 여행	312	부탁	NNG
전주 여행	312	기차	NNG
전주 여행	312	고속버스	NNG
전주 여행	312	도착	NNG
전주 여행	312	관광	NNG
전주 여행	312	이용	NNG
전주 여행	312	교통수단	NNG
전주 여행	312	숙소	NNG
전주 여행	312	추천	NNG
전주 여행	312	서울	NNP
전주 여행	313	당일치기	NNG
전주 여행	313	당일치기	NNG
전주 여행	313	계획	NNG
전주 여행	313	주역	NNP
전주 여행	313	한옥마을	NNP
전주 여행	313	방법	NNG
전주 여행	313	당일치기	NNG
전주 여행	313	코스	NNG
전주 여행	313	주역	NNP
전주 여행	313	한옥마을	NNP
전주 여행	313	방법	NNG
전주 여행	313	택시	NNG
전주 여행	313	버스	NNG
전주 여행	313	주역	NNP
전주 여행	313	한옥마을	NNP
전주 여행	313	택시	NNG
전주 여행	314	경비	NNG
전주 여행	314	보통	NNG
전주 여행	314	경비	NNG
전주 여행	314	얼마	NNG
전주 여행	314	정도	NNG
전주 여행	314	숙소	NNG
전주 여행	314	질문	NNG
전주 여행	314	도움	NNG
전주 여행	314	답변	NNG
전주 여행	314	예산	NNG
전주 여행	314	내외	NNG
전주 여행	314	숙소	NNG
전주 여행	315	커플	NNG
전주 여행	315	도움	NNG
전주 여행	315	남자	NNG
전주 여행	315	친구	NNG
전주 여행	315	이용	NNG
전주 여행	315	이용	NNG
전주 여행	315	요소	NNG
전주 여행	315	고려	NNG
전주 여행	315	교통	NNG
전주 여행	315	체증	NNG
전주 여행	315	예상	NNG
전주 여행	315	날짜	NNG
전주 여행	315	이용	NNG
전주 여행	315	남자	NNG
전주 여행	315	친구	NNG
전주 여행	316	여행지	NNG
전주 여행	316	맛집	NNG
전주 여행	316	추천	NNG
전주 여행	316	보리암	NNP
전주 여행	316	다랭이	NNG
전주 여행	316	독일	NNP
전주 여행	316	마을	NNG
전주 여행	316	한옥마을	NNP
전주 여행	316	맛집	NNG
전주 여행	316	추천	NNG
전주 여행	316	추천	NNG
전주 여행	316	맛집	NNG
전주 여행	317	추천	NNG
전주 여행	317	맛집	NNG
전주 여행	317	국내	NNG
전주 여행	317	주달	NNG
전주 여행	317	티비	NNG
전주 여행	317	코스	NNG
전주 여행	317	여수	NNG
전주 여행	317	여수	NNG
전주 여행	317	제주	NNP
전주 여행	317	제주도	NNP
전주 여행	317	전문	NNG
전주 여행	317	언서	NNG
전주 여행	317	주달	NNG
전주 여행	317	봉이	NNG
전주 여행	317	코스	NNG
전주 여행	317	한옥	NNG
전주 여행	317	마을	NNG
전주 여행	318	코스	NNG
전주 여행	318	질문	NNG
전주 여행	318	코스	NNG
전주 여행	318	전라도	NNP
전주 여행	318	맛집	NNG
전주 여행	318	국내	NNG
전주 여행	318	주달	NNG
전주 여행	318	티비	NNG
전주 여행	318	코스	NNG
전주 여행	318	여수	NNG
전주 여행	318	여수	NNG
전주 여행	318	제주	NNP
전주 여행	318	제주도	NNP
전주 여행	318	전문	NNG
전주 여행	318	언서	NNG
전주 여행	319	비용	NNG
전주 여행	319	얼마	NNG
전주 여행	319	비용	NNG
전주 여행	319	요소	NNG
전주 여행	319	일반	NNG
전주 여행	319	다음	NNG
전주 여행	319	항목	NNG
전주 여행	319	포함	NNG
전주 여행	319	교통비	NNG
전주 여행	319	이동	NNG
전주 여행	319	교통	NNG
전주 여행	319	비용	NNG
전주 여행	320	코스	NNG
전주 여행	320	맛집	NNG
전주 여행	320	국내	NNG
전주 여행	320	주달	NNG
전주 여행	320	티비	NNG
전주 여행	320	코스	NNG
전주 여행	320	여수	NNG
전주 여행	320	여수	NNG
전주 여행	320	제주	NNP
전주 여행	320	제주도	NNP
전주 여행	320	전문	NNG
전주 여행	320	언서	NNG
전주 여행	320	주달	NNG
전주 여행	320	봉이	NNG
전주 여행	320	코스	NNG
전주 여행	320	한옥	NNG
전주 여행	320	마을	NNG
전주 여행	320	시작	NNG
전주 여행	321	당일치기	NNG
전주 여행	321	혼자	NNG
전주 여행	321	코스	NNG
전주 여행	321	추천	NNG
전주 여행	321	박물관	NNG
전주 여행	321	미술관	NNG
전주 여행	321	지역	NNG
전주 여행	321	공간	NNG
전주 여행	321	스토리	NNG
전주 여행	321	안내	NNG
전주 여행	321	해설	NNG
전주 여행	321	문화	NNG
전주 여행	321	코스	NNG
전주 여행	321	방지	NNG
전주 여행	321	예약금	NNG
전주 여행	321	결제	NNG
전주 여행	321	현장	NNG
전주 여행	321	상당	NNG
전주 여행	321	음료	NNG
전주 여행	321	기프	NNP
전주 여행	321	환급	NNG
전주 여행	321	선착순	NNG
전주 여행	321	마감	NNG
전주 여행	321	계획	NNG
전주 여행	322	필요	NNG
전주 여행	322	가요	NNG
전주 여행	322	안녕	NNG
전주 여행	322	계획	NNG
전주 여행	322	서울	NNP
전주 여행	322	기차	NNG
전주 여행	322	렌트	NNG
전주 여행	322	참고	NNG
전주 여행	322	한옥마을	NNP
전주 여행	322	포함	NNG
전주 여행	322	유명	NNG
전주 여행	322	관광지	NNG
전주 여행	322	계획	NNG
전주 여행	322	맛집	NNG
전주 여행	322	국내	NNG
전주 여행	323	맛집	NNG
전주 여행	323	국내	NNG
전주 여행	323	주달	NNG
전주 여행	323	티비	NNG
전주 여행	323	코스	NNG
전주 여행	323	여수	NNG
전주 여행	323	여수	NNG
전주 여행	323	제주	NNP
전주 여행	323	제주도	NNP
전주 여행	323	전문	NNG
전주 여행	323	언서	NNG
전주 여행	323	주달	NNG
전주 여행	323	봉이	NNG
전주 여행	323	대중교통	NNG
전주 여행	323	택시	NNG
전주 여행	323	이용	NNG
전주 여행	324	완주	NNG
전주 여행	324	맛집	NNG
전주 여행	324	국내	NNG
전주 여행	324	주달	NNG
전주 여행	324	티비	NNG
전주 여행	324	코스	NNG
전주 여행	324	여수	NNG
전주 여행	324	여수	NNG
전주 여행	324	제주	NNP
전주 여행	324	제주도	NNP
전주 여행	324	전문	NNG
전주 여행	324	언서	NNG
전주 여행	324	주달	NNG
전주 여행	324	봉이	NNG
전주 여행	324	완주	NNP
전주 여행	325	부탁	NNG
전주 여행	325	맛집	NNG
전주 여행	325	국내	NNG
전주 여행	325	주달	NNG
전주 여행	325	티비	NNG
전주 여행	325	코스	NNG
전주 여행	325	여수	NNG
전주 여행	325	여수	NNG
전주 여행	325	제주	NNP
전주 여행	325	제주도	NNP
전주 여행	325	전문	NNG
전주 여행	325	언서	NNG
전주 여행	325	주달	NNG
전주 여행	325	봉이	NNG
전주 여행	325	코스	NNG
전주 여행	326	코스	NNG
전주 여행	326	코스	NNG
전주 여행	326	역사	NNG
전주 여행	326	유적지	NNG
전주 여행	326	전통문화	NNG
전주 여행	326	한옥마을	NNP
전주 여행	326	방문	NNG
전주 여행	326	시작	NNG
전주 여행	326	한옥	NNG
전주 여행	326	마을	NNG
전주 여행	327	대중교통	NNG
전주 여행	327	렌트카	NNG
전주 여행	327	대중교통	NNG
전주 여행	327	교통	NNG
전주 여행	327	상황	NNG
전주 여행	327	맛집	NNG
전주 여행	327	국내	NNG
전주 여행	327	주달	NNG
전주 여행	327	티비	NNG
전주 여행	327	코스	NNG
전주 여행	327	여수	NNG
전주 여행	327	여수	NNG
전주 여행	327	제주	NNP
전주 여행	328	연인	NNG
전주 여행	328	추천	NNG
전주 여행	328	한옥마을	NNP
전주 여행	328	동물원	NNP
전주 여행	328	한국도로공사	NNP
전주 여행	328	수목원	NNG
전주 여행	328	향교	NNP
전주 여행	328	덕진	NNP
전주 여행	328	공원	NNG
전주 여행	329	관련	NNG
전주 여행	329	맛집	NNG
전주 여행	329	국내	NNG
전주 여행	329	주달	NNG
전주 여행	329	티비	NNG
전주 여행	329	코스	NNG
전주 여행	329	여수	NNG
전주 여행	329	여수	NNG
전주 여행	329	제주	NNP
전주 여행	329	제주도	NNP
전주 여행	329	전문	NNG
전주 여행	329	언서	NNG
전주 여행	329	주달	NNG
전주 여행	329	봉이	NNG
전주 여행	329	주말	NNG
전주 여행	329	평일	NNG
전주 여행	330	추천	NNG
전주 여행	330	맛집	NNG
전주 여행	330	국내	NNG
전주 여행	330	주달	NNG
전주 여행	330	티비	NNG
전주 여행	330	코스	NNG
전주 여행	330	여수	NNG
전주 여행	330	여수	NNG
전주 여행	330	제주	NNP
전주 여행	330	제주도	NNP
전주 여행	330	전문	NNG
전주 여행	330	언서	NNG
전주 여행	330	주달	NNG
전주 여행	330	봉이	NNG
전주 여행	331	이번	NNG
전주 여행	331	추천	NNG
전주 여행	331	위주	NNG
전주 여행	331	트레	NNP
전주 여행	331	계획	NNG
전주 여행	331	볼거리	NNG
전주 여행	332	경비	NNG
전주 여행	332	식비	NNG
전주 여행	332	교통비	NNG
전주 여행	332	술값	NNG
전주 여행	332	맛집	NNG
전주 여행	332	국내	NNG
전주 여행	332	주달	NNG
전주 여행	332	티비	NNG
전주 여행	332	코스	NNG
전주 여행	332	여수	NNG
전주 여행	332	여수	NNG
전주 여행	333	비용	NNG
전주 여행	333	맛집	NNG
전주 여행	333	국내	NNG
전주 여행	333	주달	NNG
전주 여행	333	티비	NNG
전주 여행	333	코스	NNG
전주 여행	333	여수	NNG
전주 여행	333	여수	NNG
전주 여행	333	제주	NNP
전주 여행	333	제주도	NNP
전주 여행	333	전문	NNG
전주 여행	333	언서	NNG
전주 여행	333	주달	NNG
전주 여행	333	봉이	NNG
전주 여행	333	한옥마을	NNP
전주 여행	333	입장료	NNG
전주 여행	333	기본	NNG
전주 여행	334	친구	NNG
전주 여행	334	친구	NNG
전주 여행	334	호텔	NNG
전주 여행	334	맛집	NNG
전주 여행	334	추천	NNG
전주 여행	334	호텔	NNG
전주 여행	334	시설	NNG
전주 여행	334	한옥	NNP
전주 여행	334	침대	NNG
전주 여행	334	맛집	NNG
전주 여행	334	양식	NNG
전주 여행	334	중식	NNG
전주 여행	334	일식	NNG
전주 여행	334	비용	NNG
전주 여행	334	인당	NNG
전주 여행	335	크리스마스	NNG
전주 여행	335	맛집	NNG
전주 여행	335	국내	NNG
전주 여행	335	주달	NNG
전주 여행	335	티비	NNG
전주 여행	335	코스	NNG
전주 여행	335	여수	NNG
전주 여행	335	여수	NNG
전주 여행	335	제주	NNP
전주 여행	335	제주도	NNP
전주 여행	335	전문	NNG
전주 여행	335	언서	NNG
전주 여행	335	주달	NNG
전주 여행	335	봉이	NNG
전주 여행	335	코스	NNG
전주 여행	335	한옥	NNG
전주 여행	335	마을	NNG
전주 여행	335	시작	NNG
전주 여행	336	질문	NNG
전주 여행	336	일정	NNG
전주 여행	336	관련	NNG
전주 여행	336	답변	NNG
전주 여행	336	가실	NNG
전주 여행	336	계획	NNG
전주 여행	336	준비	NNG
전주 여행	336	아래	NNG
전주 여행	336	일정	NNG
전주 여행	336	참고	NNG
전주 여행	337	초등	NNG
전주 여행	337	학년	NNG
전주 여행	337	수학여행	NNG
전주 여행	337	코스	NNG
전주 여행	337	관광	NNG
전주 여행	337	달인	NNG
전주 여행	337	주달	NNG
전주 여행	337	봉이	NNG
전주 여행	337	코스	NNG
전주 여행	337	추천	NNG
전주 여행	337	감사	NNG
전주 여행	337	맛집	NNG
전주 여행	337	국내	NNG
전주 여행	337	주달	NNG
전주 여행	337	티비	NNG
전주 여행	337	코스	NNG
전주 여행	337	여수	NNG
전주 여행	337	여수	NNG
전주 여행	337	제주	NNP
전주 여행	338	혼자	NNG
전주 여행	338	코스	NNG
전주 여행	338	질문	NNG
전주 여행	338	정보	NNG
전주 여행	338	정리	NNG
전주 여행	338	참고	NNG
전주 여행	338	덕진	NNP
전주 여행	338	공원	NNG
전주 여행	338	추천	NNP
전주 여행	338	덕진	NNP
전주 여행	338	공원	NNG
전주 여행	338	터미널	NNG
전주 여행	338	산책	NNG
전주 여행	338	호수	NNG
전주 여행	338	공원	NNG
전주 여행	338	덕진	NNP
전주 여행	338	공원	NNG
전주 여행	338	생략	NNG
전주 여행	338	남부	NNG
전주 여행	338	시장	NNG
전주 여행	339	전시회	NNG
전주 여행	339	추천	NNG
전주 여행	339	이번	NNG
전주 여행	339	남자	NNG
전주 여행	339	친구	NNG
전주 여행	339	한옥마을	NNP
전주 여행	339	갈만	NNG
전주 여행	339	공방	NNG
전주 여행	339	전시회	NNG
전주 여행	339	추천	NNG
전주 여행	339	부탁	NNG
전주 여행	339	안녕	NNG
전주 여행	339	질문	NNG
전주 여행	339	관련	NNG
전주 여행	339	답변	NNG
전주 여행	340	코스	NNG
전주 여행	340	추천	NNG
전주 여행	340	안녕	NNG
전주 여행	340	여자	NNG
전주 여행	340	친구	NNG
전주 여행	340	예정	NNG
전주 여행	340	숙소	NNG
전주 여행	340	더클래식	NNP
전주 여행	340	호텔	NNG
전주 여행	340	일정	NNG
전주 여행	340	금요일	NNG
전주 여행	340	오후	NNG
전주 여행	340	도착	NNG
전주 여행	340	예정	NNG
전주 여행	340	이동	NNG
전주 여행	340	수단	NNG
전주 여행	340	대중교통	NNG
전주 여행	340	택시	NNG
전주 여행	340	예정	NNG
전주 여행	341	거리	NNG
전주 여행	341	추석	NNG
전주 여행	341	예정	NNG
전주 여행	341	갈만	NNG
전주 여행	341	추천	NNG
전주 여행	341	맛집	NNG
전주 여행	341	국내	NNG
전주 여행	341	주달	NNG
전주 여행	341	티비	NNG
전주 여행	341	코스	NNG
전주 여행	341	여수	NNG
전주 여행	341	여수	NNG
전주 여행	341	제주	NNP
전주 여행	342	갈만	NNG
전주 여행	342	맛집	NNG
전주 여행	342	국내	NNG
전주 여행	342	주달	NNG
전주 여행	342	티비	NNG
전주 여행	342	코스	NNG
전주 여행	342	여수	NNG
전주 여행	342	여수	NNG
전주 여행	342	제주	NNP
전주 여행	342	제주도	NNP
전주 여행	342	전문	NNG
전주 여행	342	언서	NNG
전주 여행	342	주달	NNG
전주 여행	342	봉이	NNG
전주 여행	342	코스	NNG
전주 여행	342	한옥	NNG
전주 여행	342	마을	NNG
전주 여행	343	코스	NNG
전주 여행	343	일정	NNG
전주 여행	343	문자	NNG
전주 여행	343	반양	NNG
전주 여행	343	시간	NNG
전주 여행	343	무리	NNG
전주 여행	343	일정	NNG
전주 여행	343	가운데	NNG
전주 여행	343	점심	NNG
전주 여행	343	박물관	NNG
전주 여행	343	관광	NNG
전주 여행	343	수목원	NNG
전주 여행	343	관광	NNG
전주 여행	343	관광	NNG
전주 여행	343	교동	NNP
전주 여행	343	다윈	NNP
전주 여행	344	추천	NNG
전주 여행	344	부탁	NNG
전주 여행	344	맛집	NNG
전주 여행	344	추천	NNG
전주 여행	344	부탁	NNG
전주 여행	344	감사	NNG
전주 여행	344	맛집	NNG
전주 여행	344	주달	NNG
전주 여행	344	티비	NNG
전주 여행	344	코스	NNG
전주 여행	344	언서	NNG
전주 여행	344	주달	NNG
전주 여행	344	봉이	NNG
전주 여행	345	강아지	NNG
전주 여행	345	가능	NNG
전주 여행	345	강아지	NNG
전주 여행	345	동반	NNG
전주 여행	345	강아지	NNG
전주 여행	345	맛집	NNG
전주 여행	345	관광	NNG
전주 여행	345	반려	NNG
전주 여행	345	동물	NNG
전주 여행	345	반려	NNG
전주 여행	345	생활	NNG
전주 여행	345	하늘	NNG
전주 여행	345	가을	NNG
전주 여행	345	강아지	NNG
전주 여행	345	추억	NNG
전주 여행	346	광주	NNP
전주 여행	346	감사	NNG
전주 여행	346	맛집	NNG
전주 여행	346	국내	NNG
전주 여행	346	주달	NNG
전주 여행	346	티비	NNG
전주 여행	346	코스	NNG
전주 여행	346	여수	NNG
전주 여행	346	여수	NNG
전주 여행	346	제주	NNP
전주 여행	346	제주도	NNP
전주 여행	346	전문	NNG
전주 여행	346	언서	NNG
전주 여행	346	주달	NNG
전주 여행	346	봉이	NNG
전주 여행	346	버스	NNG
전주 여행	346	터미널	NNG
전주 여행	347	코스	NNG
전주 여행	347	질문	NNG
전주 여행	347	일정	NNG
전주 여행	347	관련	NNG
전주 여행	347	답변	NNG
전주 여행	347	친정	NNG
전주 여행	347	어머니	NNG
전주 여행	347	아래	NNG
전주 여행	347	일정	NNG
전주 여행	347	준비	NNG
전주 여행	347	참고	NNG
전주 여행	347	도움	NNG
전주 여행	348	추천	NNG
전주 여행	348	당일치기	NNG
전주 여행	348	추천	NNG
전주 여행	348	당일치기	NNG
전주 여행	348	맛집	NNG
전주 여행	348	국내	NNG
전주 여행	348	주달	NNG
전주 여행	348	티비	NNG
전주 여행	348	코스	NNG
전주 여행	348	여수	NNG
전주 여행	348	여수	NNG
전주 여행	348	제주	NNP
전주 여행	348	제주도	NNP
전주 여행	348	전문	NNG
전주 여행	348	언서	NNG
전주 여행	348	주달	NNG
전주 여행	348	봉이	NNG
전주 여행	349	팀조	NNP
전주 여행	349	맛집	NNG
전주 여행	349	서울	NNP
전주 여행	349	지방	NNG
전주 여행	349	변호	NNG
전주 여행	349	사회	NNG
전주 여행	349	소속	NNG
전주 여행	349	지식	NNG
전주 여행	349	법률	NNG
전주 여행	349	상담	NNG
전주 여행	349	진행	NNG
전주 여행	349	김선용	NNP
전주 여행	349	변호사	NNG
전주 여행	349	스타	NNG
전주 여행	349	그램	NNG
전주 여행	349	검색	NNG
전주 여행	350	한옥마을	NNP
전주 여행	350	준비	NNG
전주 여행	350	대여	NNG
전주 여행	350	천차만별	NNG
전주 여행	350	기본	NNG
전주 여행	350	금액	NNG
전주 여행	350	시작	NNG
전주 여행	350	시간	NNG
전주 여행	350	한복	NNG
전주 여행	350	가격	NNG
전주 여행	350	맛집	NNG
전주 여행	350	국내	NNG
전주 여행	350	주달	NNG
전주 여행	350	티비	NNG
전주 여행	350	코스	NNG
전주 여행	350	여수	NNG
전주 여행	350	여수	NNG
전주 여행	350	제주	NNP
전주 여행	351	고등학교	NNG
전주 여행	351	친구	NNG
전주 여행	351	당일치기	NNG
전주 여행	351	고등학교	NNG
전주 여행	351	학년	NNG
전주 여행	351	친구	NNG
전주 여행	351	당일	NNG
전주 여행	351	예정	NNG
전주 여행	351	부모	NNG
전주 여행	351	말씀	NNG
전주 여행	351	허락	NNG
전주 여행	351	고등학교	NNG
전주 여행	351	시절	NNG
전주 여행	351	친구	NNG
전주 여행	351	추억	NNG
전주 여행	352	휴가	NNG
전주 여행	352	코스	NNG
전주 여행	352	추천	NNG
전주 여행	352	일정	NNG
전주 여행	352	참고	NNG
전주 여행	352	제시	NNG
전주 여행	352	일정	NNG
전주 여행	352	조정	NNG
전주 여행	352	음식점	NNG
전주 여행	352	웨이팅	NNG
전주 여행	352	시간	NNG
전주 여행	352	방문	NNG
전주 여행	352	시간	NNG
전주 여행	352	요일	NNG
전주 여행	352	참고	NNG
전주 여행	353	여자	NNG
전주 여행	353	질문	NNG
전주 여행	353	다음	NNG
전주 여행	353	일정	NNG
전주 여행	353	추천	NNG
전주 여행	353	한옥마을	NNP
전주 여행	353	전통	NNG
전주 여행	353	한옥	NNG
전주 여행	353	건물	NNG
전주 여행	353	전통	NNG
전주 여행	353	문화	NNG
전주 여행	353	경험	NNG
전주 여행	353	향교	NNP
전주 여행	353	조선	NNP
전주 여행	353	시대	NNG
전주 여행	353	교육	NNG
전주 여행	353	기관	NNG
전주 여행	353	향교	NNG
전주 여행	353	남부	NNG
전주 여행	353	시장	NNG
전주 여행	353	주의	NNG
전주 여행	354	코스	NNG
전주 여행	354	안녕	NNG
전주 여행	354	가족	NNG
전주 여행	354	당장	NNG
전주 여행	354	이번	NNG
전주 여행	354	금요일	NNG
전주 여행	354	숙소	NNG
전주 여행	354	호텔	NNG
전주 여행	354	한옥마을	NNP
전주 여행	354	카페	NNG
전주 여행	354	투어	NNG
전주 여행	354	코스	NNG
전주 여행	354	스로	NNG
전주 여행	355	대둔산	NNP
전주 여행	355	케이블카	NNG
전주 여행	355	주말	NNG
전주 여행	355	사람	NNG
전주 여행	355	코스	NNG
전주 여행	355	추천	NNG
전주 여행	355	맛집	NNG
전주 여행	355	국내	NNG
전주 여행	355	주달	NNG
전주 여행	355	티비	NNG
전주 여행	355	코스	NNG
전주 여행	355	여수	NNG
전주 여행	355	여수	NNG
전주 여행	355	제주	NNP
전주 여행	355	제주도	NNP
전주 여행	355	전문	NNG
전주 여행	356	코스	NNG
전주 여행	356	복귀	NNG
전주 여행	356	지난주	NNG
전주 여행	356	당일	NNG
전주 여행	356	코스	NNG
전주 여행	356	주말	NNG
전주 여행	356	관광지	NNG
전주 여행	356	사람	NNG
전주 여행	356	생각	NNG
전주 여행	356	최소한	NNG
전주 여행	357	한옥마을	NNP
전주 여행	357	당일치기	NNG
전주 여행	357	질문	NNG
전주 여행	357	여수	NNP
전주 여행	357	제주도	NNP
전주 여행	357	맛집	NNG
전주 여행	357	주달	NNG
전주 여행	357	티비	NNG
전주 여행	357	코스	NNG
전주 여행	357	여수	NNG
전주 여행	357	여수	NNG
전주 여행	357	제주	NNP
전주 여행	357	제주도	NNP
전주 여행	357	전문	NNG
전주 여행	357	언서	NNG
전주 여행	357	주달	NNG
전주 여행	357	봉이	NNG
전주 여행	357	흐노	NNP
전주 여행	357	전망	NNG
전주 여행	358	혼자	NNG
전주 여행	358	사람	NNG
전주 여행	358	맛집	NNG
전주 여행	358	중순	NNG
전주 여행	358	계절	NNG
전주 여행	358	현재	NNG
전주 여행	358	코로나	NNP
전주 여행	358	여행객	NNG
전주 여행	358	사람	NNG
전주 여행	358	예상	NNG
전주 여행	358	맛집	NNG
전주 여행	359	이번	NNG
전주 여행	359	친구	NNG
전주 여행	359	답장	NNG
전주 여행	359	감사	NNG
전주 여행	359	여수	NNP
전주 여행	359	왕복	NNG
전주 여행	359	기차표	NNG
전주 여행	359	얼마	NNG
전주 여행	359	주가	NNG
전주 여행	360	월요일	NNG
전주 여행	360	휴무	NNG
전주 여행	360	맛집	NNG
전주 여행	360	국내	NNG
전주 여행	360	주달	NNG
전주 여행	360	티비	NNG
전주 여행	360	코스	NNG
전주 여행	360	여수	NNG
전주 여행	360	여수	NNG
전주 여행	360	제주	NNP
전주 여행	360	제주도	NNP
전주 여행	360	전문	NNG
전주 여행	360	언서	NNG
전주 여행	360	주달	NNG
전주 여행	360	봉이	NNG
전주 여행	360	걱정	NNG
전주 여행	360	대부분	NNG
전주 여행	360	오픈	NNG
전주 여행	361	당일치기	NNG
전주 여행	361	부모	NNG
전주 여행	361	맛집	NNG
전주 여행	361	국내	NNG
전주 여행	361	주달	NNG
전주 여행	361	티비	NNG
전주 여행	361	코스	NNG
전주 여행	361	여수	NNG
전주 여행	361	여수	NNG
전주 여행	361	제주	NNP
전주 여행	361	제주도	NNP
전주 여행	361	전문	NNG
전주 여행	361	언서	NNG
전주 여행	361	주달	NNG
전주 여행	361	봉이	NNG
전주 여행	361	바다	NNP
전주 여행	361	군산	NNP
전주 여행	361	새만금	NNP
전주 여행	362	갈만	NNG
전주 여행	362	숙소	NNG
전주 여행	362	한옥마을	NNP
전주 여행	362	게스트	NNP
전주 여행	362	하우스	NNP
전주 여행	362	안녕	NNG
전주 여행	362	가족	NNG
전주 여행	362	한옥마을	NNP
전주 여행	362	이번	NNG
전주 여행	362	기회	NNG
전주 여행	362	전라도	NNP
전주 여행	362	음식	NNG
전주 여행	362	전라도	NNP
전주 여행	362	대표	NNG
전주 여행	362	음식	NNG
전주 여행	362	맛집	NNG
전주 여행	363	코스	NNG
전주 여행	363	추천	NNG
전주 여행	363	코스	NNG
전주 여행	363	추천	NNG
전주 여행	363	여수	NNP
전주 여행	363	맛집	NNG
전주 여행	363	여수	NNG
전주 여행	363	주달	NNG
전주 여행	363	티비	NNG
전주 여행	363	코스	NNG
전주 여행	363	여수	NNG
전주 여행	363	여수	NNG
전주 여행	363	언서	NNG
전주 여행	363	주달	NNG
전주 여행	363	봉이	NNG
전주 여행	363	코스	NNG
전주 여행	363	대부분	NNG
전주 여행	363	한옥	NNG
전주 여행	363	마을	NNG
전주 여행	363	시작	NNG
전주 여행	364	볼거리	NNG
전주 여행	364	이번	NNG
전주 여행	364	거리	NNG
전주 여행	364	맛집	NNG
전주 여행	364	추천	NNG
전주 여행	364	한옥마을	NNP
전주 여행	364	동물원	NNP
전주 여행	364	한국도로공사	NNP
전주 여행	364	수목원	NNG
전주 여행	364	덕진	NNP
전주 여행	364	공원	NNG
전주 여행	364	난장	NNG
전주 여행	365	카페	NNP
전주 여행	365	추천	NNG
전주 여행	365	맛집	NNG
전주 여행	365	국내	NNG
전주 여행	365	주달	NNG
전주 여행	365	티비	NNG
전주 여행	365	코스	NNG
전주 여행	365	여수	NNG
전주 여행	365	여수	NNG
전주 여행	365	제주	NNP
전주 여행	365	제주도	NNP
전주 여행	365	전문	NNG
전주 여행	365	언서	NNG
전주 여행	365	주달	NNG
전주 여행	365	봉이	NNG
전주 여행	365	주이	NNG
전주 여행	365	바다	NNG
전주 여행	366	가족	NNG
전주 여행	366	코스	NNG
전주 여행	366	맛집	NNG
전주 여행	366	국내	NNG
전주 여행	366	주달	NNG
전주 여행	366	티비	NNG
전주 여행	366	코스	NNG
전주 여행	366	여수	NNG
전주 여행	366	여수	NNG
전주 여행	366	제주	NNP
전주 여행	366	제주도	NNP
전주 여행	366	전문	NNG
전주 여행	366	언서	NNG
전주 여행	366	주달	NNG
전주 여행	366	봉이	NNG
전주 여행	366	코스	NNG
전주 여행	366	한옥	NNG
전주 여행	366	마을	NNG
전주 여행	367	코스	NNG
전주 여행	367	일정	NNG
전주 여행	367	추천	NNG
전주 여행	367	부탁	NNG
전주 여행	367	토요일	NNG
전주 여행	367	하루	NNG
전주 여행	367	일정	NNG
전주 여행	367	수정	NNG
전주 여행	367	필요	NNG
전주 여행	367	부분	NNG
전주 여행	367	인근	NNG
전주 여행	367	맛집	NNG
전주 여행	367	의견	NNG
전주 여행	367	부탁	NNG
전주 여행	367	맛집	NNG
전주 여행	367	국내	NNG
전주 여행	367	주달	NNG
전주 여행	367	티비	NNG
전주 여행	367	코스	NNG
전주 여행	367	여수	NNG
전주 여행	367	여수	NNG
전주 여행	367	제주	NNP
전주 여행	368	한옥	NNG
전주 여행	368	마을	NNG
전주 여행	368	근처	NNG
전주 여행	368	숙박	NNG
전주 여행	368	맛집	NNG
전주 여행	368	버스	NNG
전주 여행	368	택시	NNG
전주 여행	368	추천	NNG
전주 여행	369	코스	NNG
전주 여행	369	아침	NNG
전주 여행	369	현대	NNG
전주 여행	369	본점	NNG
전주 여행	369	점심	NNG
전주 여행	369	비빔	NNG
전주 여행	369	소리	NNG
전주 여행	369	대옥	NNG
전주 여행	369	비빔	NNG
전주 여행	369	소리	NNG
전주 여행	369	중간	NNG
전주 여행	369	구경	NNG
전주 여행	369	갈만	NNG
전주 여행	369	맛집	NNG
전주 여행	369	국내	NNG
전주 여행	369	주달	NNG
전주 여행	369	티비	NNG
전주 여행	369	코스	NNG
전주 여행	370	전라도	NNP
전주 여행	370	예정	NNG
전주 여행	370	추천	NNG
전주 여행	370	체험	NNG
전주 여행	370	구용	NNG
전주 여행	370	추천	NNG
전주 여행	370	한옥마을	NNP
전주 여행	371	참고	NNG
전주 여행	371	계획	NNG
전주 여행	371	추천	NNG
전주 여행	371	한국	NNP
전주 여행	371	도로공사	NNP
전주 여행	371	수목원	NNG
전주 여행	371	동물원	NNP
전주 여행	371	자만	NNP
전주 여행	371	마을	NNG
전주 여행	371	벽화	NNG
전주 여행	371	갤러리	NNG
전주 여행	371	국립	NNG
전주 여행	371	주박	NNG
전주 여행	371	물관	NNG
전주 여행	372	코스	NNG
전주 여행	372	추천	NNG
전주 여행	372	코스	NNG
전주 여행	372	추천	NNG
전주 여행	372	안녕	NNG
전주 여행	372	맛집	NNG
전주 여행	372	블로그	NNG
전주 여행	372	주달	NNG
전주 여행	372	봉이	NNG
전주 여행	372	대부분	NNG
전주 여행	372	코스	NNG
전주 여행	372	한옥마을	NNP
전주 여행	372	경기전	NNG
전주 여행	372	남부	NNG
전주 여행	372	시장	NNG
전주 여행	372	시장	NNG
전주 여행	372	벽화	NNG
전주 여행	372	마을	NNG
전주 여행	372	전동성당	NNP
전주 여행	372	향교	NNG
전주 여행	372	목대	NNG
전주 여행	372	추가	NNG
전주 여행	373	코스	NNG
전주 여행	373	동선	NNG
전주 여행	373	숙소	NNG
전주 여행	373	완산구	NNP
전주 여행	373	서신동	NNP
전주 여행	373	맛집	NNG
전주 여행	373	국내	NNG
전주 여행	373	주달	NNG
전주 여행	373	티비	NNG
전주 여행	373	코스	NNG
전주 여행	373	여수	NNG
전주 여행	373	여수	NNG
전주 여행	373	제주	NNP
전주 여행	373	제주도	NNP
전주 여행	373	전문	NNG
전주 여행	373	언서	NNG
전주 여행	373	주달	NNG
전주 여행	373	봉이	NNG
전주 여행	373	한옥마을	NNP
전주 여행	374	크리스마스	NNG
전주 여행	374	당일치기	NNG
전주 여행	374	고등학생	NNG
전주 여행	374	정도	NNG
전주 여행	374	답변	NNG
전주 여행	374	대학	NNG
전주 여행	374	투어	NNG
전주 여행	374	공연	NNG
전주 여행	374	연극	NNG
전주 여행	374	추천	NNG
전주 여행	375	전라도	NNP
전주 여행	375	사투리	NNG
전주 여행	375	억양	NNG
전주 여행	375	거북	NNG
전주 여행	375	사람	NNG
전주 여행	375	전라도	NNP
전주 여행	375	사투리	NNG
전주 여행	375	의외	NNG
전주 여행	375	전라북도	NNP
전주 여행	375	전주시	NNP
전주 여행	376	코스	NNG
전주 여행	376	추천	NNG
전주 여행	376	조언	NNG
전주 여행	376	한옥마을	NNP
전주 여행	376	경기전	NNG
전주 여행	376	난장	NNG
전주 여행	376	국립	NNG
전주 여행	376	박물관	NNG
전주 여행	376	동물원	NNG
전주 여행	376	이동	NNG
전주 여행	376	수단	NNG
전주 여행	376	자동차	NNG
전주 여행	376	맛집	NNG
전주 여행	376	국내	NNG
전주 여행	376	주달	NNG
전주 여행	376	티비	NNG
전주 여행	376	코스	NNG
전주 여행	376	여수	NNG
전주 여행	376	여수	NNG
전주 여행	376	제주	NNP
전주 여행	377	한옥	NNG
전주 여행	377	마을	NNG
전주 여행	377	근처	NNG
전주 여행	377	이용	NNG
전주 여행	377	장소	NNG
전주 여행	377	장소	NNG
전주 여행	377	운송	NNG
전주 여행	377	가능	NNG
전주 여행	377	가격	NNG
전주 여행	377	실시간	NNG
전주 여행	377	주문	NNG
전주 여행	377	현황	NNG
전주 여행	377	확인	NNG
전주 여행	377	가능	NNG
전주 여행	377	편리	NNG
전주 여행	377	이용	NNG
전주 여행	377	가능	NNG
전주 여행	377	참고	NNG
전주 여행	378	일정	NNG
전주 여행	378	이번	NNG
전주 여행	378	소요	NNG
전주 여행	378	시간	NNG
전주 여행	378	한옥마을	NNP
전주 여행	378	초코파이	NNP
전주 여행	378	체험	NNG
전주 여행	378	수목원	NNG
전주 여행	378	랜드	NNG
전주 여행	378	이동	NNG
전주 여행	378	시간	NNG
전주 여행	378	부탁	NNG
전주 여행	378	한옥마을	NNP
전주 여행	378	초코파이	NNP
전주 여행	378	체험	NNG
전주 여행	379	이번	NNG
전주 여행	379	태교	NNG
전주 여행	379	강아지	NNG
전주 여행	379	맛집	NNG
전주 여행	379	국내	NNG
전주 여행	379	주달	NNG
전주 여행	379	티비	NNG
전주 여행	379	코스	NNG
전주 여행	379	여수	NNG
전주 여행	379	여수	NNG
전주 여행	379	제주	NNP
전주 여행	379	제주도	NNP
전주 여행	379	전문	NNG
전주 여행	379	언서	NNG
전주 여행	379	주달	NNG
전주 여행	379	봉이	NNG
전주 여행	379	숙소	NNG
전주 여행	379	바닷가	NNG
전주 여행	380	추천	NNG
전주 여행	380	추천	NNG
전주 여행	380	주식	NNG
전주 여행	380	문화	NNG
전주 여행	380	전일	NNG
전주 여행	380	슈퍼	NNG
전주 여행	380	주만	NNP
전주 여행	380	문화	NNG
전주 여행	380	피큐어	NNP
전주 여행	380	평점	NNG
전주 여행	380	전주식	NNP
전주 여행	380	한정식	NNP
전주 여행	380	최고봉	NNP
전주 여행	380	수구	NNP
전주 여행	380	전라	NNP
전주 여행	380	회관	NNG
전주 여행	380	전주비빔밥	NNG
전주 여행	380	최고봉	NNG
전주 여행	380	고궁	NNG
전주 여행	380	성미	NNG
전주 여행	380	토종	NNG
전주 여행	380	명품	NNG
전주 여행	380	사용	NNG
전주 여행	380	리의	NNG
전주 여행	381	혼자	NNG
전주 여행	381	코스	NNG
전주 여행	381	질문	NNG
전주 여행	381	정보	NNG
전주 여행	381	정리	NNG
전주 여행	381	참고	NNG
전주 여행	381	덕진	NNP
전주 여행	381	공원	NNG
전주 여행	381	추천	NNP
전주 여행	381	덕진	NNP
전주 여행	381	공원	NNG
전주 여행	381	터미널	NNG
전주 여행	381	산책	NNG
전주 여행	381	호수	NNG
전주 여행	381	공원	NNG
전주 여행	381	덕진	NNP
전주 여행	381	공원	NNG
전주 여행	381	생략	NNG
전주 여행	381	남부	NNG
전주 여행	381	시장	NNG
전주 여행	382	맛집	NNG
전주 여행	382	국내	NNG
전주 여행	382	주달	NNG
전주 여행	382	티비	NNG
전주 여행	382	코스	NNG
전주 여행	382	여수	NNG
전주 여행	382	여수	NNG
전주 여행	382	제주	NNP
전주 여행	382	제주도	NNP
전주 여행	382	전문	NNG
전주 여행	382	언서	NNG
전주 여행	382	주달	NNG
전주 여행	382	봉이	NNG
전주 여행	382	코스	NNG
전주 여행	382	한옥	NNG
전주 여행	382	마을	NNG
전주 여행	382	시작	NNG
전주 여행	383	부모	NNG
전주 여행	383	정보	NNG
전주 여행	383	숙소	NNG
전주 여행	383	관광지	NNG
전주 여행	383	추천	NNG
전주 여행	383	부탁	NNG
전주 여행	383	맛집	NNG
전주 여행	383	국내	NNG
전주 여행	383	주달	NNG
전주 여행	383	티비	NNG
전주 여행	383	코스	NNG
전주 여행	383	여수	NNG
전주 여행	384	코스	NNG
전주 여행	384	복귀	NNG
전주 여행	384	지난주	NNG
전주 여행	384	당일	NNG
전주 여행	384	코스	NNG
전주 여행	384	주말	NNG
전주 여행	384	관광지	NNG
전주 여행	384	사람	NNG
전주 여행	384	생각	NNG
전주 여행	384	최소한	NNG
전주 여행	385	당일치기	NNG
전주 여행	385	질문	NNG
전주 여행	385	맛집	NNG
전주 여행	385	국내	NNG
전주 여행	385	주달	NNG
전주 여행	385	티비	NNG
전주 여행	385	코스	NNG
전주 여행	385	여수	NNG
전주 여행	385	여수	NNG
전주 여행	385	제주	NNP
전주 여행	385	제주도	NNP
전주 여행	385	전문	NNG
전주 여행	385	언서	NNG
전주 여행	385	주달	NNG
전주 여행	385	봉이	NNG
전주 여행	385	기지	NNG
전주 여행	385	산책	NNG
전주 여행	385	저녁	NNG
전주 여행	386	코스	NNG
전주 여행	386	추천	NNG
전주 여행	386	부탁	NNG
전주 여행	386	남자	NNG
전주 여행	386	친구	NNG
전주 여행	386	생일	NNG
전주 여행	386	처음	NNG
전주 여행	386	코스	NNG
전주 여행	386	추천	NNG
전주 여행	386	숙소	NNG
전주 여행	386	한옥마을	NNP
전주 여행	386	도보	NNP
전주 여행	386	거리	NNG
전주 여행	386	자차	NNG
전주 여행	386	이동은	NNP
전주 여행	386	문제	NNG
전주 여행	386	맛집	NNG
전주 여행	386	추천	NNG
전주 여행	386	부탁	NNG
전주 여행	386	안녕	NNG
전주 여행	387	한옥	NNG
전주 여행	387	마을	NNG
전주 여행	387	남자	NNG
전주 여행	387	혼자	NNG
전주 여행	387	예정	NNG
전주 여행	387	욕조	NNG
전주 여행	387	무리	NNG
전주 여행	387	질문	NNG
전주 여행	387	맛집	NNG
전주 여행	387	국내	NNG
전주 여행	387	주달	NNG
전주 여행	387	티비	NNG
전주 여행	387	코스	NNG
전주 여행	387	여수	NNG
전주 여행	387	여수	NNG
전주 여행	387	제주	NNP
전주 여행	387	제주도	NNP
전주 여행	387	전문	NNG
전주 여행	387	언서	NNG
전주 여행	388	렌트	NNG
전주 여행	388	렌트	NNG
전주 여행	388	안녕	NNG
전주 여행	388	려인	NNG
전주 여행	388	애견	NNG
전주 여행	388	동반	NNG
전주 여행	388	플랫	NNG
전주 여행	388	하트	NNG
전주 여행	388	도시	NNG
전주 여행	388	택시	NNG
전주 여행	388	이동	NNG
전주 여행	388	불편	NNG
전주 여행	388	답변	NNG
전주 여행	388	도움	NNG
전주 여행	388	채택	NNG
전주 여행	389	코스	NNG
전주 여행	389	질문	NNG
전주 여행	389	이상	NNG
전주 여행	389	문의	NNG
전주 여행	389	통상	NNG
전주 여행	389	안내	NNG
전주 여행	389	정보	NNG
전주 여행	389	질문	NNG
전주 여행	389	요약	NNG
전주 여행	389	사이트	NNG
전주 여행	389	예약	NNG
전주 여행	389	오전	NNG
전주 여행	390	코스	NNG
전주 여행	390	질문	NNG
전주 여행	390	내공	NNG
전주 여행	390	부산	NNP
전주 여행	390	자차	NNG
전주 여행	390	버스	NNG
전주 여행	390	위주	NNG
전주 여행	390	버스	NNG
전주 여행	390	정도	NNG
전주 여행	390	지역	NNG
전주 여행	391	코스	NNG
전주 여행	391	추천	NNG
전주 여행	391	코스	NNG
전주 여행	391	추천	NNG
전주 여행	391	세염	NNG
전주 여행	391	동물원	NNP
전주 여행	391	한옥마을	NNP
전주 여행	391	덕진	NNP
전주 여행	391	연못	NNG
전주 여행	391	가보세요	NNG
전주 여행	392	코스	NNG
전주 여행	392	당일치기	NNG
전주 여행	392	코스	NNG
전주 여행	392	동물원	NNG
전주 여행	392	한옥마을	NNP
전주 여행	392	수목원	NNG
전주 여행	392	팔복	NNG
전주 여행	392	예술	NNG
전주 여행	392	공장	NNG
전주 여행	392	랜드	NNG
전주 여행	392	당일치기	NNG
전주 여행	392	코스	NNG
전주 여행	392	자가용	NNG
전주 여행	392	이동	NNG
전주 여행	392	아래	NNG
전주 여행	392	코스	NNG
전주 여행	392	시간	NNG
전주 여행	393	코스	NNG
전주 여행	393	질문	NNG
전주 여행	393	코스	NNG
전주 여행	393	관련	NNG
전주 여행	393	답변	NNG
전주 여행	393	가족	NNG
전주 여행	393	계획	NNG
전주 여행	393	추천	NNG
전주 여행	393	명소	NNG
전주 여행	393	맛집	NNG
전주 여행	393	포함	NNG
전주 여행	393	맞춤	NNG
전주 여행	393	코스	NNG
전주 여행	393	준비	NNG
전주 여행	393	아래	NNG
전주 여행	393	첨부	NNG
전주 여행	393	일정	NNG
전주 여행	394	당일치기	NNG
전주 여행	394	코스	NNG
전주 여행	394	처음	NNG
전주 여행	394	한옥	NNG
전주 여행	394	마을	NNG
전주 여행	394	한복	NNG
전주 여행	394	한옥마을	NNP
전주 여행	394	전동성당	NNP
전주 여행	394	경기전	NNG
전주 여행	394	자만	NNG
전주 여행	394	벽화	NNG
전주 여행	394	마을	NNG
전주 여행	394	한옥마을	NNP
전주 여행	395	초등	NNG
전주 여행	395	아이	NNG
전주 여행	395	코스	NNG
전주 여행	395	맛집	NNG
전주 여행	395	추천	NNG
전주 여행	395	부탁	NNG
전주 여행	395	아이	NNG
전주 여행	395	계획	NNG
전주 여행	395	아이	NNG
전주 여행	395	추천	NNG
전주 여행	395	한옥마을	NNP
전주 여행	395	계획	NNG
전주 여행	395	장소	NNG
전주 여행	395	한옥마을	NNP
전주 여행	395	한복	NNG
전주 여행	395	한옥마을	NNP
전주 여행	395	사진	NNG
전주 여행	396	코스	NNG
전주 여행	396	코스	NNG
전주 여행	396	추천	NNG
전주 여행	396	전문	NNG
전주 여행	396	블로거	NNP
전주 여행	396	쭈니	NNP
전주 여행	396	아빠	NNG
전주 여행	396	방학	NNG
전주 여행	396	친구	NNG
전주 여행	396	준비	NNG
전주 여행	396	한옥마을	NNP
전주 여행	396	중심	NNG
전주 여행	396	터미널	NNG
전주 여행	396	버스	NNG
전주 여행	396	한옥	NNG
전주 여행	396	마을	NNG
전주 여행	397	순서	NNG
전주 여행	397	덕진	NNP
전주 여행	397	공원	NNG
전주 여행	397	동물원	NNG
전주 여행	397	한옥	NNG
전주 여행	397	마을	NNG
전주 여행	397	남부	NNG
전주 여행	397	시장	NNG
전주 여행	397	시외버스	NNG
전주 여행	397	공용	NNG
전주 여행	397	터미널	NNG
전주 여행	397	순서	NNG
전주 여행	397	근처	NNG
전주 여행	397	바닷가	NNG
전주 여행	397	구경	NNG
전주 여행	398	비용	NNG
전주 여행	398	안녕	NNG
전주 여행	398	학생	NNG
전주 여행	398	수원	NNP
전주 여행	398	비용	NNG
전주 여행	398	정도	NNG
전주 여행	398	수원	NNP
전주 여행	398	자가용	NNG
전주 여행	398	정도	NNG
전주 여행	398	코스	NNG
전주 여행	398	대중교통	NNG
전주 여행	398	라면	NNG
전주 여행	399	음식점	NNG
전주 여행	399	동물원	NNP
전주 여행	399	레일바이크	NNP
전주 여행	399	아중	NNG
전주 여행	399	수지	NNG
전주 여행	399	목대	NNG
전주 여행	399	주변	NNG
전주 여행	399	맛집	NNG
전주 여행	399	음식	NNG
전주 여행	399	추천	NNG
전주 여행	399	내공	NNP
전주 여행	399	추가	NNG
전주 여행	399	터미널	NNG
전주 여행	399	답변	NNG
전주 여행	399	한옥	NNG
전주 여행	399	마을	NNG
전주 여행	399	떡갈비	NNG
전주 여행	400	답변	NNG
전주 여행	400	감사	NNG
전주 여행	400	맛집	NNG
전주 여행	400	국내	NNG
전주 여행	400	주달	NNG
전주 여행	400	티비	NNG
전주 여행	400	코스	NNG
전주 여행	400	여수	NNG
전주 여행	400	여수	NNG
전주 여행	400	제주	NNP
전주 여행	400	제주도	NNP
전주 여행	400	전문	NNG
전주 여행	400	언서	NNG
전주 여행	400	주달	NNG
전주 여행	400	봉이	NNG
전주 여행	400	한옥	NNG
전주 여행	400	마을	NNG
전주 여행	400	모주	NNG
전주 여행	400	체험	NNG
전주 여행	401	부모	NNG
전주 여행	401	부모	NNG
전주 여행	401	명소	NNG
전주 여행	401	식당	NNG
전주 여행	401	추천	NNG
전주 여행	401	부탁	NNG
전주 여행	401	한옥마을	NNP
전주 여행	401	완산구	NNP
전주 여행	401	덕진구	NNP
전주 여행	401	추억	NNG
전주 여행	401	장소	NNG
전주 여행	402	이번	NNG
전주 여행	402	여자	NNG
전주 여행	402	친구	NNG
전주 여행	402	경로	NNG
전주 여행	402	토요일	NNG
전주 여행	402	실내	NNG
전주 여행	402	데이트	NNG
전주 여행	402	가능	NNG
전주 여행	402	감사	NNG
전주 여행	402	숙소	NNG
전주 여행	402	한옥	NNG
전주 여행	402	마을	NNG
전주 여행	402	근처	NNG
전주 여행	402	한옥마을	NNP
전주 여행	402	구경	NNG
전주 여행	403	저녁	NNG
전주 여행	403	주천	NNG
전주 여행	403	산책	NNG
전주 여행	403	한옥	NNG
전주 여행	403	마을	NNG
전주 여행	403	근처	NNG
전주 여행	403	야경	NNG
전주 여행	403	일정	NNG
전주 여행	403	관심	NNG
전주 여행	403	테마	NNG
전주 여행	403	사진	NNG
전주 여행	403	카페	NNG
전주 여행	403	체험	NNG
전주 여행	403	추천	NNG
전주 여행	404	코스	NNG
전주 여행	404	추천	NNG
전주 여행	404	영화제	NNG
전주 여행	404	기간	NNG
전주 여행	404	일정	NNG
전주 여행	404	코스	NNG
전주 여행	404	추천	NNG
전주 여행	404	주목적	NNG
전주 여행	404	전주국	NNG
전주 여행	404	영화제	NNG
전주 여행	404	알짜배기	NNG
전주 여행	404	추천	NNG
전주 여행	405	커플	NNG
전주 여행	405	추천	NNG
전주 여행	405	숙소	NNG
전주 여행	405	거리	NNG
전주 여행	405	맛집	NNG
전주 여행	405	추천	NNG
전주 여행	405	감사	NNG
전주 여행	405	한옥마을	NNP
전주 여행	405	답변	NNG
전주 여행	405	도움	NNG
전주 여행	405	한옥마을	NNP
전주 여행	405	한옥마을	NNP
전주 여행	405	맛집	NNG
전주 여행	405	추천	NNG
전주 여행	406	추석	NNG
전주 여행	406	그때	NNG
전주 여행	406	한옥마을	NNP
전주 여행	406	관광지	NNG
전주 여행	406	추석	NNG
전주 여행	406	당일	NNG
전주 여행	406	이벤트	NNG
전주 여행	406	진행	NNG
전주 여행	406	한국	NNP
전주 여행	406	관광공사	NNP
전주 여행	406	숙박	NNG
전주 여행	406	세일	NNG
전주 여행	406	페스타	NNP
전주 여행	406	이벤트	NNG
전주 여행	406	진행	NNG
전주 여행	407	연령	NNG
전주 여행	407	렌트카	NNG
전주 여행	407	추천	NNG
전주 여행	407	이번	NNG
전주 여행	407	연령	NNG
전주 여행	407	자동차	NNG
전주 여행	407	추천	NNG
전주 여행	407	부탁	NNG
전주 여행	407	가격	NNG
전주 여행	407	렌트	NNG
전주 여행	407	정도	NNG
전주 여행	407	이상	NNG
전주 여행	407	렌트	NNG
전주 여행	407	가능	NNG
전주 여행	407	자동차	NNG
전주 여행	407	가격	NNG
전주 여행	408	포항	NNP
전주 여행	408	포항	NNP
전주 여행	408	기차	NNG
전주 여행	408	버스	NNG
전주 여행	408	안녕	NNG
전주 여행	408	포항	NNP
전주 여행	408	기차	NNG
전주 여행	408	버스	NNG
전주 여행	408	장단점	NNG
전주 여행	408	방법	NNG
전주 여행	408	결정	NNG
전주 여행	408	요소	NNG
전주 여행	408	고려	NNG
전주 여행	408	필요	NNG
전주 여행	409	펜션	NNG
전주 여행	409	한옥	NNG
전주 여행	409	이번	NNG
전주 여행	409	남자	NNG
전주 여행	409	친구	NNG
전주 여행	409	펜션	NNG
전주 여행	409	한옥	NNG
전주 여행	409	마을	NNG
전주 여행	409	근처	NNG
전주 여행	409	한옥	NNG
전주 여행	409	펜션	NNG
전주 여행	409	내부	NNG
전주 여행	409	정감	NNG
전주 여행	409	분위기	NNG
전주 여행	409	답변	NNG
전주 여행	409	부탁	NNG
전주 여행	410	주세요	NNP
전주 여행	410	한옥마을	NNP
전주 여행	410	완산구	NNP
전주 여행	410	덕진구	NNP
전주 여행	410	추억	NNG
전주 여행	410	장소	NNG
전주 여행	410	완산구	NNP
전주 여행	410	덕진구	NNP
전주 여행	410	여행지	NNG
전주 여행	411	엄마	NNG
전주 여행	411	계획	NNG
전주 여행	411	답변	NNG
전주 여행	411	부탁	NNG
전주 여행	411	기차	NNG
전주 여행	411	고속버스	NNG
전주 여행	411	도착	NNG
전주 여행	411	관광	NNG
전주 여행	411	이용	NNG
전주 여행	411	교통수단	NNG
전주 여행	411	숙소	NNG
전주 여행	411	추천	NNG
전주 여행	411	서울	NNP
전주 여행	412	당일치기	NNG
전주 여행	412	당일치기	NNG
전주 여행	412	계획	NNG
전주 여행	412	주역	NNP
전주 여행	412	한옥마을	NNP
전주 여행	412	방법	NNG
전주 여행	412	당일치기	NNG
전주 여행	412	코스	NNG
전주 여행	412	주역	NNP
전주 여행	412	한옥마을	NNP
전주 여행	412	방법	NNG
전주 여행	412	택시	NNG
전주 여행	412	버스	NNG
전주 여행	412	주역	NNP
전주 여행	412	한옥마을	NNP
전주 여행	412	택시	NNG
전주 여행	413	경비	NNG
전주 여행	413	보통	NNG
전주 여행	413	경비	NNG
전주 여행	413	얼마	NNG
전주 여행	413	정도	NNG
전주 여행	413	숙소	NNG
전주 여행	413	질문	NNG
전주 여행	413	도움	NNG
전주 여행	413	답변	NNG
전주 여행	413	예산	NNG
전주 여행	413	내외	NNG
전주 여행	413	숙소	NNG
전주 여행	414	커플	NNG
전주 여행	414	도움	NNG
전주 여행	414	남자	NNG
전주 여행	414	친구	NNG
전주 여행	414	이용	NNG
전주 여행	414	이용	NNG
전주 여행	414	요소	NNG
전주 여행	414	고려	NNG
전주 여행	414	교통	NNG
전주 여행	414	체증	NNG
전주 여행	414	예상	NNG
전주 여행	414	날짜	NNG
전주 여행	414	이용	NNG
전주 여행	414	남자	NNG
전주 여행	414	친구	NNG
전주 여행	415	여행지	NNG
전주 여행	415	맛집	NNG
전주 여행	415	추천	NNG
전주 여행	415	보리암	NNP
전주 여행	415	다랭이	NNG
전주 여행	415	독일	NNP
전주 여행	415	마을	NNG
전주 여행	415	한옥마을	NNP
전주 여행	415	맛집	NNG
전주 여행	415	추천	NNG
전주 여행	415	추천	NNG
전주 여행	415	맛집	NNG
전주 여행	416	추천	NNG
전주 여행	416	맛집	NNG
전주 여행	416	국내	NNG
전주 여행	416	주달	NNG
전주 여행	416	티비	NNG
전주 여행	416	코스	NNG
전주 여행	416	여수	NNG
전주 여행	416	여수	NNG
전주 여행	416	제주	NNP
전주 여행	416	제주도	NNP
전주 여행	416	전문	NNG
전주 여행	416	언서	NNG
전주 여행	416	주달	NNG
전주 여행	416	봉이	NNG
전주 여행	416	코스	NNG
전주 여행	416	한옥	NNG
전주 여행	416	마을	NNG
전주 여행	417	코스	NNG
전주 여행	417	질문	NNG
전주 여행	417	코스	NNG
전주 여행	417	전라도	NNP
전주 여행	417	맛집	NNG
전주 여행	417	국내	NNG
전주 여행	417	주달	NNG
전주 여행	417	티비	NNG
전주 여행	417	코스	NNG
전주 여행	417	여수	NNG
전주 여행	417	여수	NNG
전주 여행	417	제주	NNP
전주 여행	417	제주도	NNP
전주 여행	417	전문	NNG
전주 여행	417	언서	NNG
전주 여행	418	비용	NNG
전주 여행	418	얼마	NNG
전주 여행	418	비용	NNG
전주 여행	418	요소	NNG
전주 여행	418	일반	NNG
전주 여행	418	다음	NNG
전주 여행	418	항목	NNG
전주 여행	418	포함	NNG
전주 여행	418	교통비	NNG
전주 여행	418	이동	NNG
전주 여행	418	교통	NNG
전주 여행	418	비용	NNG
전주 여행	419	코스	NNG
전주 여행	419	맛집	NNG
전주 여행	419	국내	NNG
전주 여행	419	주달	NNG
전주 여행	419	티비	NNG
전주 여행	419	코스	NNG
전주 여행	419	여수	NNG
전주 여행	419	여수	NNG
전주 여행	419	제주	NNP
전주 여행	419	제주도	NNP
전주 여행	419	전문	NNG
전주 여행	419	언서	NNG
전주 여행	419	주달	NNG
전주 여행	419	봉이	NNG
전주 여행	419	코스	NNG
전주 여행	419	한옥	NNG
전주 여행	419	마을	NNG
전주 여행	419	시작	NNG
전주 여행	420	당일치기	NNG
전주 여행	420	혼자	NNG
전주 여행	420	코스	NNG
전주 여행	420	추천	NNG
전주 여행	420	박물관	NNG
전주 여행	420	미술관	NNG
전주 여행	420	지역	NNG
전주 여행	420	공간	NNG
전주 여행	420	스토리	NNG
전주 여행	420	안내	NNG
전주 여행	420	해설	NNG
전주 여행	420	문화	NNG
전주 여행	420	코스	NNG
전주 여행	420	방지	NNG
전주 여행	420	예약금	NNG
전주 여행	420	결제	NNG
전주 여행	420	현장	NNG
전주 여행	420	상당	NNG
전주 여행	420	음료	NNG
전주 여행	420	기프	NNP
전주 여행	420	환급	NNG
전주 여행	420	선착순	NNG
전주 여행	420	마감	NNG
전주 여행	420	계획	NNG
전주 여행	421	필요	NNG
전주 여행	421	가요	NNG
전주 여행	421	안녕	NNG
전주 여행	421	계획	NNG
전주 여행	421	서울	NNP
전주 여행	421	기차	NNG
전주 여행	421	렌트	NNG
전주 여행	421	참고	NNG
전주 여행	421	한옥마을	NNP
전주 여행	421	포함	NNG
전주 여행	421	유명	NNG
전주 여행	421	관광지	NNG
전주 여행	421	계획	NNG
전주 여행	421	맛집	NNG
전주 여행	421	국내	NNG
전주 여행	422	맛집	NNG
전주 여행	422	국내	NNG
전주 여행	422	주달	NNG
전주 여행	422	티비	NNG
전주 여행	422	코스	NNG
전주 여행	422	여수	NNG
전주 여행	422	여수	NNG
전주 여행	422	제주	NNP
전주 여행	422	제주도	NNP
전주 여행	422	전문	NNG
전주 여행	422	언서	NNG
전주 여행	422	주달	NNG
전주 여행	422	봉이	NNG
전주 여행	422	대중교통	NNG
전주 여행	422	택시	NNG
전주 여행	422	이용	NNG
전주 여행	423	완주	NNG
전주 여행	423	맛집	NNG
전주 여행	423	국내	NNG
전주 여행	423	주달	NNG
전주 여행	423	티비	NNG
전주 여행	423	코스	NNG
전주 여행	423	여수	NNG
전주 여행	423	여수	NNG
전주 여행	423	제주	NNP
전주 여행	423	제주도	NNP
전주 여행	423	전문	NNG
전주 여행	423	언서	NNG
전주 여행	423	주달	NNG
전주 여행	423	봉이	NNG
전주 여행	423	완주	NNP
전주 여행	424	부탁	NNG
전주 여행	424	맛집	NNG
전주 여행	424	국내	NNG
전주 여행	424	주달	NNG
전주 여행	424	티비	NNG
전주 여행	424	코스	NNG
전주 여행	424	여수	NNG
전주 여행	424	여수	NNG
전주 여행	424	제주	NNP
전주 여행	424	제주도	NNP
전주 여행	424	전문	NNG
전주 여행	424	언서	NNG
전주 여행	424	주달	NNG
전주 여행	424	봉이	NNG
전주 여행	424	코스	NNG
전주 여행	425	코스	NNG
전주 여행	425	코스	NNG
전주 여행	425	역사	NNG
전주 여행	425	유적지	NNG
전주 여행	425	전통문화	NNG
전주 여행	425	한옥마을	NNP
전주 여행	425	방문	NNG
전주 여행	425	시작	NNG
전주 여행	425	한옥	NNG
전주 여행	425	마을	NNG
전주 여행	426	대중교통	NNG
전주 여행	426	렌트카	NNG
전주 여행	426	대중교통	NNG
전주 여행	426	교통	NNG
전주 여행	426	상황	NNG
전주 여행	426	맛집	NNG
전주 여행	426	국내	NNG
전주 여행	426	주달	NNG
전주 여행	426	티비	NNG
전주 여행	426	코스	NNG
전주 여행	426	여수	NNG
전주 여행	426	여수	NNG
전주 여행	426	제주	NNP
전주 여행	427	연인	NNG
전주 여행	427	추천	NNG
전주 여행	427	한옥마을	NNP
전주 여행	427	동물원	NNP
전주 여행	427	한국도로공사	NNP
전주 여행	427	수목원	NNG
전주 여행	427	향교	NNP
전주 여행	427	덕진	NNP
전주 여행	427	공원	NNG
전주 여행	428	관련	NNG
전주 여행	428	맛집	NNG
전주 여행	428	국내	NNG
전주 여행	428	주달	NNG
전주 여행	428	티비	NNG
전주 여행	428	코스	NNG
전주 여행	428	여수	NNG
전주 여행	428	여수	NNG
전주 여행	428	제주	NNP
전주 여행	428	제주도	NNP
전주 여행	428	전문	NNG
전주 여행	428	언서	NNG
전주 여행	428	주달	NNG
전주 여행	428	봉이	NNG
전주 여행	428	주말	NNG
전주 여행	428	평일	NNG
전주 여행	429	추천	NNG
전주 여행	429	맛집	NNG
전주 여행	429	국내	NNG
전주 여행	429	주달	NNG
전주 여행	429	티비	NNG
전주 여행	429	코스	NNG
전주 여행	429	여수	NNG
전주 여행	429	여수	NNG
전주 여행	429	제주	NNP
전주 여행	429	제주도	NNP
전주 여행	429	전문	NNG
전주 여행	429	언서	NNG
전주 여행	429	주달	NNG
전주 여행	429	봉이	NNG
전주 여행	430	이번	NNG
전주 여행	430	추천	NNG
전주 여행	430	위주	NNG
전주 여행	430	트레	NNP
전주 여행	430	계획	NNG
전주 여행	430	볼거리	NNG
전주 여행	431	경비	NNG
전주 여행	431	식비	NNG
전주 여행	431	교통비	NNG
전주 여행	431	술값	NNG
전주 여행	431	맛집	NNG
전주 여행	431	국내	NNG
전주 여행	431	주달	NNG
전주 여행	431	티비	NNG
전주 여행	431	코스	NNG
전주 여행	431	여수	NNG
전주 여행	431	여수	NNG
전주 여행	432	비용	NNG
전주 여행	432	맛집	NNG
전주 여행	432	국내	NNG
전주 여행	432	주달	NNG
전주 여행	432	티비	NNG
전주 여행	432	코스	NNG
전주 여행	432	여수	NNG
전주 여행	432	여수	NNG
전주 여행	432	제주	NNP
전주 여행	432	제주도	NNP
전주 여행	432	전문	NNG
전주 여행	432	언서	NNG
전주 여행	432	주달	NNG
전주 여행	432	봉이	NNG
전주 여행	432	한옥마을	NNP
전주 여행	432	입장료	NNG
전주 여행	432	기본	NNG
전주 여행	433	친구	NNG
전주 여행	433	친구	NNG
전주 여행	433	호텔	NNG
전주 여행	433	맛집	NNG
전주 여행	433	추천	NNG
전주 여행	433	호텔	NNG
전주 여행	433	시설	NNG
전주 여행	433	한옥	NNP
전주 여행	433	침대	NNG
전주 여행	433	맛집	NNG
전주 여행	433	양식	NNG
전주 여행	433	중식	NNG
전주 여행	433	일식	NNG
전주 여행	433	비용	NNG
전주 여행	433	인당	NNG
전주 여행	434	크리스마스	NNG
전주 여행	434	맛집	NNG
전주 여행	434	국내	NNG
전주 여행	434	주달	NNG
전주 여행	434	티비	NNG
전주 여행	434	코스	NNG
전주 여행	434	여수	NNG
전주 여행	434	여수	NNG
전주 여행	434	제주	NNP
전주 여행	434	제주도	NNP
전주 여행	434	전문	NNG
전주 여행	434	언서	NNG
전주 여행	434	주달	NNG
전주 여행	434	봉이	NNG
전주 여행	434	코스	NNG
전주 여행	434	한옥	NNG
전주 여행	434	마을	NNG
전주 여행	434	시작	NNG
전주 여행	435	질문	NNG
전주 여행	435	일정	NNG
전주 여행	435	관련	NNG
전주 여행	435	답변	NNG
전주 여행	435	가실	NNG
전주 여행	435	계획	NNG
전주 여행	435	준비	NNG
전주 여행	435	아래	NNG
전주 여행	435	일정	NNG
전주 여행	435	참고	NNG
전주 여행	436	초등	NNG
전주 여행	436	학년	NNG
전주 여행	436	수학여행	NNG
전주 여행	436	코스	NNG
전주 여행	436	관광	NNG
전주 여행	436	달인	NNG
전주 여행	436	주달	NNG
전주 여행	436	봉이	NNG
전주 여행	436	코스	NNG
전주 여행	436	추천	NNG
전주 여행	436	감사	NNG
전주 여행	436	맛집	NNG
전주 여행	436	국내	NNG
전주 여행	436	주달	NNG
전주 여행	436	티비	NNG
전주 여행	436	코스	NNG
전주 여행	436	여수	NNG
전주 여행	436	여수	NNG
전주 여행	436	제주	NNP
전주 여행	437	혼자	NNG
전주 여행	437	코스	NNG
전주 여행	437	질문	NNG
전주 여행	437	정보	NNG
전주 여행	437	정리	NNG
전주 여행	437	참고	NNG
전주 여행	437	덕진	NNP
전주 여행	437	공원	NNG
전주 여행	437	추천	NNP
전주 여행	437	덕진	NNP
전주 여행	437	공원	NNG
전주 여행	437	터미널	NNG
전주 여행	437	산책	NNG
전주 여행	437	호수	NNG
전주 여행	437	공원	NNG
전주 여행	437	덕진	NNP
전주 여행	437	공원	NNG
전주 여행	437	생략	NNG
전주 여행	437	남부	NNG
전주 여행	437	시장	NNG
전주 여행	438	전시회	NNG
전주 여행	438	추천	NNG
전주 여행	438	이번	NNG
전주 여행	438	남자	NNG
전주 여행	438	친구	NNG
전주 여행	438	한옥마을	NNP
전주 여행	438	갈만	NNG
전주 여행	438	공방	NNG
전주 여행	438	전시회	NNG
전주 여행	438	추천	NNG
전주 여행	438	부탁	NNG
전주 여행	438	안녕	NNG
전주 여행	438	질문	NNG
전주 여행	438	관련	NNG
전주 여행	438	답변	NNG
전주 여행	439	코스	NNG
전주 여행	439	추천	NNG
전주 여행	439	안녕	NNG
전주 여행	439	여자	NNG
전주 여행	439	친구	NNG
전주 여행	439	예정	NNG
전주 여행	439	숙소	NNG
전주 여행	439	더클래식	NNP
전주 여행	439	호텔	NNG
전주 여행	439	일정	NNG
전주 여행	439	금요일	NNG
전주 여행	439	오후	NNG
전주 여행	439	도착	NNG
전주 여행	439	예정	NNG
전주 여행	439	이동	NNG
전주 여행	439	수단	NNG
전주 여행	439	대중교통	NNG
전주 여행	439	택시	NNG
전주 여행	439	예정	NNG
전주 여행	440	거리	NNG
전주 여행	440	추석	NNG
전주 여행	440	예정	NNG
전주 여행	440	갈만	NNG
전주 여행	440	추천	NNG
전주 여행	440	맛집	NNG
전주 여행	440	국내	NNG
전주 여행	440	주달	NNG
전주 여행	440	티비	NNG
전주 여행	440	코스	NNG
전주 여행	440	여수	NNG
전주 여행	440	여수	NNG
전주 여행	440	제주	NNP
전주 여행	441	갈만	NNG
전주 여행	441	맛집	NNG
전주 여행	441	국내	NNG
전주 여행	441	주달	NNG
전주 여행	441	티비	NNG
전주 여행	441	코스	NNG
전주 여행	441	여수	NNG
전주 여행	441	여수	NNG
전주 여행	441	제주	NNP
전주 여행	441	제주도	NNP
전주 여행	441	전문	NNG
전주 여행	441	언서	NNG
전주 여행	441	주달	NNG
전주 여행	441	봉이	NNG
전주 여행	441	코스	NNG
전주 여행	441	한옥	NNG
전주 여행	441	마을	NNG
전주 여행	442	코스	NNG
전주 여행	442	일정	NNG
전주 여행	442	문자	NNG
전주 여행	442	반양	NNG
전주 여행	442	시간	NNG
전주 여행	442	무리	NNG
전주 여행	442	일정	NNG
전주 여행	442	가운데	NNG
전주 여행	442	점심	NNG
전주 여행	442	박물관	NNG
전주 여행	442	관광	NNG
전주 여행	442	수목원	NNG
전주 여행	442	관광	NNG
전주 여행	442	관광	NNG
전주 여행	442	교동	NNP
전주 여행	442	다윈	NNP
전주 여행	443	추천	NNG
전주 여행	443	부탁	NNG
전주 여행	443	맛집	NNG
전주 여행	443	추천	NNG
전주 여행	443	부탁	NNG
전주 여행	443	감사	NNG
전주 여행	443	맛집	NNG
전주 여행	443	주달	NNG
전주 여행	443	티비	NNG
전주 여행	443	코스	NNG
전주 여행	443	언서	NNG
전주 여행	443	주달	NNG
전주 여행	443	봉이	NNG
전주 여행	444	강아지	NNG
전주 여행	444	가능	NNG
전주 여행	444	강아지	NNG
전주 여행	444	동반	NNG
전주 여행	444	강아지	NNG
전주 여행	444	맛집	NNG
전주 여행	444	관광	NNG
전주 여행	444	반려	NNG
전주 여행	444	동물	NNG
전주 여행	444	반려	NNG
전주 여행	444	생활	NNG
전주 여행	444	하늘	NNG
전주 여행	444	가을	NNG
전주 여행	444	강아지	NNG
전주 여행	444	추억	NNG
전주 여행	445	광주	NNP
전주 여행	445	감사	NNG
전주 여행	445	맛집	NNG
전주 여행	445	국내	NNG
전주 여행	445	주달	NNG
전주 여행	445	티비	NNG
전주 여행	445	코스	NNG
전주 여행	445	여수	NNG
전주 여행	445	여수	NNG
전주 여행	445	제주	NNP
전주 여행	445	제주도	NNP
전주 여행	445	전문	NNG
전주 여행	445	언서	NNG
전주 여행	445	주달	NNG
전주 여행	445	봉이	NNG
전주 여행	445	버스	NNG
전주 여행	445	터미널	NNG
전주 여행	446	코스	NNG
전주 여행	446	질문	NNG
전주 여행	446	일정	NNG
전주 여행	446	관련	NNG
전주 여행	446	답변	NNG
전주 여행	446	친정	NNG
전주 여행	446	어머니	NNG
전주 여행	446	아래	NNG
전주 여행	446	일정	NNG
전주 여행	446	준비	NNG
전주 여행	446	참고	NNG
전주 여행	446	도움	NNG
전주 여행	447	추천	NNG
전주 여행	447	당일치기	NNG
전주 여행	447	추천	NNG
전주 여행	447	당일치기	NNG
전주 여행	447	맛집	NNG
전주 여행	447	국내	NNG
전주 여행	447	주달	NNG
전주 여행	447	티비	NNG
전주 여행	447	코스	NNG
전주 여행	447	여수	NNG
전주 여행	447	여수	NNG
전주 여행	447	제주	NNP
전주 여행	447	제주도	NNP
전주 여행	447	전문	NNG
전주 여행	447	언서	NNG
전주 여행	447	주달	NNG
전주 여행	447	봉이	NNG
전주 여행	448	팀조	NNP
전주 여행	448	맛집	NNG
전주 여행	448	서울	NNP
전주 여행	448	지방	NNG
전주 여행	448	변호	NNG
전주 여행	448	사회	NNG
전주 여행	448	소속	NNG
전주 여행	448	지식	NNG
전주 여행	448	법률	NNG
전주 여행	448	상담	NNG
전주 여행	448	진행	NNG
전주 여행	448	김선용	NNP
전주 여행	448	변호사	NNG
전주 여행	448	스타	NNG
전주 여행	448	그램	NNG
전주 여행	448	검색	NNG
전주 여행	449	한옥마을	NNP
전주 여행	449	준비	NNG
전주 여행	449	대여	NNG
전주 여행	449	천차만별	NNG
전주 여행	449	기본	NNG
전주 여행	449	금액	NNG
전주 여행	449	시작	NNG
전주 여행	449	시간	NNG
전주 여행	449	한복	NNG
전주 여행	449	가격	NNG
전주 여행	449	맛집	NNG
전주 여행	449	국내	NNG
전주 여행	449	주달	NNG
전주 여행	449	티비	NNG
전주 여행	449	코스	NNG
전주 여행	449	여수	NNG
전주 여행	449	여수	NNG
전주 여행	449	제주	NNP
전주 여행	450	고등학교	NNG
전주 여행	450	친구	NNG
전주 여행	450	당일치기	NNG
전주 여행	450	고등학교	NNG
전주 여행	450	학년	NNG
전주 여행	450	친구	NNG
전주 여행	450	당일	NNG
전주 여행	450	예정	NNG
전주 여행	450	부모	NNG
전주 여행	450	말씀	NNG
전주 여행	450	허락	NNG
전주 여행	450	고등학교	NNG
전주 여행	450	시절	NNG
전주 여행	450	친구	NNG
전주 여행	450	추억	NNG
전주 여행	451	휴가	NNG
전주 여행	451	코스	NNG
전주 여행	451	추천	NNG
전주 여행	451	일정	NNG
전주 여행	451	참고	NNG
전주 여행	451	제시	NNG
전주 여행	451	일정	NNG
전주 여행	451	조정	NNG
전주 여행	451	음식점	NNG
전주 여행	451	웨이팅	NNG
전주 여행	451	시간	NNG
전주 여행	451	방문	NNG
전주 여행	451	시간	NNG
전주 여행	451	요일	NNG
전주 여행	451	참고	NNG
전주 여행	452	여자	NNG
전주 여행	452	질문	NNG
전주 여행	452	다음	NNG
전주 여행	452	일정	NNG
전주 여행	452	추천	NNG
전주 여행	452	한옥마을	NNP
전주 여행	452	전통	NNG
전주 여행	452	한옥	NNG
전주 여행	452	건물	NNG
전주 여행	452	전통	NNG
전주 여행	452	문화	NNG
전주 여행	452	경험	NNG
전주 여행	452	향교	NNP
전주 여행	452	조선	NNP
전주 여행	452	시대	NNG
전주 여행	452	교육	NNG
전주 여행	452	기관	NNG
전주 여행	452	향교	NNG
전주 여행	452	남부	NNG
전주 여행	452	시장	NNG
전주 여행	452	주의	NNG
전주 여행	453	코스	NNG
전주 여행	453	안녕	NNG
전주 여행	453	가족	NNG
전주 여행	453	당장	NNG
전주 여행	453	이번	NNG
전주 여행	453	금요일	NNG
전주 여행	453	숙소	NNG
전주 여행	453	호텔	NNG
전주 여행	453	한옥마을	NNP
전주 여행	453	카페	NNG
전주 여행	453	투어	NNG
전주 여행	453	코스	NNG
전주 여행	453	스로	NNG
전주 여행	454	대둔산	NNP
전주 여행	454	케이블카	NNG
전주 여행	454	주말	NNG
전주 여행	454	사람	NNG
전주 여행	454	코스	NNG
전주 여행	454	추천	NNG
전주 여행	454	맛집	NNG
전주 여행	454	국내	NNG
전주 여행	454	주달	NNG
전주 여행	454	티비	NNG
전주 여행	454	코스	NNG
전주 여행	454	여수	NNG
전주 여행	454	여수	NNG
전주 여행	454	제주	NNP
전주 여행	454	제주도	NNP
전주 여행	454	전문	NNG
전주 여행	455	코스	NNG
전주 여행	455	복귀	NNG
전주 여행	455	지난주	NNG
전주 여행	455	당일	NNG
전주 여행	455	코스	NNG
전주 여행	455	주말	NNG
전주 여행	455	관광지	NNG
전주 여행	455	사람	NNG
전주 여행	455	생각	NNG
전주 여행	455	최소한	NNG
전주 여행	456	한옥마을	NNP
전주 여행	456	당일치기	NNG
전주 여행	456	질문	NNG
전주 여행	456	여수	NNP
전주 여행	456	제주도	NNP
전주 여행	456	맛집	NNG
전주 여행	456	주달	NNG
전주 여행	456	티비	NNG
전주 여행	456	코스	NNG
전주 여행	456	여수	NNG
전주 여행	456	여수	NNG
전주 여행	456	제주	NNP
전주 여행	456	제주도	NNP
전주 여행	456	전문	NNG
전주 여행	456	언서	NNG
전주 여행	456	주달	NNG
전주 여행	456	봉이	NNG
전주 여행	456	흐노	NNP
전주 여행	456	전망	NNG
전주 여행	457	혼자	NNG
전주 여행	457	사람	NNG
전주 여행	457	맛집	NNG
전주 여행	457	중순	NNG
전주 여행	457	계절	NNG
전주 여행	457	현재	NNG
전주 여행	457	코로나	NNP
전주 여행	457	여행객	NNG
전주 여행	457	사람	NNG
전주 여행	457	예상	NNG
전주 여행	457	맛집	NNG
전주 여행	458	이번	NNG
전주 여행	458	친구	NNG
전주 여행	458	답장	NNG
전주 여행	458	감사	NNG
전주 여행	458	여수	NNP
전주 여행	458	왕복	NNG
전주 여행	458	기차표	NNG
전주 여행	458	얼마	NNG
전주 여행	458	주가	NNG
전주 여행	459	월요일	NNG
전주 여행	459	휴무	NNG
전주 여행	459	맛집	NNG
전주 여행	459	국내	NNG
전주 여행	459	주달	NNG
전주 여행	459	티비	NNG
전주 여행	459	코스	NNG
전주 여행	459	여수	NNG
전주 여행	459	여수	NNG
전주 여행	459	제주	NNP
전주 여행	459	제주도	NNP
전주 여행	459	전문	NNG
전주 여행	459	언서	NNG
전주 여행	459	주달	NNG
전주 여행	459	봉이	NNG
전주 여행	459	걱정	NNG
전주 여행	459	대부분	NNG
전주 여행	459	오픈	NNG
전주 여행	460	당일치기	NNG
전주 여행	460	부모	NNG
전주 여행	460	맛집	NNG
전주 여행	460	국내	NNG
전주 여행	460	주달	NNG
전주 여행	460	티비	NNG
전주 여행	460	코스	NNG
전주 여행	460	여수	NNG
전주 여행	460	여수	NNG
전주 여행	460	제주	NNP
전주 여행	460	제주도	NNP
전주 여행	460	전문	NNG
전주 여행	460	언서	NNG
전주 여행	460	주달	NNG
전주 여행	460	봉이	NNG
전주 여행	460	바다	NNP
전주 여행	460	군산	NNP
전주 여행	460	새만금	NNP
전주 여행	461	갈만	NNG
전주 여행	461	숙소	NNG
전주 여행	461	한옥마을	NNP
전주 여행	461	게스트	NNP
전주 여행	461	하우스	NNP
전주 여행	461	안녕	NNG
전주 여행	461	가족	NNG
전주 여행	461	한옥마을	NNP
전주 여행	461	이번	NNG
전주 여행	461	기회	NNG
전주 여행	461	전라도	NNP
전주 여행	461	음식	NNG
전주 여행	461	전라도	NNP
전주 여행	461	대표	NNG
전주 여행	461	음식	NNG
전주 여행	461	맛집	NNG
전주 여행	462	코스	NNG
전주 여행	462	추천	NNG
전주 여행	462	코스	NNG
전주 여행	462	추천	NNG
전주 여행	462	여수	NNP
전주 여행	462	맛집	NNG
전주 여행	462	여수	NNG
전주 여행	462	주달	NNG
전주 여행	462	티비	NNG
전주 여행	462	코스	NNG
전주 여행	462	여수	NNG
전주 여행	462	여수	NNG
전주 여행	462	언서	NNG
전주 여행	462	주달	NNG
전주 여행	462	봉이	NNG
전주 여행	462	코스	NNG
전주 여행	462	대부분	NNG
전주 여행	462	한옥	NNG
전주 여행	462	마을	NNG
전주 여행	462	시작	NNG
전주 여행	463	볼거리	NNG
전주 여행	463	이번	NNG
전주 여행	463	거리	NNG
전주 여행	463	맛집	NNG
전주 여행	463	추천	NNG
전주 여행	463	한옥마을	NNP
전주 여행	463	동물원	NNP
전주 여행	463	한국도로공사	NNP
전주 여행	463	수목원	NNG
전주 여행	463	덕진	NNP
전주 여행	463	공원	NNG
전주 여행	463	난장	NNG
전주 여행	464	카페	NNP
전주 여행	464	추천	NNG
전주 여행	464	맛집	NNG
전주 여행	464	국내	NNG
전주 여행	464	주달	NNG
전주 여행	464	티비	NNG
전주 여행	464	코스	NNG
전주 여행	464	여수	NNG
전주 여행	464	여수	NNG
전주 여행	464	제주	NNP
전주 여행	464	제주도	NNP
전주 여행	464	전문	NNG
전주 여행	464	언서	NNG
전주 여행	464	주달	NNG
전주 여행	464	봉이	NNG
전주 여행	464	주이	NNG
전주 여행	464	바다	NNG
전주 여행	465	가족	NNG
전주 여행	465	코스	NNG
전주 여행	465	맛집	NNG
전주 여행	465	국내	NNG
전주 여행	465	주달	NNG
전주 여행	465	티비	NNG
전주 여행	465	코스	NNG
전주 여행	465	여수	NNG
전주 여행	465	여수	NNG
전주 여행	465	제주	NNP
전주 여행	465	제주도	NNP
전주 여행	465	전문	NNG
전주 여행	465	언서	NNG
전주 여행	465	주달	NNG
전주 여행	465	봉이	NNG
전주 여행	465	코스	NNG
전주 여행	465	한옥	NNG
전주 여행	465	마을	NNG
전주 여행	466	코스	NNG
전주 여행	466	일정	NNG
전주 여행	466	추천	NNG
전주 여행	466	부탁	NNG
전주 여행	466	토요일	NNG
전주 여행	466	하루	NNG
전주 여행	466	일정	NNG
전주 여행	466	수정	NNG
전주 여행	466	필요	NNG
전주 여행	466	부분	NNG
전주 여행	466	인근	NNG
전주 여행	466	맛집	NNG
전주 여행	466	의견	NNG
전주 여행	466	부탁	NNG
전주 여행	466	맛집	NNG
전주 여행	466	국내	NNG
전주 여행	466	주달	NNG
전주 여행	466	티비	NNG
전주 여행	466	코스	NNG
전주 여행	466	여수	NNG
전주 여행	466	여수	NNG
전주 여행	466	제주	NNP
전주 여행	467	한옥	NNG
전주 여행	467	마을	NNG
전주 여행	467	근처	NNG
전주 여행	467	숙박	NNG
전주 여행	467	맛집	NNG
전주 여행	467	버스	NNG
전주 여행	467	택시	NNG
전주 여행	467	추천	NNG
전주 여행	468	코스	NNG
전주 여행	468	아침	NNG
전주 여행	468	현대	NNG
전주 여행	468	본점	NNG
전주 여행	468	점심	NNG
전주 여행	468	비빔	NNG
전주 여행	468	소리	NNG
전주 여행	468	대옥	NNG
전주 여행	468	비빔	NNG
전주 여행	468	소리	NNG
전주 여행	468	중간	NNG
전주 여행	468	구경	NNG
전주 여행	468	갈만	NNG
전주 여행	468	맛집	NNG
전주 여행	468	국내	NNG
전주 여행	468	주달	NNG
전주 여행	468	티비	NNG
전주 여행	468	코스	NNG
전주 여행	469	전라도	NNP
전주 여행	469	예정	NNG
전주 여행	469	추천	NNG
전주 여행	469	체험	NNG
전주 여행	469	구용	NNG
전주 여행	469	추천	NNG
전주 여행	469	한옥마을	NNP
전주 여행	470	참고	NNG
전주 여행	470	계획	NNG
전주 여행	470	추천	NNG
전주 여행	470	한국	NNP
전주 여행	470	도로공사	NNP
전주 여행	470	수목원	NNG
전주 여행	470	동물원	NNP
전주 여행	470	자만	NNP
전주 여행	470	마을	NNG
전주 여행	470	벽화	NNG
전주 여행	470	갤러리	NNG
전주 여행	470	국립	NNG
전주 여행	470	주박	NNG
전주 여행	470	물관	NNG
전주 여행	471	코스	NNG
전주 여행	471	추천	NNG
전주 여행	471	코스	NNG
전주 여행	471	추천	NNG
전주 여행	471	안녕	NNG
전주 여행	471	맛집	NNG
전주 여행	471	블로그	NNG
전주 여행	471	주달	NNG
전주 여행	471	봉이	NNG
전주 여행	471	대부분	NNG
전주 여행	471	코스	NNG
전주 여행	471	한옥마을	NNP
전주 여행	471	경기전	NNG
전주 여행	471	남부	NNG
전주 여행	471	시장	NNG
전주 여행	471	시장	NNG
전주 여행	471	벽화	NNG
전주 여행	471	마을	NNG
전주 여행	471	전동성당	NNP
전주 여행	471	향교	NNG
전주 여행	471	목대	NNG
전주 여행	471	추가	NNG
전주 여행	472	코스	NNG
전주 여행	472	동선	NNG
전주 여행	472	숙소	NNG
전주 여행	472	완산구	NNP
전주 여행	472	서신동	NNP
전주 여행	472	맛집	NNG
전주 여행	472	국내	NNG
전주 여행	472	주달	NNG
전주 여행	472	티비	NNG
전주 여행	472	코스	NNG
전주 여행	472	여수	NNG
전주 여행	472	여수	NNG
전주 여행	472	제주	NNP
전주 여행	472	제주도	NNP
전주 여행	472	전문	NNG
전주 여행	472	언서	NNG
전주 여행	472	주달	NNG
전주 여행	472	봉이	NNG
전주 여행	472	한옥마을	NNP
전주 여행	473	크리스마스	NNG
전주 여행	473	당일치기	NNG
전주 여행	473	고등학생	NNG
전주 여행	473	정도	NNG
전주 여행	473	답변	NNG
전주 여행	473	대학	NNG
전주 여행	473	투어	NNG
전주 여행	473	공연	NNG
전주 여행	473	연극	NNG
전주 여행	473	추천	NNG
전주 여행	474	전라도	NNP
전주 여행	474	사투리	NNG
전주 여행	474	억양	NNG
전주 여행	474	거북	NNG
전주 여행	474	사람	NNG
전주 여행	474	전라도	NNP
전주 여행	474	사투리	NNG
전주 여행	474	의외	NNG
전주 여행	474	전라북도	NNP
전주 여행	474	전주시	NNP
전주 여행	475	코스	NNG
전주 여행	475	추천	NNG
전주 여행	475	조언	NNG
전주 여행	475	한옥마을	NNP
전주 여행	475	경기전	NNG
전주 여행	475	난장	NNG
전주 여행	475	국립	NNG
전주 여행	475	박물관	NNG
전주 여행	475	동물원	NNG
전주 여행	475	이동	NNG
전주 여행	475	수단	NNG
전주 여행	475	자동차	NNG
전주 여행	475	맛집	NNG
전주 여행	475	국내	NNG
전주 여행	475	주달	NNG
전주 여행	475	티비	NNG
전주 여행	475	코스	NNG
전주 여행	475	여수	NNG
전주 여행	475	여수	NNG
전주 여행	475	제주	NNP
전주 여행	476	한옥	NNG
전주 여행	476	마을	NNG
전주 여행	476	근처	NNG
전주 여행	476	이용	NNG
전주 여행	476	장소	NNG
전주 여행	476	장소	NNG
전주 여행	476	운송	NNG
전주 여행	476	가능	NNG
전주 여행	476	가격	NNG
전주 여행	476	실시간	NNG
전주 여행	476	주문	NNG
전주 여행	476	현황	NNG
전주 여행	476	확인	NNG
전주 여행	476	가능	NNG
전주 여행	476	편리	NNG
전주 여행	476	이용	NNG
전주 여행	476	가능	NNG
전주 여행	476	참고	NNG
전주 여행	477	일정	NNG
전주 여행	477	이번	NNG
전주 여행	477	소요	NNG
전주 여행	477	시간	NNG
전주 여행	477	한옥마을	NNP
전주 여행	477	초코파이	NNP
전주 여행	477	체험	NNG
전주 여행	477	수목원	NNG
전주 여행	477	랜드	NNG
전주 여행	477	이동	NNG
전주 여행	477	시간	NNG
전주 여행	477	부탁	NNG
전주 여행	477	한옥마을	NNP
전주 여행	477	초코파이	NNP
전주 여행	477	체험	NNG
전주 여행	478	이번	NNG
전주 여행	478	태교	NNG
전주 여행	478	강아지	NNG
전주 여행	478	맛집	NNG
전주 여행	478	국내	NNG
전주 여행	478	주달	NNG
전주 여행	478	티비	NNG
전주 여행	478	코스	NNG
전주 여행	478	여수	NNG
전주 여행	478	여수	NNG
전주 여행	478	제주	NNP
전주 여행	478	제주도	NNP
전주 여행	478	전문	NNG
전주 여행	478	언서	NNG
전주 여행	478	주달	NNG
전주 여행	478	봉이	NNG
전주 여행	478	숙소	NNG
전주 여행	478	바닷가	NNG
전주 여행	479	추천	NNG
전주 여행	479	추천	NNG
전주 여행	479	주식	NNG
전주 여행	479	문화	NNG
전주 여행	479	전일	NNG
전주 여행	479	슈퍼	NNG
전주 여행	479	주만	NNP
전주 여행	479	문화	NNG
전주 여행	479	피큐어	NNP
전주 여행	479	평점	NNG
전주 여행	479	전주식	NNP
전주 여행	479	한정식	NNP
전주 여행	479	최고봉	NNP
전주 여행	479	수구	NNP
전주 여행	479	전라	NNP
전주 여행	479	회관	NNG
전주 여행	479	전주비빔밥	NNG
전주 여행	479	최고봉	NNG
전주 여행	479	고궁	NNG
전주 여행	479	성미	NNG
전주 여행	479	토종	NNG
전주 여행	479	명품	NNG
전주 여행	479	사용	NNG
전주 여행	479	리의	NNG
전주 여행	480	혼자	NNG
전주 여행	480	코스	NNG
전주 여행	480	질문	NNG
전주 여행	480	정보	NNG
전주 여행	480	정리	NNG
전주 여행	480	참고	NNG
전주 여행	480	덕진	NNP
전주 여행	480	공원	NNG
전주 여행	480	추천	NNP
전주 여행	480	덕진	NNP
전주 여행	480	공원	NNG
전주 여행	480	터미널	NNG
전주 여행	480	산책	NNG
전주 여행	480	호수	NNG
전주 여행	480	공원	NNG
전주 여행	480	덕진	NNP
전주 여행	480	공원	NNG
전주 여행	480	생략	NNG
전주 여행	480	남부	NNG
전주 여행	480	시장	NNG
전주 여행	481	맛집	NNG
전주 여행	481	국내	NNG
전주 여행	481	주달	NNG
전주 여행	481	티비	NNG
전주 여행	481	코스	NNG
전주 여행	481	여수	NNG
전주 여행	481	여수	NNG
전주 여행	481	제주	NNP
전주 여행	481	제주도	NNP
전주 여행	481	전문	NNG
전주 여행	481	언서	NNG
전주 여행	481	주달	NNG
전주 여행	481	봉이	NNG
전주 여행	481	코스	NNG
전주 여행	481	한옥	NNG
전주 여행	481	마을	NNG
전주 여행	481	시작	NNG
전주 여행	482	부모	NNG
전주 여행	482	정보	NNG
전주 여행	482	숙소	NNG
전주 여행	482	관광지	NNG
전주 여행	482	추천	NNG
전주 여행	482	부탁	NNG
전주 여행	482	맛집	NNG
전주 여행	482	국내	NNG
전주 여행	482	주달	NNG
전주 여행	482	티비	NNG
전주 여행	482	코스	NNG
전주 여행	482	여수	NNG
전주 여행	483	코스	NNG
전주 여행	483	복귀	NNG
전주 여행	483	지난주	NNG
전주 여행	483	당일	NNG
전주 여행	483	코스	NNG
전주 여행	483	주말	NNG
전주 여행	483	관광지	NNG
전주 여행	483	사람	NNG
전주 여행	483	생각	NNG
전주 여행	483	최소한	NNG
전주 여행	484	당일치기	NNG
전주 여행	484	질문	NNG
전주 여행	484	맛집	NNG
전주 여행	484	국내	NNG
전주 여행	484	주달	NNG
전주 여행	484	티비	NNG
전주 여행	484	코스	NNG
전주 여행	484	여수	NNG
전주 여행	484	여수	NNG
전주 여행	484	제주	NNP
전주 여행	484	제주도	NNP
전주 여행	484	전문	NNG
전주 여행	484	언서	NNG
전주 여행	484	주달	NNG
전주 여행	484	봉이	NNG
전주 여행	484	기지	NNG
전주 여행	484	산책	NNG
전주 여행	484	저녁	NNG
전주 여행	485	코스	NNG
전주 여행	485	추천	NNG
전주 여행	485	부탁	NNG
전주 여행	485	남자	NNG
전주 여행	485	친구	NNG
전주 여행	485	생일	NNG
전주 여행	485	처음	NNG
전주 여행	485	코스	NNG
전주 여행	485	추천	NNG
전주 여행	485	숙소	NNG
전주 여행	485	한옥마을	NNP
전주 여행	485	도보	NNP
전주 여행	485	거리	NNG
전주 여행	485	자차	NNG
전주 여행	485	이동은	NNP
전주 여행	485	문제	NNG
전주 여행	485	맛집	NNG
전주 여행	485	추천	NNG
전주 여행	485	부탁	NNG
전주 여행	485	안녕	NNG
전주 여행	486	한옥	NNG
전주 여행	486	마을	NNG
전주 여행	486	남자	NNG
전주 여행	486	혼자	NNG
전주 여행	486	예정	NNG
전주 여행	486	욕조	NNG
전주 여행	486	무리	NNG
전주 여행	486	질문	NNG
전주 여행	486	맛집	NNG
전주 여행	486	국내	NNG
전주 여행	486	주달	NNG
전주 여행	486	티비	NNG
전주 여행	486	코스	NNG
전주 여행	486	여수	NNG
전주 여행	486	여수	NNG
전주 여행	486	제주	NNP
전주 여행	486	제주도	NNP
전주 여행	486	전문	NNG
전주 여행	486	언서	NNG
전주 여행	487	렌트	NNG
전주 여행	487	렌트	NNG
전주 여행	487	안녕	NNG
전주 여행	487	려인	NNG
전주 여행	487	애견	NNG
전주 여행	487	동반	NNG
전주 여행	487	플랫	NNG
전주 여행	487	하트	NNG
전주 여행	487	도시	NNG
전주 여행	487	택시	NNG
전주 여행	487	이동	NNG
전주 여행	487	불편	NNG
전주 여행	487	답변	NNG
전주 여행	487	도움	NNG
전주 여행	487	채택	NNG
전주 여행	488	코스	NNG
전주 여행	488	질문	NNG
전주 여행	488	이상	NNG
전주 여행	488	문의	NNG
전주 여행	488	통상	NNG
전주 여행	488	안내	NNG
전주 여행	488	정보	NNG
전주 여행	488	질문	NNG
전주 여행	488	요약	NNG
전주 여행	488	사이트	NNG
전주 여행	488	예약	NNG
전주 여행	488	오전	NNG
전주 여행	489	코스	NNG
전주 여행	489	질문	NNG
전주 여행	489	내공	NNG
전주 여행	489	부산	NNP
전주 여행	489	자차	NNG
전주 여행	489	버스	NNG
전주 여행	489	위주	NNG
전주 여행	489	버스	NNG
전주 여행	489	정도	NNG
전주 여행	489	지역	NNG
전주 여행	490	코스	NNG
전주 여행	490	추천	NNG
전주 여행	490	코스	NNG
전주 여행	490	추천	NNG
전주 여행	490	세염	NNG
전주 여행	490	동물원	NNP
전주 여행	490	한옥마을	NNP
전주 여행	490	덕진	NNP
전주 여행	490	연못	NNG
전주 여행	490	가보세요	NNG
전주 여행	491	코스	NNG
전주 여행	491	당일치기	NNG
전주 여행	491	코스	NNG
전주 여행	491	동물원	NNG
전주 여행	491	한옥마을	NNP
전주 여행	491	수목원	NNG
전주 여행	491	팔복	NNG
전주 여행	491	예술	NNG
전주 여행	491	공장	NNG
전주 여행	491	랜드	NNG
전주 여행	491	당일치기	NNG
전주 여행	491	코스	NNG
전주 여행	491	자가용	NNG
전주 여행	491	이동	NNG
전주 여행	491	아래	NNG
전주 여행	491	코스	NNG
전주 여행	491	시간	NNG
전주 여행	492	코스	NNG
전주 여행	492	질문	NNG
전주 여행	492	코스	NNG
전주 여행	492	관련	NNG
전주 여행	492	답변	NNG
전주 여행	492	가족	NNG
전주 여행	492	계획	NNG
전주 여행	492	추천	NNG
전주 여행	492	명소	NNG
전주 여행	492	맛집	NNG
전주 여행	492	포함	NNG
전주 여행	492	맞춤	NNG
전주 여행	492	코스	NNG
전주 여행	492	준비	NNG
전주 여행	492	아래	NNG
전주 여행	492	첨부	NNG
전주 여행	492	일정	NNG
전주 여행	493	당일치기	NNG
전주 여행	493	코스	NNG
전주 여행	493	처음	NNG
전주 여행	493	한옥	NNG
전주 여행	493	마을	NNG
전주 여행	493	한복	NNG
전주 여행	493	한옥마을	NNP
전주 여행	493	전동성당	NNP
전주 여행	493	경기전	NNG
전주 여행	493	자만	NNG
전주 여행	493	벽화	NNG
전주 여행	493	마을	NNG
전주 여행	493	한옥마을	NNP
전주 여행	494	초등	NNG
전주 여행	494	아이	NNG
전주 여행	494	코스	NNG
전주 여행	494	맛집	NNG
전주 여행	494	추천	NNG
전주 여행	494	부탁	NNG
전주 여행	494	아이	NNG
전주 여행	494	계획	NNG
전주 여행	494	아이	NNG
전주 여행	494	추천	NNG
전주 여행	494	한옥마을	NNP
전주 여행	494	계획	NNG
전주 여행	494	장소	NNG
전주 여행	494	한옥마을	NNP
전주 여행	494	한복	NNG
전주 여행	494	한옥마을	NNP
전주 여행	494	사진	NNG
전주 여행	495	코스	NNG
전주 여행	495	코스	NNG
전주 여행	495	추천	NNG
전주 여행	495	전문	NNG
전주 여행	495	블로거	NNP
전주 여행	495	쭈니	NNP
전주 여행	495	아빠	NNG
전주 여행	495	방학	NNG
전주 여행	495	친구	NNG
전주 여행	495	준비	NNG
전주 여행	495	한옥마을	NNP
전주 여행	495	중심	NNG
전주 여행	495	터미널	NNG
전주 여행	495	버스	NNG
전주 여행	495	한옥	NNG
전주 여행	495	마을	NNG
전주 여행	496	순서	NNG
전주 여행	496	덕진	NNP
전주 여행	496	공원	NNG
전주 여행	496	동물원	NNG
전주 여행	496	한옥	NNG
전주 여행	496	마을	NNG
전주 여행	496	남부	NNG
전주 여행	496	시장	NNG
전주 여행	496	시외버스	NNG
전주 여행	496	공용	NNG
전주 여행	496	터미널	NNG
전주 여행	496	순서	NNG
전주 여행	496	근처	NNG
전주 여행	496	바닷가	NNG
전주 여행	496	구경	NNG
전주 여행	497	비용	NNG
전주 여행	497	안녕	NNG
전주 여행	497	학생	NNG
전주 여행	497	수원	NNP
전주 여행	497	비용	NNG
전주 여행	497	정도	NNG
전주 여행	497	수원	NNP
전주 여행	497	자가용	NNG
전주 여행	497	정도	NNG
전주 여행	497	코스	NNG
전주 여행	497	대중교통	NNG
전주 여행	497	라면	NNG
전주 여행	498	음식점	NNG
전주 여행	498	동물원	NNP
전주 여행	498	레일바이크	NNP
전주 여행	498	아중	NNG
전주 여행	498	수지	NNG
전주 여행	498	목대	NNG
전주 여행	498	주변	NNG
전주 여행	498	맛집	NNG
전주 여행	498	음식	NNG
전주 여행	498	추천	NNG
전주 여행	498	내공	NNP
전주 여행	498	추가	NNG
전주 여행	498	터미널	NNG
전주 여행	498	답변	NNG
전주 여행	498	한옥	NNG
전주 여행	498	마을	NNG
전주 여행	498	떡갈비	NNG
전주 여행	499	답변	NNG
전주 여행	499	감사	NNG
전주 여행	499	맛집	NNG
전주 여행	499	국내	NNG
전주 여행	499	주달	NNG
전주 여행	499	티비	NNG
전주 여행	499	코스	NNG
전주 여행	499	여수	NNG
전주 여행	499	여수	NNG
전주 여행	499	제주	NNP
전주 여행	499	제주도	NNP
전주 여행	499	전문	NNG
전주 여행	499	언서	NNG
전주 여행	499	주달	NNG
전주 여행	499	봉이	NNG
전주 여행	499	한옥	NNG
전주 여행	499	마을	NNG
전주 여행	499	모주	NNG
전주 여행	499	체험	NNG
전주 여행	500	금요일	NNG
전주 여행	500	저녁	NNG
전주 여행	500	토요일	NNG
전주 여행	500	한옥	NNG
전주 여행	500	마을	NNG
전주 여행	500	터미널	NNG
전주 여행	500	가요	NNG
전주 여행	500	시외버스	NNG
전주 여행	500	터미널	NNG
전주 여행	500	가요	NNG
전주 여행	500	한옥	NNG
전주 여행	500	마을	NNG
전주 여행	500	근처	NNG
전주 여행	500	찜질방	NNG
전주 여행	500	계획	NNG
경주 여행	1	추석	NNG
경주 여행	1	추석	NNG
경주 여행	1	생각	NNG
경주 여행	1	서울	NNP
경주 여행	1	버스	NNG
경주 여행	1	경우	NNG
경주 여행	1	버스	NNG
경주 여행	1	버스	NNG
경주 여행	1	전용	NNG
경주 여행	1	차선	NNG
경주 여행	1	운행	NNG
경주 여행	1	질문	NNG
경주 여행	1	추석	NNG
경주 여행	1	관련	NNG
경주 여행	1	답변	NNG
경주 여행	1	첨성대	NNG
경주 여행	1	석굴암	NNG
경주 여행	1	불국사	NNG
경주 여행	1	유적지	NNG
경주 여행	1	연중무휴	NNG
경주 여행	2	일정	NNG
경주 여행	2	일정	NNG
경주 여행	2	문자	NNG
경주 여행	2	계획	NNG
경주 여행	2	소록	NNG
경주 여행	2	스테이	NNG
경주 여행	2	에서	NNG
경주 여행	2	아래	NNG
경주 여행	2	일정	NNG
경주 여행	2	정리	NNG
경주 여행	2	일정	NNG
경주 여행	2	감성	NNG
경주 여행	3	어머니	NNG
경주 여행	3	어버이날	NNP
경주 여행	3	어머니	NNG
경주 여행	3	펜션	NNG
경주 여행	3	안녕	NNG
경주 여행	3	어버이날	NNP
경주 여행	3	어머니	NNG
경주 여행	3	계획	NNG
경주 여행	3	특별	NNG
경주 여행	3	시간	NNG
경주 여행	3	마음	NNG
경주 여행	4	동궁	NNG
경주 여행	4	월지	NNG
경주 여행	4	정교	NNG
경주 여행	4	야경	NNG
경주 여행	4	정상	NNG
경주 여행	4	운영	NNG
경주 여행	4	휴무일	NNG
경주 여행	4	관람	NNG
경주 여행	4	방해	NNG
경주 여행	4	정도	NNG
경주 여행	4	날씨	NNG
경주 여행	4	상황	NNG
경주 여행	4	통제	NNG
경주 여행	4	경우	NNG
경주 여행	4	관람	NNG
경주 여행	4	가능	NNG
경주 여행	5	남자	NNG
경주 여행	5	친구	NNG
경주 여행	5	숙소	NNG
경주 여행	5	개인	NNG
경주 여행	5	부족	NNG
경주 여행	5	계획	NNG
경주 여행	5	예산	NNG
경주 여행	5	집행	NNG
경주 여행	5	부족	NNG
경주 여행	6	맛집	NNG
경주 여행	6	맛집	NNG
경주 여행	6	추천	NNG
경주 여행	6	부탁	NNG
경주 여행	6	가이드	NNG
경주 여행	6	교통편	NNG
경주 여행	6	맛집	NNG
경주 여행	6	볼거리	NNG
경주 여행	6	한국	NNP
경주 여행	6	역사	NNG
경주 여행	6	문화	NNG
경주 여행	6	도시	NNG
경주 여행	6	명소	NNG
경주 여행	7	추천	NNG
경주 여행	7	추천	NNG
경주 여행	7	추천	NNG
경주 여행	7	월드	NNG
경주 여행	7	국립	NNG
경주 여행	7	박물관	NNG
경주 여행	7	황리	NNG
경주 여행	7	첨성대	NNG
경주 여행	7	불국사	NNP
경주 여행	7	엑스포	NNG
경주 여행	7	공원	NNG
경주 여행	8	날씨	NNG
경주 여행	8	날씨	NNG
경주 여행	8	가요	NNG
경주 여행	8	시외버스	NNG
경주 여행	8	빙판길	NNG
경주 여행	8	불안	NNG
경주 여행	8	날씨	NNG
경주 여행	8	주말	NNG
경주 여행	8	그때	NNG
경주 여행	8	예보	NNG
경주 여행	9	맛집	NNG
경주 여행	9	카페	NNG
경주 여행	9	계획	NNG
경주 여행	9	맛집	NNG
경주 여행	9	카페	NNG
경주 여행	9	특별	NNG
경주 여행	9	경험	NNG
경주 여행	9	메뉴	NNG
경주 여행	9	특별	NNG
경주 여행	9	제공	NNG
경주 여행	9	전통	NNG
경주 여행	9	분위기	NNG
경주 여행	9	현대	NNG
경주 여행	9	요소	NNG
경주 여행	9	조화	NNG
경주 여행	9	장소	NNG
경주 여행	9	황남빵	NNP
경주 여행	10	일정	NNG
경주 여행	10	고민	NNG
경주 여행	10	아빠	NNG
경주 여행	10	엄마	NNG
경주 여행	10	아들	NNG
경주 여행	10	역하	NNG
경주 여행	10	숙소	NNG
경주 여행	10	황리	NNG
경주 여행	10	황남	NNG
경주 여행	10	고택	NNG
경주 여행	10	답변	NNG
경주 여행	10	도움	NNG
경주 여행	10	말씀	NNG
경주 여행	10	질문	NNG
경주 여행	10	아빠	NNG
경주 여행	10	엄마	NNG
경주 여행	10	아들	NNG
경주 여행	11	아래	NNG
경주 여행	11	참조	NNG
경주 여행	11	도움	NNG
경주 여행	12	질문	NNG
경주 여행	12	코스	NNG
경주 여행	12	시내	NNG
경주 여행	12	숙소	NNG
경주 여행	12	첨성대	NNG
경주 여행	12	코스	NNG
경주 여행	12	황리	NNG
경주 여행	12	도보이	NNP
경주 여행	12	가능	NNG
경주 여행	12	가요	NNG
경주 여행	12	불국사	NNG
경주 여행	12	숙소	NNG
경주 여행	12	불국사	NNG
경주 여행	12	석굴암	NNG
경주 여행	12	바람	NNG
경주 여행	12	언덕	NNG
경주 여행	12	숙소	NNG
경주 여행	12	체크인	NNG
경주 여행	13	펜션	NNG
경주 여행	13	호텔	NNG
경주 여행	13	예약	NNG
경주 여행	13	날짜	NNG
경주 여행	13	성수기	NNG
경주 여행	14	당일치기	NNG
경주 여행	14	질문	NNG
경주 여행	14	당일	NNG
경주 여행	14	당일	NNG
경주 여행	14	오전	NNG
경주 여행	14	터미널	NNG
경주 여행	14	도착	NNG
경주 여행	14	오후	NNG
경주 여행	14	터미널	NNG
경주 여행	14	버스	NNG
경주 여행	14	버스	NNG
경주 여행	14	터미널	NNG
경주 여행	14	도착	NNG
경주 여행	14	황리	NNG
경주 여행	14	대릉원	NNG
경주 여행	14	첨성대	NNG
경주 여행	14	정교	NNG
경주 여행	14	동궁	NNG
경주 여행	14	월지	NNG
경주 여행	15	준비	NNG
경주 여행	15	시티투어	NNP
경주 여행	15	블로그	NNG
경주 여행	15	시작	NNG
경주 여행	15	걸음	NNG
경주 여행	15	추천	NNG
경주 여행	16	고등학생	NNG
경주 여행	16	시절	NNG
경주 여행	16	추억	NNG
경주 여행	16	고등학생	NNG
경주 여행	16	시절	NNG
경주 여행	16	추억	NNG
경주 여행	16	로또	NNP
경주 여행	16	해몽	NNG
경주 여행	16	컴퓨터	NNG
경주 여행	16	조립식	NNG
경주 여행	16	얼마	NNG
경주 여행	16	고등학생	NNG
경주 여행	16	시절	NNG
경주 여행	16	추억	NNG
경주 여행	16	선택	NNG
경주 여행	16	한국	NNP
경주 여행	16	역사	NNG
경주 여행	16	문화	NNG
경주 여행	16	도시	NNG
경주 여행	17	남자	NNG
경주 여행	17	혼자	NNG
경주 여행	17	일정	NNG
경주 여행	17	숙소	NNG
경주 여행	17	예약	NNG
경주 여행	17	혼자	NNG
경주 여행	17	계획	NNG
경주 여행	17	여유	NNG
경주 여행	17	일정	NNG
경주 여행	17	가성	NNG
경주 여행	17	숙소	NNG
경주 여행	17	경주역	NNP
경주 여행	17	근처	NNG
경주 여행	17	게스트	NNP
경주 여행	17	하우스	NNP
경주 여행	17	황리	NNG
경주 여행	17	한옥	NNP
경주 여행	17	게스트	NNP
경주 여행	17	하우스	NNP
경주 여행	17	가격	NNG
경주 여행	17	접근성	NNG
경주 여행	17	바닷가	NNG
경주 여행	17	이동	NNG
경주 여행	18	루트	NNG
경주 여행	18	천마총	NNG
경주 여행	18	중앙	NNG
경주 여행	18	시장	NNG
경주 여행	18	일정	NNG
경주 여행	18	천마총	NNG
경주 여행	18	중앙	NNG
경주 여행	18	시장	NNG
경주 여행	18	네이버	NNP
경주 여행	18	지도	NNG
경주 여행	18	검색	NNG
경주 여행	18	동선	NNG
경주 여행	18	낭비	NNG
경주 여행	18	지도	NNG
경주 여행	18	중간	NNG
경주 여행	18	천마총	NNG
경주 여행	19	중반	NNG
경주 여행	19	여성	NNG
경주 여행	19	식당	NNG
경주 여행	19	술집	NNG
경주 여행	19	추천	NNG
경주 여행	19	친구	NNG
경주 여행	19	여자	NNG
경주 여행	19	황리	NNG
경주 여행	19	보문	NNG
경주 여행	19	추천	NNG
경주 여행	19	식당	NNG
경주 여행	19	추천	NNG
경주 여행	19	부탁	NNG
경주 여행	19	하루	NNG
경주 여행	19	시내	NNG
경주 여행	20	경비	NNG
경주 여행	20	정도	NNG
경주 여행	20	숙소	NNG
경주 여행	20	교통비	NNG
경주 여행	20	식대	NNG
경주 여행	20	입장료	NNG
경주 여행	20	간식	NNG
경주 여행	20	정도	NNG
경주 여행	20	본인	NNG
경주 여행	20	주머니	NNG
경주 여행	20	생각	NNG
경주 여행	20	조절	NNG
경주 여행	20	여유	NNG
경주 여행	21	여행지	NNG
경주 여행	21	추천	NNG
경주 여행	21	이번	NNG
경주 여행	21	남자	NNG
경주 여행	21	친구	NNG
경주 여행	21	전역	NNG
경주 여행	21	직전	NNG
경주 여행	21	황리	NNG
경주 여행	21	계획	NNG
경주 여행	21	코스	NNG
경주 여행	21	공유	NNG
경주 여행	21	내용	NNG
경주 여행	21	참고	NNG
경주 여행	22	아이	NNG
경주 여행	22	코스	NNG
경주 여행	22	아이	NNG
경주 여행	22	가족	NNG
경주 여행	22	첫날	NNG
경주 여행	22	점심	NNG
경주 여행	22	경주역	NNP
경주 여행	22	도착	NNG
경주 여행	22	예정	NNG
경주 여행	22	숙소	NNG
경주 여행	22	보문관광단지	NNP
경주 여행	22	근처	NNG
경주 여행	22	월드	NNG
경주 여행	22	오후	NNG
경주 여행	22	계획	NNG
경주 여행	22	운전	NNG
경주 여행	22	예정	NNG
경주 여행	22	코스	NNG
경주 여행	23	추천	NNG
경주 여행	23	안녕	NNG
경주 여행	23	세영	NNP
경주 여행	23	황리	NNG
경주 여행	23	근처	NNG
경주 여행	23	분위기	NNG
경주 여행	23	가이드	NNG
경주 여행	23	교통편	NNG
경주 여행	23	맛집	NNG
경주 여행	23	볼거리	NNG
경주 여행	23	가이드	NNG
경주 여행	23	교통편	NNG
경주 여행	23	맛집	NNG
경주 여행	23	볼거리	NNG
경주 여행	24	코스	NNG
경주 여행	24	지도	NNG
경주 여행	24	숙소	NNG
경주 여행	24	여자	NNG
경주 여행	24	친구	NNG
경주 여행	24	예정	NNG
경주 여행	24	코스	NNG
경주 여행	24	코스	NNG
경주 여행	24	지도	NNG
경주 여행	25	동선	NNG
경주 여행	25	부탁	NNG
경주 여행	25	어린애	NNG
경주 여행	25	숙소	NNG
경주 여행	25	보문	NNG
경주 여행	25	단지	NNG
경주 여행	25	정도	NNG
경주 여행	25	아이	NNG
경주 여행	25	체험	NNG
경주 여행	25	코스	NNG
경주 여행	25	맛집	NNG
경주 여행	25	코스	NNG
경주 여행	25	시내	NNG
경주 여행	25	보문관광단지	NNP
경주 여행	25	토함산	NNP
경주 여행	25	남산	NNG
경주 여행	26	애인	NNG
경주 여행	26	애인	NNG
경주 여행	27	코스	NNG
경주 여행	27	코스	NNG
경주 여행	27	계획	NNG
경주 여행	27	흥미	NNG
경주 여행	27	신라	NNP
경주 여행	27	역사	NNG
경주 여행	27	문화	NNG
경주 여행	27	자연	NNG
경주 여행	27	경관	NNG
경주 여행	27	대한민국	NNP
경주 여행	27	대표	NNG
경주 여행	27	관광	NNG
경주 여행	27	도시	NNG
경주 여행	27	동안	NNG
경주 여행	27	방문	NNG
경주 여행	27	추천	NNG
경주 여행	28	실내	NNG
경주 여행	28	관광	NNG
경주 여행	28	실내	NNG
경주 여행	28	추천	NNG
경주 여행	28	검색	NNG
경주 여행	28	기반	NNG
경주 여행	28	실제	NNG
경주 여행	28	방문	NNG
경주 여행	28	날씨	NNG
경주 여행	28	일정	NNG
경주 여행	28	운영	NNG
경주 여행	28	시간	NNG
경주 여행	28	확인	NNG
경주 여행	28	채택	NNG
경주 여행	29	운전	NNG
경주 여행	29	평상시	NNG
경주 여행	29	운전	NNG
경주 여행	29	제주	NNP
경주 여행	29	텍스	NNG
경주 여행	29	렌트	NNG
경주 여행	29	초보	NNG
경주 여행	29	운전	NNG
경주 여행	29	운전	NNG
경주 여행	29	자신	NNG
경주 여행	29	조심	NNG
경주 여행	29	운전	NNG
경주 여행	30	질문	NNG
경주 여행	30	의견	NNG
경주 여행	30	부탁	NNG
경주 여행	30	버스	NNG
경주 여행	30	택시	NNG
경주 여행	30	택시	NNG
경주 여행	30	택시	NNG
경주 여행	30	관광지	NNG
경주 여행	30	택시	NNG
경주 여행	30	카카오	NNP
경주 여행	30	택시	NNG
경주 여행	31	식당	NNG
경주 여행	31	추천	NNG
경주 여행	31	부탁	NNG
경주 여행	31	시간	NNG
경주 여행	31	도착	NNG
경주 여행	31	여행가	NNG
경주 여행	31	식당	NNG
경주 여행	31	특별	NNG
경주 여행	31	대접	NNG
경주 여행	31	식당	NNG
경주 여행	31	추천	NNG
경주 여행	31	식당	NNG
경주 여행	31	선택	NNG
경주 여행	31	특별	NNG
경주 여행	31	대접	NNG
경주 여행	32	코스	NNG
경주 여행	32	당일치기	NNG
경주 여행	32	학생	NNG
경주 여행	32	코스	NNG
경주 여행	32	첨성대	NNG
경주 여행	32	근처	NNG
경주 여행	32	한복	NNG
경주 여행	32	나드리	NNG
경주 여행	32	질문	NNG
경주 여행	32	일정	NNG
경주 여행	32	관련	NNG
경주 여행	32	답변	NNG
경주 여행	32	황리	NNG
경주 여행	32	맞춤	NNG
경주 여행	32	일정	NNG
경주 여행	32	준비	NNG
경주 여행	32	아래	NNG
경주 여행	32	첨부	NNG
경주 여행	32	일정	NNG
경주 여행	32	참고	NNG
경주 여행	33	역사	NNG
경주 여행	33	의미	NNG
경주 여행	33	생각	NNG
경주 여행	33	재미	NNG
경주 여행	33	공부	NNG
경주 여행	33	느낌	NNG
경주 여행	33	질문	NNG
경주 여행	33	여행지	NNG
경주 여행	33	관련	NNG
경주 여행	33	답변	NNG
경주 여행	33	여행지	NNG
경주 여행	33	동궁	NNG
경주 여행	33	월지	NNG
경주 여행	34	코스	NNG
경주 여행	34	추천	NNG
경주 여행	34	코스	NNG
경주 여행	34	추천	NNG
경주 여행	34	부탁	NNG
경주 여행	34	계획	NNG
경주 여행	34	대중교통	NNG
경주 여행	34	이용	NNG
경주 여행	34	생각	NNG
경주 여행	34	코스	NNG
경주 여행	35	코스	NNG
경주 여행	35	추천	NNG
경주 여행	35	코스	NNG
경주 여행	35	추천	NNG
경주 여행	35	가족	NNG
경주 여행	35	안녕	NNG
경주 여행	35	계획	NNG
경주 여행	35	루트	NNG
경주 여행	35	실행	NNG
경주 여행	35	실패	NNG
경주 여행	35	여행지	NNG
경주 여행	35	소개	NNG
경주 여행	35	마음	NNG
경주 여행	35	다면	NNG
경주 여행	35	채택	NNG
경주 여행	35	부탁	NNG
경주 여행	36	맛집	NNG
경주 여행	36	리스트	NNG
경주 여행	36	계획	NNG
경주 여행	36	필수	NNG
경주 여행	36	방문	NNG
경주 여행	36	맛집	NNG
경주 여행	36	플레이스	NNG
경주 여행	36	현지인	NNG
경주 여행	36	추천	NNG
경주 여행	36	명소	NNG
경주 여행	36	맛집	NNG
경주 여행	36	황남빵	NNP
경주 여행	36	식당	NNG
경주 여행	36	잔치국수	NNP
경주 여행	36	교동	NNP
경주 여행	36	법주	NNP
경주 여행	36	신라	NNP
경주 여행	36	밀면	NNP
경주 여행	36	플레이스	NNG
경주 여행	36	불국사	NNP
경주 여행	37	일정	NNG
경주 여행	37	최소한	NNG
경주 여행	37	움직임	NNG
경주 여행	37	이틀	NNG
경주 여행	37	동안	NNG
경주 여행	37	코스	NNG
경주 여행	37	카페	NNP
경주 여행	37	추천	NNG
경주 여행	37	질문	NNG
경주 여행	37	일정	NNG
경주 여행	37	관련	NNG
경주 여행	37	답변	NNG
경주 여행	37	문자	NNG
경주 여행	37	최대한	NNG
경주 여행	37	여유	NNG
경주 여행	37	일정	NNG
경주 여행	37	준비	NNG
경주 여행	38	추천	NNG
경주 여행	38	엄마	NNG
경주 여행	38	혼자	NNG
경주 여행	38	아들	NNG
경주 여행	38	정도	NNG
경주 여행	38	구체	NNG
경주 여행	38	일정	NNG
경주 여행	38	코스	NNG
경주 여행	38	맛집	NNG
경주 여행	38	숙소	NNG
경주 여행	38	경험담	NNG
경주 여행	38	소개	NNG
경주 여행	38	코스	NNG
경주 여행	39	추천	NNG
경주 여행	39	여행지	NNG
경주 여행	39	추천	NNG
경주 여행	39	주신	NNG
경주 여행	39	여행지	NNG
경주 여행	39	추천	NNG
경주 여행	39	경북	NNP
경주 여행	39	황성	NNG
경주 여행	39	공원	NNG
경주 여행	39	양남	NNG
경주 여행	39	주상	NNG
경주 여행	39	절리	NNG
경주 여행	39	동궁	NNG
경주 여행	39	월지	NNG
경주 여행	39	궁원	NNG
경주 여행	39	황리	NNG
경주 여행	39	첨성대	NNG
경주 여행	40	코스	NNG
경주 여행	40	질문	NNG
경주 여행	40	예전	NNG
경주 여행	40	가본적	NNG
경주 여행	40	지리	NNG
경주 여행	40	질문	NNG
경주 여행	40	코스	NNG
경주 여행	40	관련	NNG
경주 여행	40	답변	NNG
경주 여행	40	경주로	NNG
경주 여행	40	일정	NNG
경주 여행	40	준비	NNG
경주 여행	40	아래	NNG
경주 여행	40	첨부	NNG
경주 여행	40	일정	NNG
경주 여행	40	참고	NNG
경주 여행	41	코스	NNG
경주 여행	41	추천	NNG
경주 여행	41	코스	NNG
경주 여행	41	추천	NNG
경주 여행	41	주신	NNG
경주 여행	41	코스	NNG
경주 여행	41	추천	NNG
경주 여행	41	경북	NNP
경주 여행	41	황성	NNG
경주 여행	41	공원	NNG
경주 여행	41	양남	NNG
경주 여행	41	주상	NNG
경주 여행	41	절리	NNG
경주 여행	41	동궁	NNG
경주 여행	41	월지	NNG
경주 여행	41	궁원	NNG
경주 여행	42	엄마	NNG
경주 여행	42	엄마	NNG
경주 여행	42	평일	NNG
경주 여행	42	대중교통	NNG
경주 여행	42	불국사	NNG
경주 여행	42	도보	NNG
경주 여행	42	대중교통	NNG
경주 여행	42	이용	NNG
경주 여행	42	코스	NNG
경주 여행	42	의견	NNG
경주 여행	42	평일	NNG
경주 여행	42	어머니	NNG
경주 여행	42	어머니	NNG
경주 여행	42	행복	NNG
경주 여행	42	주요	NNG
경주 여행	42	관광지	NNG
경주 여행	42	교통편	NNG
경주 여행	42	도보	NNG
경주 여행	42	포함	NNG
경주 여행	43	코스	NNG
경주 여행	43	추천	NNG
경주 여행	43	여자	NNG
경주 여행	43	친구	NNG
경주 여행	43	코스	NNG
경주 여행	43	추천	NNG
경주 여행	43	월드	NNG
경주 여행	43	제외	NNG
경주 여행	43	여자	NNG
경주 여행	43	친구	NNG
경주 여행	43	코스	NNG
경주 여행	43	추천	NNG
경주 여행	43	하루	NNG
경주 여행	44	가족	NNG
경주 여행	44	추천	NNG
경주 여행	44	월드	NNG
경주 여행	44	테마파크	NNG
경주 여행	44	엑스포	NNG
경주 여행	44	대공원	NNG
경주 여행	44	국립	NNG
경주 여행	44	박물관	NNG
경주 여행	44	원릉	NNG
경주 여행	44	동굴	NNG
경주 여행	44	월지	NNG
경주 여행	45	다음	NNG
경주 여행	45	평일	NNG
경주 여행	45	시기	NNG
경주 여행	45	고민	NNG
경주 여행	45	혼자	NNG
경주 여행	45	봄바람	NNG
경주 여행	45	오푸스	NNG
경주 여행	45	객실	NNG
경주 여행	45	개별	NNG
경주 여행	45	바베큐	NNG
경주 여행	46	추천	NNG
경주 여행	46	부부	NNG
경주 여행	46	코스	NNG
경주 여행	46	야경	NNG
경주 여행	46	숙소	NNG
경주 여행	46	먹거리	NNG
경주 여행	46	추천	NNG
경주 여행	46	부탁	NNG
경주 여행	46	계획	NNG
경주 여행	46	추천	NNG
경주 여행	46	첨성대	NNG
경주 여행	46	동궁	NNG
경주 여행	46	월지	NNG
경주 여행	46	대릉원	NNG
경주 여행	47	코스	NNG
경주 여행	47	부탁	NNG
경주 여행	47	출발	NNG
경주 여행	47	코스	NNG
경주 여행	47	부탁	NNG
경주 여행	47	숙소	NNG
경주 여행	47	예약	NNG
경주 여행	47	코스	NNG
경주 여행	47	근처	NNG
경주 여행	47	게스트	NNP
경주 여행	47	하우스	NNP
경주 여행	47	계획	NNG
경주 여행	47	루트	NNG
경주 여행	47	실패	NNG
경주 여행	48	아이	NNG
경주 여행	48	코스	NNG
경주 여행	48	동선	NNG
경주 여행	48	가족	NNG
경주 여행	48	계획	NNG
경주 여행	48	구성원	NNG
경주 여행	48	남편	NNG
경주 여행	48	아이	NNG
경주 여행	48	워터	NNG
경주 여행	48	파크	NNG
경주 여행	48	아이	NNG
경주 여행	48	동안	NNG
경주 여행	48	필요	NNG
경주 여행	48	정보	NNG
경주 여행	48	확인	NNG
경주 여행	48	정보	NNG
경주 여행	49	코스	NNG
경주 여행	49	질문	NNG
경주 여행	49	코스	NNG
경주 여행	49	추천	NNG
경주 여행	49	대상	NNG
경주 여행	49	어머니	NNG
경주 여행	49	코스	NNG
경주 여행	49	답변	NNG
경주 여행	49	코스	NNG
경주 여행	49	답변	NNG
경주 여행	49	어머님	NNG
경주 여행	49	추억	NNG
경주 여행	50	코스	NNG
경주 여행	50	식당	NNG
경주 여행	50	추천	NNG
경주 여행	50	부탁	NNG
경주 여행	50	숙소	NNG
경주 여행	50	가실	NNG
경주 여행	50	방문	NNG
경주 여행	50	카페	NNG
경주 여행	50	포토	NNG
경주 여행	50	작품	NNG
경주 여행	50	감상	NNG
경주 여행	50	카페	NNG
경주 여행	50	참고	NNG
경주 여행	50	수면	NNG
경주 여행	51	질문	NNG
경주 여행	51	안녕	NNG
경주 여행	51	이번	NNG
경주 여행	51	정도	NNG
경주 여행	51	버스	NNG
경주 여행	51	렌트카	NNG
경주 여행	51	문화	NNG
경주 여행	51	유산	NNG
경주 여행	51	도시	NNG
경주 여행	51	당일	NNG
경주 여행	51	준비	NNG
경주 여행	51	방문	NNG
경주 여행	51	처음	NNG
경주 여행	52	코스	NNG
경주 여행	52	가족	NNG
경주 여행	52	코스	NNG
경주 여행	52	코스	NNG
경주 여행	52	중학교	NNG
경주 여행	52	코스	NNG
경주 여행	52	플레이스	NNG
경주 여행	52	코스	NNG
경주 여행	53	엄마	NNG
경주 여행	53	아빠	NNG
경주 여행	53	언니	NNG
경주 여행	53	추천	NNG
경주 여행	53	계획	NNG
경주 여행	53	장소	NNG
경주 여행	53	활동	NNG
경주 여행	53	추천	NNG
경주 여행	53	월드컵	NNG
경주 여행	54	여행지	NNG
경주 여행	54	추천	NNG
경주 여행	54	계획	NNG
경주 여행	54	일정	NNG
경주 여행	54	질문	NNG
경주 여행	54	여행지	NNG
경주 여행	54	관련	NNG
경주 여행	54	답변	NNG
경주 여행	54	대부분	NNG
경주 여행	54	평지	NNG
경주 여행	54	여행지	NNG
경주 여행	54	조금	NNG
경주 여행	54	참고	NNG
경주 여행	55	추천	NNG
경주 여행	55	여행지	NNG
경주 여행	55	추천	NNG
경주 여행	55	부탁	NNG
경주 여행	55	보문	NNG
경주 여행	55	단지	NNG
경주 여행	55	위치	NNG
경주 여행	55	우양	NNG
경주 여행	55	미술관	NNG
경주 여행	55	국내	NNG
경주 여행	55	최초	NNG
경주 여행	55	추천	NNG
경주 여행	55	장소	NNG
경주 여행	55	동궁	NNG
경주 여행	55	월지	NNG
경주 여행	55	신라	NNP
경주 여행	55	시대	NNG
경주 여행	55	궁터	NNG
경주 여행	55	왕자	NNG
경주 여행	55	생활	NNG
경주 여행	55	장소	NNG
경주 여행	56	코스	NNG
경주 여행	56	추천	NNG
경주 여행	56	부탁	NNG
경주 여행	56	군요	NNG
경주 여행	56	코스	NNG
경주 여행	56	패딩	NNG
경주 여행	56	느낌	NNG
경주 여행	56	코트	NNG
경주 여행	56	경량	NNG
경주 여행	56	패딩	NNG
경주 여행	56	정도	NNG
경주 여행	56	추천	NNG
경주 여행	57	코스	NNG
경주 여행	57	조언	NNG
경주 여행	57	부탁	NNG
경주 여행	57	가족	NNG
경주 여행	57	부모	NNG
경주 여행	57	질문	NNG
경주 여행	57	코스	NNG
경주 여행	57	관련	NNG
경주 여행	57	답변	NNG
경주 여행	57	가족	NNG
경주 여행	57	계획	NNG
경주 여행	57	가족	NNG
경주 여행	57	일정	NNG
경주 여행	57	준비	NNG
경주 여행	57	아래	NNG
경주 여행	57	첨부	NNG
경주 여행	57	일정	NNG
경주 여행	57	참고	NNG
경주 여행	58	친정	NNG
경주 여행	58	엄마	NNG
경주 여행	58	코스	NNG
경주 여행	58	초반	NNG
경주 여행	58	건강	NNG
경주 여행	58	친정	NNG
경주 여행	58	엄마	NNG
경주 여행	58	질문	NNG
경주 여행	58	코스	NNG
경주 여행	58	관련	NNG
경주 여행	58	답변	NNG
경주 여행	58	부모	NNG
경주 여행	58	계획	NNG
경주 여행	58	숙소	NNG
경주 여행	58	맞춤	NNG
경주 여행	58	일정	NNG
경주 여행	58	준비	NNG
경주 여행	58	아래	NNG
경주 여행	58	첨부	NNG
경주 여행	58	일정	NNG
경주 여행	59	황리	NNG
경주 여행	59	맛집	NNG
경주 여행	59	추천	NNG
경주 여행	59	이번	NNG
경주 여행	59	황리	NNG
경주 여행	59	근처	NNG
경주 여행	59	맛집	NNG
경주 여행	59	추천	NNG
경주 여행	59	거리	NNG
경주 여행	59	황리	NNG
경주 여행	59	맛집	NNG
경주 여행	59	추천	NNG
경주 여행	59	황리	NNG
경주 여행	59	맛집	NNG
경주 여행	59	맛집	NNG
경주 여행	59	오랫동안	NNG
경주 여행	59	배달	NNG
경주 여행	60	숙소	NNG
경주 여행	60	추천	NNG
경주 여행	60	안녕	NNG
경주 여행	60	경기도	NNP
경주 여행	60	사람	NNG
경주 여행	60	내년	NNG
경주 여행	60	중순	NNG
경주 여행	60	예정	NNG
경주 여행	60	인원	NNG
경주 여행	60	엄마	NNG
경주 여행	60	초등	NNG
경주 여행	60	겨울	NNG
경주 여행	60	비추	NNG
경주 여행	60	거리	NNG
경주 여행	60	택시	NNG
경주 여행	61	여행지	NNG
경주 여행	61	여자	NNG
경주 여행	61	친구	NNG
경주 여행	61	경치	NNG
경주 여행	61	이동	NNG
경주 여행	61	계획	NNG
경주 여행	62	감성	NNG
경주 여행	62	쿠지	NNP
경주 여행	62	숙소	NNG
경주 여행	62	추천	NNG
경주 여행	62	부탁	NNG
경주 여행	62	마지막	NNG
경주 여행	62	계획	NNG
경주 여행	62	어른	NNG
경주 여행	62	아이	NNG
경주 여행	62	가능	NNG
경주 여행	62	독채	NNG
경주 여행	62	쿠지	NNP
경주 여행	62	숙소	NNG
경주 여행	62	추천	NNG
경주 여행	62	휴식	NNG
경주 여행	62	최적	NNG
경주 여행	62	선택	NNG
경주 여행	63	맛집	NNG
경주 여행	63	리스트	NNG
경주 여행	63	계획	NNG
경주 여행	63	필수	NNG
경주 여행	63	방문	NNG
경주 여행	63	맛집	NNG
경주 여행	63	플레이스	NNG
경주 여행	63	현지인	NNG
경주 여행	63	추천	NNG
경주 여행	63	맛집	NNG
경주 여행	63	관광객	NNG
경주 여행	63	인기	NNG
경주 여행	63	플레이스	NNG
경주 여행	63	포함	NNG
경주 여행	63	종합	NNG
경주 여행	63	리스트	NNG
경주 여행	63	제공	NNG
경주 여행	63	맛집	NNG
경주 여행	63	플레이스	NNG
경주 여행	64	추천	NNG
경주 여행	64	부탁	NNG
경주 여행	64	기본	NNG
경주 여행	64	맛집	NNG
경주 여행	64	주신	NNG
경주 여행	64	추천	NNG
경주 여행	64	경북	NNP
경주 여행	65	코스	NNG
경주 여행	65	추천	NNG
경주 여행	65	요번	NNG
경주 여행	65	주제	NNG
경주 여행	65	문화재	NNG
경주 여행	65	위주	NNG
경주 여행	65	위주	NNG
경주 여행	65	갈만	NNG
경주 여행	65	추천	NNG
경주 여행	65	야경	NNG
경주 여행	65	코스	NNG
경주 여행	65	추천	NNG
경주 여행	65	답변	NNG
경주 여행	65	안녕	NNG
경주 여행	65	저번	NNG
경주 여행	65	사람	NNG
경주 여행	66	추천	NNG
경주 여행	66	추천	NNG
경주 여행	66	안녕	NNG
경주 여행	66	계획	NNG
경주 여행	66	루트	NNG
경주 여행	66	용시	NNG
경주 여행	66	실패	NNG
경주 여행	66	소개	NNG
경주 여행	66	마음	NNG
경주 여행	66	다면	NNG
경주 여행	66	채택	NNG
경주 여행	66	부탁	NNG
경주 여행	67	캐리	NNP
경주 여행	67	어사이즈	NNP
경주 여행	67	추천	NNP
경주 여행	67	이번	NNG
경주 여행	67	아버지	NNG
경주 여행	67	캐리어	NNG
경주 여행	67	캐리	NNP
경주 여행	67	어사이즈	NNP
경주 여행	67	추천	NNG
경주 여행	67	부탁	NNG
경주 여행	67	캐리어	NNG
경주 여행	67	추천	NNG
경주 여행	67	매일	NNG
경주 여행	68	폴라로이드	NNG
경주 여행	68	카메라	NNG
경주 여행	68	대여	NNG
경주 여행	68	구매	NNG
경주 여행	68	숙소	NNG
경주 여행	68	중요	NNG
경주 여행	68	오푸스	NNG
경주 여행	68	빌라	NNG
경주 여행	68	펜션	NNG
경주 여행	68	추천	NNG
경주 여행	69	렌터카	NNG
경주 여행	69	숙소	NNG
경주 여행	69	터미널	NNG
경주 여행	69	주요	NNG
경주 여행	69	관광지	NNG
경주 여행	69	도보	NNG
경주 여행	69	관광지	NNG
경주 여행	69	추천	NNG
경주 여행	69	말씀	NNG
경주 여행	69	터미널	NNG
경주 여행	69	주요	NNG
경주 여행	69	관광지	NNG
경주 여행	69	황리	NNG
경주 여행	69	시작	NNG
경주 여행	69	황리	NNG
경주 여행	69	시작	NNG
경주 여행	70	코스	NNG
경주 여행	70	추천	NNG
경주 여행	70	요번	NNG
경주 여행	70	주제	NNG
경주 여행	70	코스	NNG
경주 여행	70	추천	NNG
경주 여행	70	코스	NNG
경주 여행	70	남산	NNP
경주 여행	70	정복	NNG
경주 여행	70	코스	NNG
경주 여행	70	코스	NNG
경주 여행	70	불국사	NNG
경주 여행	70	석굴암	NNG
경주 여행	70	관람	NNG
경주 여행	70	랜드마크	NNP
경주 여행	71	렌트	NNG
경주 여행	71	렌트	NNG
경주 여행	71	부산	NNP
경주 여행	71	운전	NNG
경주 여행	71	가여	NNG
경주 여행	71	부산	NNP
경주 여행	71	황리	NNG
경주 여행	71	첨성대	NNG
경주 여행	71	인근	NNG
경주 여행	71	대릉원	NNG
경주 여행	71	인근	NNG
경주 여행	71	시내	NNG
경주 여행	71	정도	NNG
경주 여행	71	운전	NNG
경주 여행	72	내공	NNP
경주 여행	72	당일치기	NNG
경주 여행	72	아침	NNG
경주 여행	72	저녁	NNG
경주 여행	72	시간	NNG
경주 여행	72	반려	NNG
경주 여행	72	동반	NNG
경주 여행	72	입장	NNG
경주 여행	72	반려	NNG
경주 여행	72	동반	NNG
경주 여행	72	여행지	NNG
경주 여행	72	추천	NNG
경주 여행	73	주말	NNG
경주 여행	73	코스	NNG
경주 여행	73	엄마	NNG
경주 여행	73	아빠	NNG
경주 여행	73	경주로	NNG
경주 여행	73	수학여행	NNG
경주 여행	73	엄마	NNG
경주 여행	73	아빠	NNG
경주 여행	73	처음	NNG
경주 여행	73	맛집	NNG
경주 여행	73	추도	NNG
경주 여행	73	부탁	NNG
경주 여행	73	주말	NNG
경주 여행	73	코스	NNG
경주 여행	73	답변	NNG
경주 여행	74	숙소	NNG
경주 여행	74	토요일	NNG
경주 여행	74	숙소	NNG
경주 여행	74	가을	NNG
경주 여행	74	신상	NNG
경주 여행	74	펜션	NNG
경주 여행	74	빌라	NNP
경주 여행	74	숙소	NNG
경주 여행	74	신축	NNG
경주 여행	74	펜션	NNG
경주 여행	75	택시	NNG
경주 여행	75	투어	NNG
경주 여행	75	렌트카	NNG
경주 여행	75	이용	NNG
경주 여행	75	지인	NNG
경주 여행	75	질문	NNG
경주 여행	75	택시	NNG
경주 여행	75	투어	NNG
경주 여행	75	관련	NNG
경주 여행	75	답변	NNG
경주 여행	75	택시	NNG
경주 여행	75	투어	NNG
경주 여행	75	편안	NNG
경주 여행	75	최근	NNG
경주 여행	75	택시	NNG
경주 여행	75	투어	NNG
경주 여행	75	이용	NNG
경주 여행	76	천군동	NNP
경주 여행	76	위치	NNG
경주 여행	76	빌라	NNG
경주 여행	76	입실	NNG
경주 여행	76	도착	NNG
경주 여행	76	예정	NNG
경주 여행	76	그동안	NNG
경주 여행	76	안녕	NNG
경주 여행	76	계획	NNG
경주 여행	76	루트	NNG
경주 여행	76	실패	NNG
경주 여행	76	소개	NNG
경주 여행	76	마음	NNG
경주 여행	77	빵집	NNG
경주 여행	77	빵집	NNG
경주 여행	77	주말	NNG
경주 여행	77	남편	NNG
경주 여행	77	에서	NNG
경주 여행	77	빵집	NNG
경주 여행	77	계절	NNG
경주 여행	77	이맘때	NNG
경주 여행	77	아이	NNG
경주 여행	78	추천	NNG
경주 여행	78	중학	NNG
경주 여행	78	친구	NNG
경주 여행	78	당일치기	NNG
경주 여행	78	저번	NNG
경주 여행	78	코스	NNG
경주 여행	78	추천	NNG
경주 여행	78	참고	NNG
경주 여행	78	도움	NNG
경주 여행	79	코스	NNG
경주 여행	79	동선	NNG
경주 여행	79	자차	NNG
경주 여행	79	이용	NNG
경주 여행	79	코스	NNG
경주 여행	79	동선	NNG
경주 여행	79	문제	NNG
경주 여행	79	해결책	NNG
경주 여행	79	제시	NNG
경주 여행	79	코스	NNG
경주 여행	79	동선	NNG
경주 여행	79	장소	NNG
경주 여행	80	어르신	NNG
경주 여행	80	숙소	NNG
경주 여행	80	어르신	NNG
경주 여행	80	추천	NNG
경주 여행	80	인원	NNG
경주 여행	80	숙소	NNG
경주 여행	80	식사	NNG
경주 여행	80	추천	NNG
경주 여행	80	안녕	NNG
경주 여행	80	관심	NNG
경주 여행	80	역사	NNG
경주 여행	80	문화	NNG
경주 여행	80	경험	NNG
경주 여행	80	명소	NNG
경주 여행	80	추천	NNG
경주 여행	81	황리	NNG
경주 여행	81	황동	NNG
경주 여행	81	황지	NNG
경주 여행	81	지역민	NNG
경주 여행	81	관광객	NNG
경주 여행	81	황리	NNG
경주 여행	81	황동	NNG
경주 여행	82	코스	NNG
경주 여행	82	갈만	NNG
경주 여행	82	안녕	NNG
경주 여행	82	취향	NNG
경주 여행	82	질문	NNG
경주 여행	82	관련	NNG
경주 여행	82	답변	NNG
경주 여행	83	할머니	NNG
경주 여행	83	할머니	NNG
경주 여행	83	코스	NNG
경주 여행	83	질문	NNG
경주 여행	83	관련	NNG
경주 여행	83	답변	NNG
경주 여행	83	할머니	NNG
경주 여행	83	요즘	NNG
경주 여행	83	택시	NNG
경주 여행	83	투어	NNG
경주 여행	83	편안	NNG
경주 여행	84	코스	NNG
경주 여행	84	추천	NNG
경주 여행	84	코스	NNG
경주 여행	84	추천	NNG
경주 여행	84	질문	NNG
경주 여행	84	관련	NNG
경주 여행	84	답변	NNG
경주 여행	84	예정	NNG
경주 여행	84	참고	NNG
경주 여행	84	도움	NNG
경주 여행	85	사월	NNG
경주 여행	85	가족	NNG
경주 여행	85	계획	NNG
경주 여행	85	사월	NNG
경주 여행	85	가족	NNG
경주 여행	85	계획	NNG
경주 여행	85	가족	NNG
경주 여행	85	소개	NNG
경주 여행	85	경경	NNG
경주 여행	85	가족	NNG
경주 여행	85	계획	NNG
경주 여행	85	한화	NNG
경주 여행	85	리조트	NNG
경주 여행	85	추억	NNG
경주 여행	86	정도	NNG
경주 여행	86	고속버스	NNG
경주 여행	86	시기	NNG
경주 여행	87	가족	NNG
경주 여행	87	코스	NNG
경주 여행	87	추천	NNG
경주 여행	87	코스	NNG
경주 여행	87	추천	NNG
경주 여행	87	부탁	NNG
경주 여행	87	이번	NNG
경주 여행	87	추석	NNG
경주 여행	87	기간	NNG
경주 여행	87	가족	NNG
경주 여행	87	아이	NNG
경주 여행	87	가족	NNG
경주 여행	87	코스	NNG
경주 여행	87	추천	NNG
경주 여행	87	조사	NNG
경주 여행	87	결과	NNG
경주 여행	87	바탕	NNG
경주 여행	87	최적	NNG
경주 여행	87	코스	NNG
경주 여행	87	제안	NNG
경주 여행	88	초등학생	NNG
경주 여행	88	전남	NNP
경주 여행	88	초등학생	NNG
경주 여행	88	코스	NNG
경주 여행	88	숙소	NNG
경주 여행	88	질문	NNG
경주 여행	88	여행지	NNG
경주 여행	88	관련	NNG
경주 여행	88	답변	NNG
경주 여행	88	여행지	NNG
경주 여행	89	코스	NNG
경주 여행	89	동선	NNG
경주 여행	89	추천	NNG
경주 여행	89	코스	NNG
경주 여행	89	동선	NNG
경주 여행	89	다음	NNG
경주 여행	89	하루	NNG
경주 여행	89	정도	NNG
경주 여행	89	석굴암	NNG
경주 여행	89	불국사	NNP
경주 여행	89	질문	NNG
경주 여행	89	일정	NNG
경주 여행	89	관련	NNG
경주 여행	89	답변	NNG
경주 여행	89	당일치기	NNG
경주 여행	89	준비	NNG
경주 여행	90	초보	NNG
경주 여행	90	운전	NNG
경주 여행	90	코스	NNG
경주 여행	90	코스	NNG
경주 여행	90	어려움	NNG
경주 여행	90	벚꽃	NNG
경주 여행	90	개화	NNG
경주 여행	90	참고	NNG
경주 여행	90	쭈니	NNP
경주 여행	90	아빠	NNG
경주 여행	90	블로그	NNG
경주 여행	90	방문	NNG
경주 여행	90	카테고리	NNG
경주 여행	91	아들	NNG
경주 여행	91	일정	NNG
경주 여행	91	아들	NNG
경주 여행	91	선배	NNG
경주 여행	91	조언	NNG
경주 여행	91	코스	NNG
경주 여행	91	추천	NNG
경주 여행	91	전문	NNG
경주 여행	91	블로거	NNP
경주 여행	91	초등	NNG
경주 여행	91	학교	NNG
경주 여행	91	학년	NNG
경주 여행	91	아들	NNG
경주 여행	91	역사	NNG
경주 여행	91	하루	NNG
경주 여행	91	코스	NNG
경주 여행	91	남산	NNP
경주 여행	91	정복	NNG
경주 여행	91	코스	NNG
경주 여행	92	가족	NNG
경주 여행	92	가족	NNG
경주 여행	92	가족	NNG
경주 여행	92	학년	NNG
경주 여행	92	학년	NNG
경주 여행	92	문화재	NNG
경주 여행	92	작년	NNG
경주 여행	92	여름	NNG
경주 여행	92	방학	NNG
경주 여행	92	당일	NNG
경주 여행	92	답변	NNG
경주 여행	93	포항	NNP
경주 여행	93	기차	NNG
경주 여행	93	요금	NNG
경주 여행	93	포항	NNP
경주 여행	93	기차	NNG
경주 여행	93	요금	NNG
경주 여행	93	코스	NNG
경주 여행	93	맛집	NNG
경주 여행	93	답변	NNG
경주 여행	93	포항	NNP
경주 여행	93	가시	NNG
경주 여행	93	열차	NNG
경주 여행	93	시간	NNG
경주 여행	93	가격	NNG
경주 여행	94	갈만	NNG
경주 여행	94	관광	NNG
경주 여행	94	문화	NNG
경주 여행	94	정서	NNG
경주 여행	94	체험	NNG
경주 여행	94	계획	NNG
경주 여행	94	계획	NNG
경주 여행	94	가족	NNG
경주 여행	95	질문	NNG
경주 여행	95	안녕	NNG
경주 여행	95	준비	NNG
경주 여행	95	출발지	NNG
경주 여행	95	서울	NNP
경주 여행	95	오전	NNG
경주 여행	95	서울	NNP
경주 여행	95	출발	NNG
경주 여행	95	일정	NNG
경주 여행	95	형편	NNG
경주 여행	95	아래	NNG
경주 여행	95	코스	NNG
경주 여행	95	조절	NNG
경주 여행	95	시내버스	NNG
경주 여행	95	투어	NNG
경주 여행	95	도보	NNG
경주 여행	95	자전거	NNG
경주 여행	96	역사	NNG
경주 여행	96	코스	NNG
경주 여행	96	부탁	NNG
경주 여행	96	이번	NNG
경주 여행	96	여동생	NNG
경주 여행	96	고등학생	NNG
경주 여행	96	역사	NNG
경주 여행	96	역사	NNG
경주 여행	96	안내소	NNG
경주 여행	96	책자	NNG
경주 여행	96	사이트	NNG
경주 여행	96	활용	NNG
경주 여행	96	책자	NNG
경주 여행	97	코스	NNG
경주 여행	97	추천	NNG
경주 여행	97	새벽	NNG
경주 여행	97	대명	NNG
경주 여행	97	콘도	NNG
경주 여행	97	예정	NNG
경주 여행	97	동안	NNG
경주 여행	97	예정	NNG
경주 여행	97	기림사	NNG
경주 여행	97	분황사	NNG
경주 여행	97	부처	NNG
경주 여행	97	무열왕릉	NNG
경주 여행	97	석굴암	NNG
경주 여행	97	황룡	NNG
경주 여행	97	사지	NNG
경주 여행	97	오릉	NNG
경주 여행	97	국립	NNG
경주 여행	97	박물관	NNG
경주 여행	97	참고	NNG
경주 여행	98	코스	NNG
경주 여행	98	코스	NNG
경주 여행	98	추천	NNG
경주 여행	98	대상	NNG
경주 여행	98	어머니	NNG
경주 여행	98	자녀	NNG
경주 여행	98	본인	NNG
경주 여행	98	코스	NNG
경주 여행	98	답변	NNG
경주 여행	98	전문	NNG
경주 여행	98	블로거	NNP
경주 여행	98	어머님	NNG
경주 여행	98	추억	NNG
경주 여행	98	경험	NNG
경주 여행	99	날씨	NNG
경주 여행	99	날씨	NNG
경주 여행	99	가요	NNG
경주 여행	99	날씨	NNG
경주 여행	99	가능	NNG
경주 여행	99	기온	NNG
경주 여행	99	정도	NNG
경주 여행	99	예상	NNG
경주 여행	99	가능	NNG
경주 여행	99	날씨	NNG
경주 여행	99	계획	NNG
경주 여행	99	참고	NNG
경주 여행	100	날씨	NNG
경주 여행	100	시즌	NNG
경주 여행	100	가을	NNG
경주 여행	101	일정	NNG
경주 여행	101	일정	NNG
경주 여행	101	문자	NNG
경주 여행	101	계획	NNG
경주 여행	101	소록	NNG
경주 여행	101	스테이	NNG
경주 여행	101	에서	NNG
경주 여행	101	아래	NNG
경주 여행	101	일정	NNG
경주 여행	101	정리	NNG
경주 여행	101	일정	NNG
경주 여행	101	감성	NNG
경주 여행	102	어머니	NNG
경주 여행	102	어버이날	NNP
경주 여행	102	어머니	NNG
경주 여행	102	펜션	NNG
경주 여행	102	안녕	NNG
경주 여행	102	어버이날	NNP
경주 여행	102	어머니	NNG
경주 여행	102	계획	NNG
경주 여행	102	특별	NNG
경주 여행	102	시간	NNG
경주 여행	102	마음	NNG
경주 여행	103	동궁	NNG
경주 여행	103	월지	NNG
경주 여행	103	정교	NNG
경주 여행	103	야경	NNG
경주 여행	103	정상	NNG
경주 여행	103	운영	NNG
경주 여행	103	휴무일	NNG
경주 여행	103	관람	NNG
경주 여행	103	방해	NNG
경주 여행	103	정도	NNG
경주 여행	103	날씨	NNG
경주 여행	103	상황	NNG
경주 여행	103	통제	NNG
경주 여행	103	경우	NNG
경주 여행	103	관람	NNG
경주 여행	103	가능	NNG
경주 여행	104	남자	NNG
경주 여행	104	친구	NNG
경주 여행	104	숙소	NNG
경주 여행	104	개인	NNG
경주 여행	104	부족	NNG
경주 여행	104	계획	NNG
경주 여행	104	예산	NNG
경주 여행	104	집행	NNG
경주 여행	104	부족	NNG
경주 여행	105	맛집	NNG
경주 여행	105	맛집	NNG
경주 여행	105	추천	NNG
경주 여행	105	부탁	NNG
경주 여행	105	가이드	NNG
경주 여행	105	교통편	NNG
경주 여행	105	맛집	NNG
경주 여행	105	볼거리	NNG
경주 여행	105	한국	NNP
경주 여행	105	역사	NNG
경주 여행	105	문화	NNG
경주 여행	105	도시	NNG
경주 여행	105	명소	NNG
경주 여행	106	추천	NNG
경주 여행	106	추천	NNG
경주 여행	106	추천	NNG
경주 여행	106	월드	NNG
경주 여행	106	국립	NNG
경주 여행	106	박물관	NNG
경주 여행	106	황리	NNG
경주 여행	106	첨성대	NNG
경주 여행	106	불국사	NNP
경주 여행	106	엑스포	NNG
경주 여행	106	공원	NNG
경주 여행	107	날씨	NNG
경주 여행	107	날씨	NNG
경주 여행	107	가요	NNG
경주 여행	107	시외버스	NNG
경주 여행	107	빙판길	NNG
경주 여행	107	불안	NNG
경주 여행	107	날씨	NNG
경주 여행	107	주말	NNG
경주 여행	107	그때	NNG
경주 여행	107	예보	NNG
경주 여행	108	맛집	NNG
경주 여행	108	카페	NNG
경주 여행	108	계획	NNG
경주 여행	108	맛집	NNG
경주 여행	108	카페	NNG
경주 여행	108	특별	NNG
경주 여행	108	경험	NNG
경주 여행	108	메뉴	NNG
경주 여행	108	특별	NNG
경주 여행	108	제공	NNG
경주 여행	108	전통	NNG
경주 여행	108	분위기	NNG
경주 여행	108	현대	NNG
경주 여행	108	요소	NNG
경주 여행	108	조화	NNG
경주 여행	108	장소	NNG
경주 여행	108	황남빵	NNP
경주 여행	109	일정	NNG
경주 여행	109	고민	NNG
경주 여행	109	아빠	NNG
경주 여행	109	엄마	NNG
경주 여행	109	아들	NNG
경주 여행	109	역하	NNG
경주 여행	109	숙소	NNG
경주 여행	109	황리	NNG
경주 여행	109	황남	NNG
경주 여행	109	고택	NNG
경주 여행	109	답변	NNG
경주 여행	109	도움	NNG
경주 여행	109	말씀	NNG
경주 여행	109	질문	NNG
경주 여행	109	아빠	NNG
경주 여행	109	엄마	NNG
경주 여행	109	아들	NNG
경주 여행	110	아래	NNG
경주 여행	110	참조	NNG
경주 여행	110	도움	NNG
경주 여행	111	질문	NNG
경주 여행	111	코스	NNG
경주 여행	111	시내	NNG
경주 여행	111	숙소	NNG
경주 여행	111	첨성대	NNG
경주 여행	111	코스	NNG
경주 여행	111	황리	NNG
경주 여행	111	도보이	NNP
경주 여행	111	가능	NNG
경주 여행	111	가요	NNG
경주 여행	111	불국사	NNG
경주 여행	111	숙소	NNG
경주 여행	111	불국사	NNG
경주 여행	111	석굴암	NNG
경주 여행	111	바람	NNG
경주 여행	111	언덕	NNG
경주 여행	111	숙소	NNG
경주 여행	111	체크인	NNG
경주 여행	112	펜션	NNG
경주 여행	112	호텔	NNG
경주 여행	112	예약	NNG
경주 여행	112	날짜	NNG
경주 여행	112	성수기	NNG
경주 여행	113	당일치기	NNG
경주 여행	113	질문	NNG
경주 여행	113	당일	NNG
경주 여행	113	당일	NNG
경주 여행	113	오전	NNG
경주 여행	113	터미널	NNG
경주 여행	113	도착	NNG
경주 여행	113	오후	NNG
경주 여행	113	터미널	NNG
경주 여행	113	버스	NNG
경주 여행	113	버스	NNG
경주 여행	113	터미널	NNG
경주 여행	113	도착	NNG
경주 여행	113	황리	NNG
경주 여행	113	대릉원	NNG
경주 여행	113	첨성대	NNG
경주 여행	113	정교	NNG
경주 여행	113	동궁	NNG
경주 여행	113	월지	NNG
경주 여행	114	준비	NNG
경주 여행	114	시티투어	NNP
경주 여행	114	블로그	NNG
경주 여행	114	시작	NNG
경주 여행	114	걸음	NNG
경주 여행	114	추천	NNG
경주 여행	115	고등학생	NNG
경주 여행	115	시절	NNG
경주 여행	115	추억	NNG
경주 여행	115	고등학생	NNG
경주 여행	115	시절	NNG
경주 여행	115	추억	NNG
경주 여행	115	로또	NNP
경주 여행	115	해몽	NNG
경주 여행	115	컴퓨터	NNG
경주 여행	115	조립식	NNG
경주 여행	115	얼마	NNG
경주 여행	115	고등학생	NNG
경주 여행	115	시절	NNG
경주 여행	115	추억	NNG
경주 여행	115	선택	NNG
경주 여행	115	한국	NNP
경주 여행	115	역사	NNG
경주 여행	115	문화	NNG
경주 여행	115	도시	NNG
경주 여행	116	남자	NNG
경주 여행	116	혼자	NNG
경주 여행	116	일정	NNG
경주 여행	116	숙소	NNG
경주 여행	116	예약	NNG
경주 여행	116	혼자	NNG
경주 여행	116	계획	NNG
경주 여행	116	여유	NNG
경주 여행	116	일정	NNG
경주 여행	116	가성	NNG
경주 여행	116	숙소	NNG
경주 여행	116	경주역	NNP
경주 여행	116	근처	NNG
경주 여행	116	게스트	NNP
경주 여행	116	하우스	NNP
경주 여행	116	황리	NNG
경주 여행	116	한옥	NNP
경주 여행	116	게스트	NNP
경주 여행	116	하우스	NNP
경주 여행	116	가격	NNG
경주 여행	116	접근성	NNG
경주 여행	116	바닷가	NNG
경주 여행	116	이동	NNG
경주 여행	117	루트	NNG
경주 여행	117	천마총	NNG
경주 여행	117	중앙	NNG
경주 여행	117	시장	NNG
경주 여행	117	일정	NNG
경주 여행	117	천마총	NNG
경주 여행	117	중앙	NNG
경주 여행	117	시장	NNG
경주 여행	117	네이버	NNP
경주 여행	117	지도	NNG
경주 여행	117	검색	NNG
경주 여행	117	동선	NNG
경주 여행	117	낭비	NNG
경주 여행	117	지도	NNG
경주 여행	117	중간	NNG
경주 여행	117	천마총	NNG
경주 여행	118	중반	NNG
경주 여행	118	여성	NNG
경주 여행	118	식당	NNG
경주 여행	118	술집	NNG
경주 여행	118	추천	NNG
경주 여행	118	친구	NNG
경주 여행	118	여자	NNG
경주 여행	118	황리	NNG
경주 여행	118	보문	NNG
경주 여행	118	추천	NNG
경주 여행	118	식당	NNG
경주 여행	118	추천	NNG
경주 여행	118	부탁	NNG
경주 여행	118	하루	NNG
경주 여행	118	시내	NNG
경주 여행	119	경비	NNG
경주 여행	119	정도	NNG
경주 여행	119	숙소	NNG
경주 여행	119	교통비	NNG
경주 여행	119	식대	NNG
경주 여행	119	입장료	NNG
경주 여행	119	간식	NNG
경주 여행	119	정도	NNG
경주 여행	119	본인	NNG
경주 여행	119	주머니	NNG
경주 여행	119	생각	NNG
경주 여행	119	조절	NNG
경주 여행	119	여유	NNG
경주 여행	120	여행지	NNG
경주 여행	120	추천	NNG
경주 여행	120	이번	NNG
경주 여행	120	남자	NNG
경주 여행	120	친구	NNG
경주 여행	120	전역	NNG
경주 여행	120	직전	NNG
경주 여행	120	황리	NNG
경주 여행	120	계획	NNG
경주 여행	120	코스	NNG
경주 여행	120	공유	NNG
경주 여행	120	내용	NNG
경주 여행	120	참고	NNG
경주 여행	121	아이	NNG
경주 여행	121	코스	NNG
경주 여행	121	아이	NNG
경주 여행	121	가족	NNG
경주 여행	121	첫날	NNG
경주 여행	121	점심	NNG
경주 여행	121	경주역	NNP
경주 여행	121	도착	NNG
경주 여행	121	예정	NNG
경주 여행	121	숙소	NNG
경주 여행	121	보문관광단지	NNP
경주 여행	121	근처	NNG
경주 여행	121	월드	NNG
경주 여행	121	오후	NNG
경주 여행	121	계획	NNG
경주 여행	121	운전	NNG
경주 여행	121	예정	NNG
경주 여행	121	코스	NNG
경주 여행	122	추천	NNG
경주 여행	122	안녕	NNG
경주 여행	122	세영	NNP
경주 여행	122	황리	NNG
경주 여행	122	근처	NNG
경주 여행	122	분위기	NNG
경주 여행	122	가이드	NNG
경주 여행	122	교통편	NNG
경주 여행	122	맛집	NNG
경주 여행	122	볼거리	NNG
경주 여행	122	가이드	NNG
경주 여행	122	교통편	NNG
경주 여행	122	맛집	NNG
경주 여행	122	볼거리	NNG
경주 여행	123	코스	NNG
경주 여행	123	지도	NNG
경주 여행	123	숙소	NNG
경주 여행	123	여자	NNG
경주 여행	123	친구	NNG
경주 여행	123	예정	NNG
경주 여행	123	코스	NNG
경주 여행	123	코스	NNG
경주 여행	123	지도	NNG
경주 여행	124	동선	NNG
경주 여행	124	부탁	NNG
경주 여행	124	어린애	NNG
경주 여행	124	숙소	NNG
경주 여행	124	보문	NNG
경주 여행	124	단지	NNG
경주 여행	124	정도	NNG
경주 여행	124	아이	NNG
경주 여행	124	체험	NNG
경주 여행	124	코스	NNG
경주 여행	124	맛집	NNG
경주 여행	124	코스	NNG
경주 여행	124	시내	NNG
경주 여행	124	보문관광단지	NNP
경주 여행	124	토함산	NNP
경주 여행	124	남산	NNG
경주 여행	125	애인	NNG
경주 여행	125	애인	NNG
경주 여행	126	코스	NNG
경주 여행	126	코스	NNG
경주 여행	126	계획	NNG
경주 여행	126	흥미	NNG
경주 여행	126	신라	NNP
경주 여행	126	역사	NNG
경주 여행	126	문화	NNG
경주 여행	126	자연	NNG
경주 여행	126	경관	NNG
경주 여행	126	대한민국	NNP
경주 여행	126	대표	NNG
경주 여행	126	관광	NNG
경주 여행	126	도시	NNG
경주 여행	126	동안	NNG
경주 여행	126	방문	NNG
경주 여행	126	추천	NNG
경주 여행	127	실내	NNG
경주 여행	127	관광	NNG
경주 여행	127	실내	NNG
경주 여행	127	추천	NNG
경주 여행	127	검색	NNG
경주 여행	127	기반	NNG
경주 여행	127	실제	NNG
경주 여행	127	방문	NNG
경주 여행	127	날씨	NNG
경주 여행	127	일정	NNG
경주 여행	127	운영	NNG
경주 여행	127	시간	NNG
경주 여행	127	확인	NNG
경주 여행	127	채택	NNG
경주 여행	128	운전	NNG
경주 여행	128	평상시	NNG
경주 여행	128	운전	NNG
경주 여행	128	제주	NNP
경주 여행	128	텍스	NNG
경주 여행	128	렌트	NNG
경주 여행	128	초보	NNG
경주 여행	128	운전	NNG
경주 여행	128	운전	NNG
경주 여행	128	자신	NNG
경주 여행	128	조심	NNG
경주 여행	128	운전	NNG
경주 여행	129	질문	NNG
경주 여행	129	의견	NNG
경주 여행	129	부탁	NNG
경주 여행	129	버스	NNG
경주 여행	129	택시	NNG
경주 여행	129	택시	NNG
경주 여행	129	택시	NNG
경주 여행	129	관광지	NNG
경주 여행	129	택시	NNG
경주 여행	129	카카오	NNP
경주 여행	129	택시	NNG
경주 여행	130	식당	NNG
경주 여행	130	추천	NNG
경주 여행	130	부탁	NNG
경주 여행	130	시간	NNG
경주 여행	130	도착	NNG
경주 여행	130	여행가	NNG
경주 여행	130	식당	NNG
경주 여행	130	특별	NNG
경주 여행	130	대접	NNG
경주 여행	130	식당	NNG
경주 여행	130	추천	NNG
경주 여행	130	식당	NNG
경주 여행	130	선택	NNG
경주 여행	130	특별	NNG
경주 여행	130	대접	NNG
경주 여행	131	코스	NNG
경주 여행	131	당일치기	NNG
경주 여행	131	학생	NNG
경주 여행	131	코스	NNG
경주 여행	131	첨성대	NNG
경주 여행	131	근처	NNG
경주 여행	131	한복	NNG
경주 여행	131	나드리	NNG
경주 여행	131	질문	NNG
경주 여행	131	일정	NNG
경주 여행	131	관련	NNG
경주 여행	131	답변	NNG
경주 여행	131	황리	NNG
경주 여행	131	맞춤	NNG
경주 여행	131	일정	NNG
경주 여행	131	준비	NNG
경주 여행	131	아래	NNG
경주 여행	131	첨부	NNG
경주 여행	131	일정	NNG
경주 여행	131	참고	NNG
경주 여행	132	역사	NNG
경주 여행	132	의미	NNG
경주 여행	132	생각	NNG
경주 여행	132	재미	NNG
경주 여행	132	공부	NNG
경주 여행	132	느낌	NNG
경주 여행	132	질문	NNG
경주 여행	132	여행지	NNG
경주 여행	132	관련	NNG
경주 여행	132	답변	NNG
경주 여행	132	여행지	NNG
경주 여행	132	동궁	NNG
경주 여행	132	월지	NNG
경주 여행	133	코스	NNG
경주 여행	133	추천	NNG
경주 여행	133	코스	NNG
경주 여행	133	추천	NNG
경주 여행	133	부탁	NNG
경주 여행	133	계획	NNG
경주 여행	133	대중교통	NNG
경주 여행	133	이용	NNG
경주 여행	133	생각	NNG
경주 여행	133	코스	NNG
경주 여행	134	코스	NNG
경주 여행	134	추천	NNG
경주 여행	134	코스	NNG
경주 여행	134	추천	NNG
경주 여행	134	가족	NNG
경주 여행	134	안녕	NNG
경주 여행	134	계획	NNG
경주 여행	134	루트	NNG
경주 여행	134	실행	NNG
경주 여행	134	실패	NNG
경주 여행	134	여행지	NNG
경주 여행	134	소개	NNG
경주 여행	134	마음	NNG
경주 여행	134	다면	NNG
경주 여행	134	채택	NNG
경주 여행	134	부탁	NNG
경주 여행	135	맛집	NNG
경주 여행	135	리스트	NNG
경주 여행	135	계획	NNG
경주 여행	135	필수	NNG
경주 여행	135	방문	NNG
경주 여행	135	맛집	NNG
경주 여행	135	플레이스	NNG
경주 여행	135	현지인	NNG
경주 여행	135	추천	NNG
경주 여행	135	명소	NNG
경주 여행	135	맛집	NNG
경주 여행	135	황남빵	NNP
경주 여행	135	식당	NNG
경주 여행	135	잔치국수	NNP
경주 여행	135	교동	NNP
경주 여행	135	법주	NNP
경주 여행	135	신라	NNP
경주 여행	135	밀면	NNP
경주 여행	135	플레이스	NNG
경주 여행	135	불국사	NNP
경주 여행	136	일정	NNG
경주 여행	136	최소한	NNG
경주 여행	136	움직임	NNG
경주 여행	136	이틀	NNG
경주 여행	136	동안	NNG
경주 여행	136	코스	NNG
경주 여행	136	카페	NNP
경주 여행	136	추천	NNG
경주 여행	136	질문	NNG
경주 여행	136	일정	NNG
경주 여행	136	관련	NNG
경주 여행	136	답변	NNG
경주 여행	136	문자	NNG
경주 여행	136	최대한	NNG
경주 여행	136	여유	NNG
경주 여행	136	일정	NNG
경주 여행	136	준비	NNG
경주 여행	137	추천	NNG
경주 여행	137	엄마	NNG
경주 여행	137	혼자	NNG
경주 여행	137	아들	NNG
경주 여행	137	정도	NNG
경주 여행	137	구체	NNG
경주 여행	137	일정	NNG
경주 여행	137	코스	NNG
경주 여행	137	맛집	NNG
경주 여행	137	숙소	NNG
경주 여행	137	경험담	NNG
경주 여행	137	소개	NNG
경주 여행	137	코스	NNG
경주 여행	138	추천	NNG
경주 여행	138	여행지	NNG
경주 여행	138	추천	NNG
경주 여행	138	주신	NNG
경주 여행	138	여행지	NNG
경주 여행	138	추천	NNG
경주 여행	138	경북	NNP
경주 여행	138	황성	NNG
경주 여행	138	공원	NNG
경주 여행	138	양남	NNG
경주 여행	138	주상	NNG
경주 여행	138	절리	NNG
경주 여행	138	동궁	NNG
경주 여행	138	월지	NNG
경주 여행	138	궁원	NNG
경주 여행	138	황리	NNG
경주 여행	138	첨성대	NNG
경주 여행	139	코스	NNG
경주 여행	139	질문	NNG
경주 여행	139	예전	NNG
경주 여행	139	가본적	NNG
경주 여행	139	지리	NNG
경주 여행	139	질문	NNG
경주 여행	139	코스	NNG
경주 여행	139	관련	NNG
경주 여행	139	답변	NNG
경주 여행	139	경주로	NNG
경주 여행	139	일정	NNG
경주 여행	139	준비	NNG
경주 여행	139	아래	NNG
경주 여행	139	첨부	NNG
경주 여행	139	일정	NNG
경주 여행	139	참고	NNG
경주 여행	140	코스	NNG
경주 여행	140	추천	NNG
경주 여행	140	코스	NNG
경주 여행	140	추천	NNG
경주 여행	140	주신	NNG
경주 여행	140	코스	NNG
경주 여행	140	추천	NNG
경주 여행	140	경북	NNP
경주 여행	140	황성	NNG
경주 여행	140	공원	NNG
경주 여행	140	양남	NNG
경주 여행	140	주상	NNG
경주 여행	140	절리	NNG
경주 여행	140	동궁	NNG
경주 여행	140	월지	NNG
경주 여행	140	궁원	NNG
경주 여행	141	엄마	NNG
경주 여행	141	엄마	NNG
경주 여행	141	평일	NNG
경주 여행	141	대중교통	NNG
경주 여행	141	불국사	NNG
경주 여행	141	도보	NNG
경주 여행	141	대중교통	NNG
경주 여행	141	이용	NNG
경주 여행	141	코스	NNG
경주 여행	141	의견	NNG
경주 여행	141	평일	NNG
경주 여행	141	어머니	NNG
경주 여행	141	어머니	NNG
경주 여행	141	행복	NNG
경주 여행	141	주요	NNG
경주 여행	141	관광지	NNG
경주 여행	141	교통편	NNG
경주 여행	141	도보	NNG
경주 여행	141	포함	NNG
경주 여행	142	코스	NNG
경주 여행	142	추천	NNG
경주 여행	142	여자	NNG
경주 여행	142	친구	NNG
경주 여행	142	코스	NNG
경주 여행	142	추천	NNG
경주 여행	142	월드	NNG
경주 여행	142	제외	NNG
경주 여행	142	여자	NNG
경주 여행	142	친구	NNG
경주 여행	142	코스	NNG
경주 여행	142	추천	NNG
경주 여행	142	하루	NNG
경주 여행	143	가족	NNG
경주 여행	143	추천	NNG
경주 여행	143	월드	NNG
경주 여행	143	테마파크	NNG
경주 여행	143	엑스포	NNG
경주 여행	143	대공원	NNG
경주 여행	143	국립	NNG
경주 여행	143	박물관	NNG
경주 여행	143	원릉	NNG
경주 여행	143	동굴	NNG
경주 여행	143	월지	NNG
경주 여행	144	다음	NNG
경주 여행	144	평일	NNG
경주 여행	144	시기	NNG
경주 여행	144	고민	NNG
경주 여행	144	혼자	NNG
경주 여행	144	봄바람	NNG
경주 여행	144	오푸스	NNG
경주 여행	144	객실	NNG
경주 여행	144	개별	NNG
경주 여행	144	바베큐	NNG
경주 여행	145	추천	NNG
경주 여행	145	부부	NNG
경주 여행	145	코스	NNG
경주 여행	145	야경	NNG
경주 여행	145	숙소	NNG
경주 여행	145	먹거리	NNG
경주 여행	145	추천	NNG
경주 여행	145	부탁	NNG
경주 여행	145	계획	NNG
경주 여행	145	추천	NNG
경주 여행	145	첨성대	NNG
경주 여행	145	동궁	NNG
경주 여행	145	월지	NNG
경주 여행	145	대릉원	NNG
경주 여행	146	코스	NNG
경주 여행	146	부탁	NNG
경주 여행	146	출발	NNG
경주 여행	146	코스	NNG
경주 여행	146	부탁	NNG
경주 여행	146	숙소	NNG
경주 여행	146	예약	NNG
경주 여행	146	코스	NNG
경주 여행	146	근처	NNG
경주 여행	146	게스트	NNP
경주 여행	146	하우스	NNP
경주 여행	146	계획	NNG
경주 여행	146	루트	NNG
경주 여행	146	실패	NNG
경주 여행	147	아이	NNG
경주 여행	147	코스	NNG
경주 여행	147	동선	NNG
경주 여행	147	가족	NNG
경주 여행	147	계획	NNG
경주 여행	147	구성원	NNG
경주 여행	147	남편	NNG
경주 여행	147	아이	NNG
경주 여행	147	워터	NNG
경주 여행	147	파크	NNG
경주 여행	147	아이	NNG
경주 여행	147	동안	NNG
경주 여행	147	필요	NNG
경주 여행	147	정보	NNG
경주 여행	147	확인	NNG
경주 여행	147	정보	NNG
경주 여행	148	코스	NNG
경주 여행	148	질문	NNG
경주 여행	148	코스	NNG
경주 여행	148	추천	NNG
경주 여행	148	대상	NNG
경주 여행	148	어머니	NNG
경주 여행	148	코스	NNG
경주 여행	148	답변	NNG
경주 여행	148	코스	NNG
경주 여행	148	답변	NNG
경주 여행	148	어머님	NNG
경주 여행	148	추억	NNG
경주 여행	149	코스	NNG
경주 여행	149	식당	NNG
경주 여행	149	추천	NNG
경주 여행	149	부탁	NNG
경주 여행	149	숙소	NNG
경주 여행	149	가실	NNG
경주 여행	149	방문	NNG
경주 여행	149	카페	NNG
경주 여행	149	포토	NNG
경주 여행	149	작품	NNG
경주 여행	149	감상	NNG
경주 여행	149	카페	NNG
경주 여행	149	참고	NNG
경주 여행	149	수면	NNG
경주 여행	150	질문	NNG
경주 여행	150	안녕	NNG
경주 여행	150	이번	NNG
경주 여행	150	정도	NNG
경주 여행	150	버스	NNG
경주 여행	150	렌트카	NNG
경주 여행	150	문화	NNG
경주 여행	150	유산	NNG
경주 여행	150	도시	NNG
경주 여행	150	당일	NNG
경주 여행	150	준비	NNG
경주 여행	150	방문	NNG
경주 여행	150	처음	NNG
경주 여행	151	코스	NNG
경주 여행	151	가족	NNG
경주 여행	151	코스	NNG
경주 여행	151	코스	NNG
경주 여행	151	중학교	NNG
경주 여행	151	코스	NNG
경주 여행	151	플레이스	NNG
경주 여행	151	코스	NNG
경주 여행	152	엄마	NNG
경주 여행	152	아빠	NNG
경주 여행	152	언니	NNG
경주 여행	152	추천	NNG
경주 여행	152	계획	NNG
경주 여행	152	장소	NNG
경주 여행	152	활동	NNG
경주 여행	152	추천	NNG
경주 여행	152	월드컵	NNG
경주 여행	153	여행지	NNG
경주 여행	153	추천	NNG
경주 여행	153	계획	NNG
경주 여행	153	일정	NNG
경주 여행	153	질문	NNG
경주 여행	153	여행지	NNG
경주 여행	153	관련	NNG
경주 여행	153	답변	NNG
경주 여행	153	대부분	NNG
경주 여행	153	평지	NNG
경주 여행	153	여행지	NNG
경주 여행	153	조금	NNG
경주 여행	153	참고	NNG
경주 여행	154	추천	NNG
경주 여행	154	여행지	NNG
경주 여행	154	추천	NNG
경주 여행	154	부탁	NNG
경주 여행	154	보문	NNG
경주 여행	154	단지	NNG
경주 여행	154	위치	NNG
경주 여행	154	우양	NNG
경주 여행	154	미술관	NNG
경주 여행	154	국내	NNG
경주 여행	154	최초	NNG
경주 여행	154	추천	NNG
경주 여행	154	장소	NNG
경주 여행	154	동궁	NNG
경주 여행	154	월지	NNG
경주 여행	154	신라	NNP
경주 여행	154	시대	NNG
경주 여행	154	궁터	NNG
경주 여행	154	왕자	NNG
경주 여행	154	생활	NNG
경주 여행	154	장소	NNG
경주 여행	155	코스	NNG
경주 여행	155	추천	NNG
경주 여행	155	부탁	NNG
경주 여행	155	군요	NNG
경주 여행	155	코스	NNG
경주 여행	155	패딩	NNG
경주 여행	155	느낌	NNG
경주 여행	155	코트	NNG
경주 여행	155	경량	NNG
경주 여행	155	패딩	NNG
경주 여행	155	정도	NNG
경주 여행	155	추천	NNG
경주 여행	156	코스	NNG
경주 여행	156	조언	NNG
경주 여행	156	부탁	NNG
경주 여행	156	가족	NNG
경주 여행	156	부모	NNG
경주 여행	156	질문	NNG
경주 여행	156	코스	NNG
경주 여행	156	관련	NNG
경주 여행	156	답변	NNG
경주 여행	156	가족	NNG
경주 여행	156	계획	NNG
경주 여행	156	가족	NNG
경주 여행	156	일정	NNG
경주 여행	156	준비	NNG
경주 여행	156	아래	NNG
경주 여행	156	첨부	NNG
경주 여행	156	일정	NNG
경주 여행	156	참고	NNG
경주 여행	157	친정	NNG
경주 여행	157	엄마	NNG
경주 여행	157	코스	NNG
경주 여행	157	초반	NNG
경주 여행	157	건강	NNG
경주 여행	157	친정	NNG
경주 여행	157	엄마	NNG
경주 여행	157	질문	NNG
경주 여행	157	코스	NNG
경주 여행	157	관련	NNG
경주 여행	157	답변	NNG
경주 여행	157	부모	NNG
경주 여행	157	계획	NNG
경주 여행	157	숙소	NNG
경주 여행	157	맞춤	NNG
경주 여행	157	일정	NNG
경주 여행	157	준비	NNG
경주 여행	157	아래	NNG
경주 여행	157	첨부	NNG
경주 여행	157	일정	NNG
경주 여행	158	황리	NNG
경주 여행	158	맛집	NNG
경주 여행	158	추천	NNG
경주 여행	158	이번	NNG
경주 여행	158	황리	NNG
경주 여행	158	근처	NNG
경주 여행	158	맛집	NNG
경주 여행	158	추천	NNG
경주 여행	158	거리	NNG
경주 여행	158	황리	NNG
경주 여행	158	맛집	NNG
경주 여행	158	추천	NNG
경주 여행	158	황리	NNG
경주 여행	158	맛집	NNG
경주 여행	158	맛집	NNG
경주 여행	158	오랫동안	NNG
경주 여행	158	배달	NNG
경주 여행	159	숙소	NNG
경주 여행	159	추천	NNG
경주 여행	159	안녕	NNG
경주 여행	159	경기도	NNP
경주 여행	159	사람	NNG
경주 여행	159	내년	NNG
경주 여행	159	중순	NNG
경주 여행	159	예정	NNG
경주 여행	159	인원	NNG
경주 여행	159	엄마	NNG
경주 여행	159	초등	NNG
경주 여행	159	겨울	NNG
경주 여행	159	비추	NNG
경주 여행	159	거리	NNG
경주 여행	159	택시	NNG
경주 여행	160	여행지	NNG
경주 여행	160	여자	NNG
경주 여행	160	친구	NNG
경주 여행	160	경치	NNG
경주 여행	160	이동	NNG
경주 여행	160	계획	NNG
경주 여행	161	감성	NNG
경주 여행	161	쿠지	NNP
경주 여행	161	숙소	NNG
경주 여행	161	추천	NNG
경주 여행	161	부탁	NNG
경주 여행	161	마지막	NNG
경주 여행	161	계획	NNG
경주 여행	161	어른	NNG
경주 여행	161	아이	NNG
경주 여행	161	가능	NNG
경주 여행	161	독채	NNG
경주 여행	161	쿠지	NNP
경주 여행	161	숙소	NNG
경주 여행	161	추천	NNG
경주 여행	161	휴식	NNG
경주 여행	161	최적	NNG
경주 여행	161	선택	NNG
경주 여행	162	맛집	NNG
경주 여행	162	리스트	NNG
경주 여행	162	계획	NNG
경주 여행	162	필수	NNG
경주 여행	162	방문	NNG
경주 여행	162	맛집	NNG
경주 여행	162	플레이스	NNG
경주 여행	162	현지인	NNG
경주 여행	162	추천	NNG
경주 여행	162	맛집	NNG
경주 여행	162	관광객	NNG
경주 여행	162	인기	NNG
경주 여행	162	플레이스	NNG
경주 여행	162	포함	NNG
경주 여행	162	종합	NNG
경주 여행	162	리스트	NNG
경주 여행	162	제공	NNG
경주 여행	162	맛집	NNG
경주 여행	162	플레이스	NNG
경주 여행	163	추천	NNG
경주 여행	163	부탁	NNG
경주 여행	163	기본	NNG
경주 여행	163	맛집	NNG
경주 여행	163	주신	NNG
경주 여행	163	추천	NNG
경주 여행	163	경북	NNP
경주 여행	164	코스	NNG
경주 여행	164	추천	NNG
경주 여행	164	요번	NNG
경주 여행	164	주제	NNG
경주 여행	164	문화재	NNG
경주 여행	164	위주	NNG
경주 여행	164	위주	NNG
경주 여행	164	갈만	NNG
경주 여행	164	추천	NNG
경주 여행	164	야경	NNG
경주 여행	164	코스	NNG
경주 여행	164	추천	NNG
경주 여행	164	답변	NNG
경주 여행	164	안녕	NNG
경주 여행	164	저번	NNG
경주 여행	164	사람	NNG
경주 여행	165	추천	NNG
경주 여행	165	추천	NNG
경주 여행	165	안녕	NNG
경주 여행	165	계획	NNG
경주 여행	165	루트	NNG
경주 여행	165	용시	NNG
경주 여행	165	실패	NNG
경주 여행	165	소개	NNG
경주 여행	165	마음	NNG
경주 여행	165	다면	NNG
경주 여행	165	채택	NNG
경주 여행	165	부탁	NNG
경주 여행	166	캐리	NNP
경주 여행	166	어사이즈	NNP
경주 여행	166	추천	NNP
경주 여행	166	이번	NNG
경주 여행	166	아버지	NNG
경주 여행	166	캐리어	NNG
경주 여행	166	캐리	NNP
경주 여행	166	어사이즈	NNP
경주 여행	166	추천	NNG
경주 여행	166	부탁	NNG
경주 여행	166	캐리어	NNG
경주 여행	166	추천	NNG
경주 여행	166	매일	NNG
경주 여행	167	폴라로이드	NNG
경주 여행	167	카메라	NNG
경주 여행	167	대여	NNG
경주 여행	167	구매	NNG
경주 여행	167	숙소	NNG
경주 여행	167	중요	NNG
경주 여행	167	오푸스	NNG
경주 여행	167	빌라	NNG
경주 여행	167	펜션	NNG
경주 여행	167	추천	NNG
경주 여행	168	렌터카	NNG
경주 여행	168	숙소	NNG
경주 여행	168	터미널	NNG
경주 여행	168	주요	NNG
경주 여행	168	관광지	NNG
경주 여행	168	도보	NNG
경주 여행	168	관광지	NNG
경주 여행	168	추천	NNG
경주 여행	168	말씀	NNG
경주 여행	168	터미널	NNG
경주 여행	168	주요	NNG
경주 여행	168	관광지	NNG
경주 여행	168	황리	NNG
경주 여행	168	시작	NNG
경주 여행	168	황리	NNG
경주 여행	168	시작	NNG
경주 여행	169	코스	NNG
경주 여행	169	추천	NNG
경주 여행	169	요번	NNG
경주 여행	169	주제	NNG
경주 여행	169	코스	NNG
경주 여행	169	추천	NNG
경주 여행	169	코스	NNG
경주 여행	169	남산	NNP
경주 여행	169	정복	NNG
경주 여행	169	코스	NNG
경주 여행	169	코스	NNG
경주 여행	169	불국사	NNG
경주 여행	169	석굴암	NNG
경주 여행	169	관람	NNG
경주 여행	169	랜드마크	NNP
경주 여행	170	렌트	NNG
경주 여행	170	렌트	NNG
경주 여행	170	부산	NNP
경주 여행	170	운전	NNG
경주 여행	170	가여	NNG
경주 여행	170	부산	NNP
경주 여행	170	황리	NNG
경주 여행	170	첨성대	NNG
경주 여행	170	인근	NNG
경주 여행	170	대릉원	NNG
경주 여행	170	인근	NNG
경주 여행	170	시내	NNG
경주 여행	170	정도	NNG
경주 여행	170	운전	NNG
경주 여행	171	내공	NNP
경주 여행	171	당일치기	NNG
경주 여행	171	아침	NNG
경주 여행	171	저녁	NNG
경주 여행	171	시간	NNG
경주 여행	171	반려	NNG
경주 여행	171	동반	NNG
경주 여행	171	입장	NNG
경주 여행	171	반려	NNG
경주 여행	171	동반	NNG
경주 여행	171	여행지	NNG
경주 여행	171	추천	NNG
경주 여행	172	주말	NNG
경주 여행	172	코스	NNG
경주 여행	172	엄마	NNG
경주 여행	172	아빠	NNG
경주 여행	172	경주로	NNG
경주 여행	172	수학여행	NNG
경주 여행	172	엄마	NNG
경주 여행	172	아빠	NNG
경주 여행	172	처음	NNG
경주 여행	172	맛집	NNG
경주 여행	172	추도	NNG
경주 여행	172	부탁	NNG
경주 여행	172	주말	NNG
경주 여행	172	코스	NNG
경주 여행	172	답변	NNG
경주 여행	173	숙소	NNG
경주 여행	173	토요일	NNG
경주 여행	173	숙소	NNG
경주 여행	173	가을	NNG
경주 여행	173	신상	NNG
경주 여행	173	펜션	NNG
경주 여행	173	빌라	NNP
경주 여행	173	숙소	NNG
경주 여행	173	신축	NNG
경주 여행	173	펜션	NNG
경주 여행	174	택시	NNG
경주 여행	174	투어	NNG
경주 여행	174	렌트카	NNG
경주 여행	174	이용	NNG
경주 여행	174	지인	NNG
경주 여행	174	질문	NNG
경주 여행	174	택시	NNG
경주 여행	174	투어	NNG
경주 여행	174	관련	NNG
경주 여행	174	답변	NNG
경주 여행	174	택시	NNG
경주 여행	174	투어	NNG
경주 여행	174	편안	NNG
경주 여행	174	최근	NNG
경주 여행	174	택시	NNG
경주 여행	174	투어	NNG
경주 여행	174	이용	NNG
경주 여행	175	천군동	NNP
경주 여행	175	위치	NNG
경주 여행	175	빌라	NNG
경주 여행	175	입실	NNG
경주 여행	175	도착	NNG
경주 여행	175	예정	NNG
경주 여행	175	그동안	NNG
경주 여행	175	안녕	NNG
경주 여행	175	계획	NNG
경주 여행	175	루트	NNG
경주 여행	175	실패	NNG
경주 여행	175	소개	NNG
경주 여행	175	마음	NNG
경주 여행	176	빵집	NNG
경주 여행	176	빵집	NNG
경주 여행	176	주말	NNG
경주 여행	176	남편	NNG
경주 여행	176	에서	NNG
경주 여행	176	빵집	NNG
경주 여행	176	계절	NNG
경주 여행	176	이맘때	NNG
경주 여행	176	아이	NNG
경주 여행	177	추천	NNG
경주 여행	177	중학	NNG
경주 여행	177	친구	NNG
경주 여행	177	당일치기	NNG
경주 여행	177	저번	NNG
경주 여행	177	코스	NNG
경주 여행	177	추천	NNG
경주 여행	177	참고	NNG
경주 여행	177	도움	NNG
경주 여행	178	코스	NNG
경주 여행	178	동선	NNG
경주 여행	178	자차	NNG
경주 여행	178	이용	NNG
경주 여행	178	코스	NNG
경주 여행	178	동선	NNG
경주 여행	178	문제	NNG
경주 여행	178	해결책	NNG
경주 여행	178	제시	NNG
경주 여행	178	코스	NNG
경주 여행	178	동선	NNG
경주 여행	178	장소	NNG
경주 여행	179	어르신	NNG
경주 여행	179	숙소	NNG
경주 여행	179	어르신	NNG
경주 여행	179	추천	NNG
경주 여행	179	인원	NNG
경주 여행	179	숙소	NNG
경주 여행	179	식사	NNG
경주 여행	179	추천	NNG
경주 여행	179	안녕	NNG
경주 여행	179	관심	NNG
경주 여행	179	역사	NNG
경주 여행	179	문화	NNG
경주 여행	179	경험	NNG
경주 여행	179	명소	NNG
경주 여행	179	추천	NNG
경주 여행	180	황리	NNG
경주 여행	180	황동	NNG
경주 여행	180	황지	NNG
경주 여행	180	지역민	NNG
경주 여행	180	관광객	NNG
경주 여행	180	황리	NNG
경주 여행	180	황동	NNG
경주 여행	181	코스	NNG
경주 여행	181	갈만	NNG
경주 여행	181	안녕	NNG
경주 여행	181	취향	NNG
경주 여행	181	질문	NNG
경주 여행	181	관련	NNG
경주 여행	181	답변	NNG
경주 여행	182	할머니	NNG
경주 여행	182	할머니	NNG
경주 여행	182	코스	NNG
경주 여행	182	질문	NNG
경주 여행	182	관련	NNG
경주 여행	182	답변	NNG
경주 여행	182	할머니	NNG
경주 여행	182	요즘	NNG
경주 여행	182	택시	NNG
경주 여행	182	투어	NNG
경주 여행	182	편안	NNG
경주 여행	183	코스	NNG
경주 여행	183	추천	NNG
경주 여행	183	코스	NNG
경주 여행	183	추천	NNG
경주 여행	183	질문	NNG
경주 여행	183	관련	NNG
경주 여행	183	답변	NNG
경주 여행	183	예정	NNG
경주 여행	183	참고	NNG
경주 여행	183	도움	NNG
경주 여행	184	사월	NNG
경주 여행	184	가족	NNG
경주 여행	184	계획	NNG
경주 여행	184	사월	NNG
경주 여행	184	가족	NNG
경주 여행	184	계획	NNG
경주 여행	184	가족	NNG
경주 여행	184	소개	NNG
경주 여행	184	경경	NNG
경주 여행	184	가족	NNG
경주 여행	184	계획	NNG
경주 여행	184	한화	NNG
경주 여행	184	리조트	NNG
경주 여행	184	추억	NNG
경주 여행	185	정도	NNG
경주 여행	185	고속버스	NNG
경주 여행	185	시기	NNG
경주 여행	186	가족	NNG
경주 여행	186	코스	NNG
경주 여행	186	추천	NNG
경주 여행	186	코스	NNG
경주 여행	186	추천	NNG
경주 여행	186	부탁	NNG
경주 여행	186	이번	NNG
경주 여행	186	추석	NNG
경주 여행	186	기간	NNG
경주 여행	186	가족	NNG
경주 여행	186	아이	NNG
경주 여행	186	가족	NNG
경주 여행	186	코스	NNG
경주 여행	186	추천	NNG
경주 여행	186	조사	NNG
경주 여행	186	결과	NNG
경주 여행	186	바탕	NNG
경주 여행	186	최적	NNG
경주 여행	186	코스	NNG
경주 여행	186	제안	NNG
경주 여행	187	초등학생	NNG
경주 여행	187	전남	NNP
경주 여행	187	초등학생	NNG
경주 여행	187	코스	NNG
경주 여행	187	숙소	NNG
경주 여행	187	질문	NNG
경주 여행	187	여행지	NNG
경주 여행	187	관련	NNG
경주 여행	187	답변	NNG
경주 여행	187	여행지	NNG
경주 여행	188	코스	NNG
경주 여행	188	동선	NNG
경주 여행	188	추천	NNG
경주 여행	188	코스	NNG
경주 여행	188	동선	NNG
경주 여행	188	다음	NNG
경주 여행	188	하루	NNG
경주 여행	188	정도	NNG
경주 여행	188	석굴암	NNG
경주 여행	188	불국사	NNP
경주 여행	188	질문	NNG
경주 여행	188	일정	NNG
경주 여행	188	관련	NNG
경주 여행	188	답변	NNG
경주 여행	188	당일치기	NNG
경주 여행	188	준비	NNG
경주 여행	189	초보	NNG
경주 여행	189	운전	NNG
경주 여행	189	코스	NNG
경주 여행	189	코스	NNG
경주 여행	189	어려움	NNG
경주 여행	189	벚꽃	NNG
경주 여행	189	개화	NNG
경주 여행	189	참고	NNG
경주 여행	189	쭈니	NNP
경주 여행	189	아빠	NNG
경주 여행	189	블로그	NNG
경주 여행	189	방문	NNG
경주 여행	189	카테고리	NNG
경주 여행	190	아들	NNG
경주 여행	190	일정	NNG
경주 여행	190	아들	NNG
경주 여행	190	선배	NNG
경주 여행	190	조언	NNG
경주 여행	190	코스	NNG
경주 여행	190	추천	NNG
경주 여행	190	전문	NNG
경주 여행	190	블로거	NNP
경주 여행	190	초등	NNG
경주 여행	190	학교	NNG
경주 여행	190	학년	NNG
경주 여행	190	아들	NNG
경주 여행	190	역사	NNG
경주 여행	190	하루	NNG
경주 여행	190	코스	NNG
경주 여행	190	남산	NNP
경주 여행	190	정복	NNG
경주 여행	190	코스	NNG
경주 여행	191	가족	NNG
경주 여행	191	가족	NNG
경주 여행	191	가족	NNG
경주 여행	191	학년	NNG
경주 여행	191	학년	NNG
경주 여행	191	문화재	NNG
경주 여행	191	작년	NNG
경주 여행	191	여름	NNG
경주 여행	191	방학	NNG
경주 여행	191	당일	NNG
경주 여행	191	답변	NNG
경주 여행	192	포항	NNP
경주 여행	192	기차	NNG
경주 여행	192	요금	NNG
경주 여행	192	포항	NNP
경주 여행	192	기차	NNG
경주 여행	192	요금	NNG
경주 여행	192	코스	NNG
경주 여행	192	맛집	NNG
경주 여행	192	답변	NNG
경주 여행	192	포항	NNP
경주 여행	192	가시	NNG
경주 여행	192	열차	NNG
경주 여행	192	시간	NNG
경주 여행	192	가격	NNG
경주 여행	193	갈만	NNG
경주 여행	193	관광	NNG
경주 여행	193	문화	NNG
경주 여행	193	정서	NNG
경주 여행	193	체험	NNG
경주 여행	193	계획	NNG
경주 여행	193	계획	NNG
경주 여행	193	가족	NNG
경주 여행	194	질문	NNG
경주 여행	194	안녕	NNG
경주 여행	194	준비	NNG
경주 여행	194	출발지	NNG
경주 여행	194	서울	NNP
경주 여행	194	오전	NNG
경주 여행	194	서울	NNP
경주 여행	194	출발	NNG
경주 여행	194	일정	NNG
경주 여행	194	형편	NNG
경주 여행	194	아래	NNG
경주 여행	194	코스	NNG
경주 여행	194	조절	NNG
경주 여행	194	시내버스	NNG
경주 여행	194	투어	NNG
경주 여행	194	도보	NNG
경주 여행	194	자전거	NNG
경주 여행	195	역사	NNG
경주 여행	195	코스	NNG
경주 여행	195	부탁	NNG
경주 여행	195	이번	NNG
경주 여행	195	여동생	NNG
경주 여행	195	고등학생	NNG
경주 여행	195	역사	NNG
경주 여행	195	역사	NNG
경주 여행	195	안내소	NNG
경주 여행	195	책자	NNG
경주 여행	195	사이트	NNG
경주 여행	195	활용	NNG
경주 여행	195	책자	NNG
경주 여행	196	코스	NNG
경주 여행	196	추천	NNG
경주 여행	196	새벽	NNG
경주 여행	196	대명	NNG
경주 여행	196	콘도	NNG
경주 여행	196	예정	NNG
경주 여행	196	동안	NNG
경주 여행	196	예정	NNG
경주 여행	196	기림사	NNG
경주 여행	196	분황사	NNG
경주 여행	196	부처	NNG
경주 여행	196	무열왕릉	NNG
경주 여행	196	석굴암	NNG
경주 여행	196	황룡	NNG
경주 여행	196	사지	NNG
경주 여행	196	오릉	NNG
경주 여행	196	국립	NNG
경주 여행	196	박물관	NNG
경주 여행	196	참고	NNG
경주 여행	197	코스	NNG
경주 여행	197	코스	NNG
경주 여행	197	추천	NNG
경주 여행	197	대상	NNG
경주 여행	197	어머니	NNG
경주 여행	197	자녀	NNG
경주 여행	197	본인	NNG
경주 여행	197	코스	NNG
경주 여행	197	답변	NNG
경주 여행	197	전문	NNG
경주 여행	197	블로거	NNP
경주 여행	197	어머님	NNG
경주 여행	197	추억	NNG
경주 여행	197	경험	NNG
경주 여행	198	날씨	NNG
경주 여행	198	날씨	NNG
경주 여행	198	가요	NNG
경주 여행	198	날씨	NNG
경주 여행	198	가능	NNG
경주 여행	198	기온	NNG
경주 여행	198	정도	NNG
경주 여행	198	예상	NNG
경주 여행	198	가능	NNG
경주 여행	198	날씨	NNG
경주 여행	198	계획	NNG
경주 여행	198	참고	NNG
경주 여행	199	날씨	NNG
경주 여행	199	시즌	NNG
경주 여행	199	가을	NNG
경주 여행	200	코스	NNG
경주 여행	200	신경주역	NNP
경주 여행	200	경주역	NNP
경주 여행	200	질문	NNG
경주 여행	200	안녕	NNG
경주 여행	200	여성	NNG
경주 여행	200	고요	NNG
경주 여행	200	친구	NNG
경주 여행	200	계획	NNG
경주 여행	200	처음	NNG
경주 여행	200	질문	NNG
경주 여행	200	이동	NNG
경주 여행	200	바다	NNG
경주 여행	200	위주	NNG
경주 여행	200	야경	NNG
경주 여행	200	숙소	NNG
경주 여행	201	어머니	NNG
경주 여행	201	어버이날	NNP
경주 여행	201	어머니	NNG
경주 여행	201	펜션	NNG
경주 여행	201	안녕	NNG
경주 여행	201	어버이날	NNP
경주 여행	201	어머니	NNG
경주 여행	201	계획	NNG
경주 여행	201	특별	NNG
경주 여행	201	시간	NNG
경주 여행	201	마음	NNG
경주 여행	202	동궁	NNG
경주 여행	202	월지	NNG
경주 여행	202	정교	NNG
경주 여행	202	야경	NNG
경주 여행	202	정상	NNG
경주 여행	202	운영	NNG
경주 여행	202	휴무일	NNG
경주 여행	202	관람	NNG
경주 여행	202	방해	NNG
경주 여행	202	정도	NNG
경주 여행	202	날씨	NNG
경주 여행	202	상황	NNG
경주 여행	202	통제	NNG
경주 여행	202	경우	NNG
경주 여행	202	관람	NNG
경주 여행	202	가능	NNG
경주 여행	203	남자	NNG
경주 여행	203	친구	NNG
경주 여행	203	숙소	NNG
경주 여행	203	개인	NNG
경주 여행	203	부족	NNG
경주 여행	203	계획	NNG
경주 여행	203	예산	NNG
경주 여행	203	집행	NNG
경주 여행	203	부족	NNG
경주 여행	204	맛집	NNG
경주 여행	204	맛집	NNG
경주 여행	204	추천	NNG
경주 여행	204	부탁	NNG
경주 여행	204	가이드	NNG
경주 여행	204	교통편	NNG
경주 여행	204	맛집	NNG
경주 여행	204	볼거리	NNG
경주 여행	204	한국	NNP
경주 여행	204	역사	NNG
경주 여행	204	문화	NNG
경주 여행	204	도시	NNG
경주 여행	204	명소	NNG
경주 여행	205	추천	NNG
경주 여행	205	추천	NNG
경주 여행	205	추천	NNG
경주 여행	205	월드	NNG
경주 여행	205	국립	NNG
경주 여행	205	박물관	NNG
경주 여행	205	황리	NNG
경주 여행	205	첨성대	NNG
경주 여행	205	불국사	NNP
경주 여행	205	엑스포	NNG
경주 여행	205	공원	NNG
경주 여행	206	날씨	NNG
경주 여행	206	날씨	NNG
경주 여행	206	가요	NNG
경주 여행	206	시외버스	NNG
경주 여행	206	빙판길	NNG
경주 여행	206	불안	NNG
경주 여행	206	날씨	NNG
경주 여행	206	주말	NNG
경주 여행	206	그때	NNG
경주 여행	206	예보	NNG
경주 여행	207	맛집	NNG
경주 여행	207	카페	NNG
경주 여행	207	계획	NNG
경주 여행	207	맛집	NNG
경주 여행	207	카페	NNG
경주 여행	207	특별	NNG
경주 여행	207	경험	NNG
경주 여행	207	메뉴	NNG
경주 여행	207	특별	NNG
경주 여행	207	제공	NNG
경주 여행	207	전통	NNG
경주 여행	207	분위기	NNG
경주 여행	207	현대	NNG
경주 여행	207	요소	NNG
경주 여행	207	조화	NNG
경주 여행	207	장소	NNG
경주 여행	207	황남빵	NNP
경주 여행	208	일정	NNG
경주 여행	208	고민	NNG
경주 여행	208	아빠	NNG
경주 여행	208	엄마	NNG
경주 여행	208	아들	NNG
경주 여행	208	역하	NNG
경주 여행	208	숙소	NNG
경주 여행	208	황리	NNG
경주 여행	208	황남	NNG
경주 여행	208	고택	NNG
경주 여행	208	답변	NNG
경주 여행	208	도움	NNG
경주 여행	208	말씀	NNG
경주 여행	208	질문	NNG
경주 여행	208	아빠	NNG
경주 여행	208	엄마	NNG
경주 여행	208	아들	NNG
경주 여행	209	아래	NNG
경주 여행	209	참조	NNG
경주 여행	209	도움	NNG
경주 여행	210	질문	NNG
경주 여행	210	코스	NNG
경주 여행	210	시내	NNG
경주 여행	210	숙소	NNG
경주 여행	210	첨성대	NNG
경주 여행	210	코스	NNG
경주 여행	210	황리	NNG
경주 여행	210	도보이	NNP
경주 여행	210	가능	NNG
경주 여행	210	가요	NNG
경주 여행	210	불국사	NNG
경주 여행	210	숙소	NNG
경주 여행	210	불국사	NNG
경주 여행	210	석굴암	NNG
경주 여행	210	바람	NNG
경주 여행	210	언덕	NNG
경주 여행	210	숙소	NNG
경주 여행	210	체크인	NNG
경주 여행	211	펜션	NNG
경주 여행	211	호텔	NNG
경주 여행	211	예약	NNG
경주 여행	211	날짜	NNG
경주 여행	211	성수기	NNG
경주 여행	212	당일치기	NNG
경주 여행	212	질문	NNG
경주 여행	212	당일	NNG
경주 여행	212	당일	NNG
경주 여행	212	오전	NNG
경주 여행	212	터미널	NNG
경주 여행	212	도착	NNG
경주 여행	212	오후	NNG
경주 여행	212	터미널	NNG
경주 여행	212	버스	NNG
경주 여행	212	버스	NNG
경주 여행	212	터미널	NNG
경주 여행	212	도착	NNG
경주 여행	212	황리	NNG
경주 여행	212	대릉원	NNG
경주 여행	212	첨성대	NNG
경주 여행	212	정교	NNG
경주 여행	212	동궁	NNG
경주 여행	212	월지	NNG
경주 여행	213	준비	NNG
경주 여행	213	시티투어	NNP
경주 여행	213	블로그	NNG
경주 여행	213	시작	NNG
경주 여행	213	걸음	NNG
경주 여행	213	추천	NNG
경주 여행	214	고등학생	NNG
경주 여행	214	시절	NNG
경주 여행	214	추억	NNG
경주 여행	214	고등학생	NNG
경주 여행	214	시절	NNG
경주 여행	214	추억	NNG
경주 여행	214	로또	NNP
경주 여행	214	해몽	NNG
경주 여행	214	컴퓨터	NNG
경주 여행	214	조립식	NNG
경주 여행	214	얼마	NNG
경주 여행	214	고등학생	NNG
경주 여행	214	시절	NNG
경주 여행	214	추억	NNG
경주 여행	214	선택	NNG
경주 여행	214	한국	NNP
경주 여행	214	역사	NNG
경주 여행	214	문화	NNG
경주 여행	214	도시	NNG
경주 여행	215	남자	NNG
경주 여행	215	혼자	NNG
경주 여행	215	일정	NNG
경주 여행	215	숙소	NNG
경주 여행	215	예약	NNG
경주 여행	215	혼자	NNG
경주 여행	215	계획	NNG
경주 여행	215	여유	NNG
경주 여행	215	일정	NNG
경주 여행	215	가성	NNG
경주 여행	215	숙소	NNG
경주 여행	215	경주역	NNP
경주 여행	215	근처	NNG
경주 여행	215	게스트	NNP
경주 여행	215	하우스	NNP
경주 여행	215	황리	NNG
경주 여행	215	한옥	NNP
경주 여행	215	게스트	NNP
경주 여행	215	하우스	NNP
경주 여행	215	가격	NNG
경주 여행	215	접근성	NNG
경주 여행	215	바닷가	NNG
경주 여행	215	이동	NNG
경주 여행	216	루트	NNG
경주 여행	216	천마총	NNG
경주 여행	216	중앙	NNG
경주 여행	216	시장	NNG
경주 여행	216	일정	NNG
경주 여행	216	천마총	NNG
경주 여행	216	중앙	NNG
경주 여행	216	시장	NNG
경주 여행	216	네이버	NNP
경주 여행	216	지도	NNG
경주 여행	216	검색	NNG
경주 여행	216	동선	NNG
경주 여행	216	낭비	NNG
경주 여행	216	지도	NNG
경주 여행	216	중간	NNG
경주 여행	216	천마총	NNG
경주 여행	217	중반	NNG
경주 여행	217	여성	NNG
경주 여행	217	식당	NNG
경주 여행	217	술집	NNG
경주 여행	217	추천	NNG
경주 여행	217	친구	NNG
경주 여행	217	여자	NNG
경주 여행	217	황리	NNG
경주 여행	217	보문	NNG
경주 여행	217	추천	NNG
경주 여행	217	식당	NNG
경주 여행	217	추천	NNG
경주 여행	217	부탁	NNG
경주 여행	217	하루	NNG
경주 여행	217	시내	NNG
경주 여행	218	경비	NNG
경주 여행	218	정도	NNG
경주 여행	218	숙소	NNG
경주 여행	218	교통비	NNG
경주 여행	218	식대	NNG
경주 여행	218	입장료	NNG
경주 여행	218	간식	NNG
경주 여행	218	정도	NNG
경주 여행	218	본인	NNG
경주 여행	218	주머니	NNG
경주 여행	218	생각	NNG
경주 여행	218	조절	NNG
경주 여행	218	여유	NNG
경주 여행	219	여행지	NNG
경주 여행	219	추천	NNG
경주 여행	219	이번	NNG
경주 여행	219	남자	NNG
경주 여행	219	친구	NNG
경주 여행	219	전역	NNG
경주 여행	219	직전	NNG
경주 여행	219	황리	NNG
경주 여행	219	계획	NNG
경주 여행	219	코스	NNG
경주 여행	219	공유	NNG
경주 여행	219	내용	NNG
경주 여행	219	참고	NNG
경주 여행	220	아이	NNG
경주 여행	220	코스	NNG
경주 여행	220	아이	NNG
경주 여행	220	가족	NNG
경주 여행	220	첫날	NNG
경주 여행	220	점심	NNG
경주 여행	220	경주역	NNP
경주 여행	220	도착	NNG
경주 여행	220	예정	NNG
경주 여행	220	숙소	NNG
경주 여행	220	보문관광단지	NNP
경주 여행	220	근처	NNG
경주 여행	220	월드	NNG
경주 여행	220	오후	NNG
경주 여행	220	계획	NNG
경주 여행	220	운전	NNG
경주 여행	220	예정	NNG
경주 여행	220	코스	NNG
경주 여행	221	추천	NNG
경주 여행	221	안녕	NNG
경주 여행	221	세영	NNP
경주 여행	221	황리	NNG
경주 여행	221	근처	NNG
경주 여행	221	분위기	NNG
경주 여행	221	가이드	NNG
경주 여행	221	교통편	NNG
경주 여행	221	맛집	NNG
경주 여행	221	볼거리	NNG
경주 여행	221	가이드	NNG
경주 여행	221	교통편	NNG
경주 여행	221	맛집	NNG
경주 여행	221	볼거리	NNG
경주 여행	222	코스	NNG
경주 여행	222	지도	NNG
경주 여행	222	숙소	NNG
경주 여행	222	여자	NNG
경주 여행	222	친구	NNG
경주 여행	222	예정	NNG
경주 여행	222	코스	NNG
경주 여행	222	코스	NNG
경주 여행	222	지도	NNG
경주 여행	223	동선	NNG
경주 여행	223	부탁	NNG
경주 여행	223	어린애	NNG
경주 여행	223	숙소	NNG
경주 여행	223	보문	NNG
경주 여행	223	단지	NNG
경주 여행	223	정도	NNG
경주 여행	223	아이	NNG
경주 여행	223	체험	NNG
경주 여행	223	코스	NNG
경주 여행	223	맛집	NNG
경주 여행	223	코스	NNG
경주 여행	223	시내	NNG
경주 여행	223	보문관광단지	NNP
경주 여행	223	토함산	NNP
경주 여행	223	남산	NNG
경주 여행	224	애인	NNG
경주 여행	224	애인	NNG
경주 여행	225	코스	NNG
경주 여행	225	코스	NNG
경주 여행	225	계획	NNG
경주 여행	225	흥미	NNG
경주 여행	225	신라	NNP
경주 여행	225	역사	NNG
경주 여행	225	문화	NNG
경주 여행	225	자연	NNG
경주 여행	225	경관	NNG
경주 여행	225	대한민국	NNP
경주 여행	225	대표	NNG
경주 여행	225	관광	NNG
경주 여행	225	도시	NNG
경주 여행	225	동안	NNG
경주 여행	225	방문	NNG
경주 여행	225	추천	NNG
경주 여행	226	실내	NNG
경주 여행	226	관광	NNG
경주 여행	226	실내	NNG
경주 여행	226	추천	NNG
경주 여행	226	검색	NNG
경주 여행	226	기반	NNG
경주 여행	226	실제	NNG
경주 여행	226	방문	NNG
경주 여행	226	날씨	NNG
경주 여행	226	일정	NNG
경주 여행	226	운영	NNG
경주 여행	226	시간	NNG
경주 여행	226	확인	NNG
경주 여행	226	채택	NNG
경주 여행	227	운전	NNG
경주 여행	227	평상시	NNG
경주 여행	227	운전	NNG
경주 여행	227	제주	NNP
경주 여행	227	텍스	NNG
경주 여행	227	렌트	NNG
경주 여행	227	초보	NNG
경주 여행	227	운전	NNG
경주 여행	227	운전	NNG
경주 여행	227	자신	NNG
경주 여행	227	조심	NNG
경주 여행	227	운전	NNG
경주 여행	228	질문	NNG
경주 여행	228	의견	NNG
경주 여행	228	부탁	NNG
경주 여행	228	버스	NNG
경주 여행	228	택시	NNG
경주 여행	228	택시	NNG
경주 여행	228	택시	NNG
경주 여행	228	관광지	NNG
경주 여행	228	택시	NNG
경주 여행	228	카카오	NNP
경주 여행	228	택시	NNG
경주 여행	229	식당	NNG
경주 여행	229	추천	NNG
경주 여행	229	부탁	NNG
경주 여행	229	시간	NNG
경주 여행	229	도착	NNG
경주 여행	229	여행가	NNG
경주 여행	229	식당	NNG
경주 여행	229	특별	NNG
경주 여행	229	대접	NNG
경주 여행	229	식당	NNG
경주 여행	229	추천	NNG
경주 여행	229	식당	NNG
경주 여행	229	선택	NNG
경주 여행	229	특별	NNG
경주 여행	229	대접	NNG
경주 여행	230	코스	NNG
경주 여행	230	당일치기	NNG
경주 여행	230	학생	NNG
경주 여행	230	코스	NNG
경주 여행	230	첨성대	NNG
경주 여행	230	근처	NNG
경주 여행	230	한복	NNG
경주 여행	230	나드리	NNG
경주 여행	230	질문	NNG
경주 여행	230	일정	NNG
경주 여행	230	관련	NNG
경주 여행	230	답변	NNG
경주 여행	230	황리	NNG
경주 여행	230	맞춤	NNG
경주 여행	230	일정	NNG
경주 여행	230	준비	NNG
경주 여행	230	아래	NNG
경주 여행	230	첨부	NNG
경주 여행	230	일정	NNG
경주 여행	230	참고	NNG
경주 여행	231	역사	NNG
경주 여행	231	의미	NNG
경주 여행	231	생각	NNG
경주 여행	231	재미	NNG
경주 여행	231	공부	NNG
경주 여행	231	느낌	NNG
경주 여행	231	질문	NNG
경주 여행	231	여행지	NNG
경주 여행	231	관련	NNG
경주 여행	231	답변	NNG
경주 여행	231	여행지	NNG
경주 여행	231	동궁	NNG
경주 여행	231	월지	NNG
경주 여행	232	코스	NNG
경주 여행	232	추천	NNG
경주 여행	232	코스	NNG
경주 여행	232	추천	NNG
경주 여행	232	부탁	NNG
경주 여행	232	계획	NNG
경주 여행	232	대중교통	NNG
경주 여행	232	이용	NNG
경주 여행	232	생각	NNG
경주 여행	232	코스	NNG
경주 여행	233	코스	NNG
경주 여행	233	추천	NNG
경주 여행	233	코스	NNG
경주 여행	233	추천	NNG
경주 여행	233	가족	NNG
경주 여행	233	안녕	NNG
경주 여행	233	계획	NNG
경주 여행	233	루트	NNG
경주 여행	233	실행	NNG
경주 여행	233	실패	NNG
경주 여행	233	여행지	NNG
경주 여행	233	소개	NNG
경주 여행	233	마음	NNG
경주 여행	233	다면	NNG
경주 여행	233	채택	NNG
경주 여행	233	부탁	NNG
경주 여행	234	맛집	NNG
경주 여행	234	리스트	NNG
경주 여행	234	계획	NNG
경주 여행	234	필수	NNG
경주 여행	234	방문	NNG
경주 여행	234	맛집	NNG
경주 여행	234	플레이스	NNG
경주 여행	234	현지인	NNG
경주 여행	234	추천	NNG
경주 여행	234	명소	NNG
경주 여행	234	맛집	NNG
경주 여행	234	황남빵	NNP
경주 여행	234	식당	NNG
경주 여행	234	잔치국수	NNP
경주 여행	234	교동	NNP
경주 여행	234	법주	NNP
경주 여행	234	신라	NNP
경주 여행	234	밀면	NNP
경주 여행	234	플레이스	NNG
경주 여행	234	불국사	NNP
경주 여행	235	일정	NNG
경주 여행	235	최소한	NNG
경주 여행	235	움직임	NNG
경주 여행	235	이틀	NNG
경주 여행	235	동안	NNG
경주 여행	235	코스	NNG
경주 여행	235	카페	NNP
경주 여행	235	추천	NNG
경주 여행	235	질문	NNG
경주 여행	235	일정	NNG
경주 여행	235	관련	NNG
경주 여행	235	답변	NNG
경주 여행	235	문자	NNG
경주 여행	235	최대한	NNG
경주 여행	235	여유	NNG
경주 여행	235	일정	NNG
경주 여행	235	준비	NNG
경주 여행	236	추천	NNG
경주 여행	236	엄마	NNG
경주 여행	236	혼자	NNG
경주 여행	236	아들	NNG
경주 여행	236	정도	NNG
경주 여행	236	구체	NNG
경주 여행	236	일정	NNG
경주 여행	236	코스	NNG
경주 여행	236	맛집	NNG
경주 여행	236	숙소	NNG
경주 여행	236	경험담	NNG
경주 여행	236	소개	NNG
경주 여행	236	코스	NNG
경주 여행	237	추천	NNG
경주 여행	237	여행지	NNG
경주 여행	237	추천	NNG
경주 여행	237	주신	NNG
경주 여행	237	여행지	NNG
경주 여행	237	추천	NNG
경주 여행	237	경북	NNP
경주 여행	237	황성	NNG
경주 여행	237	공원	NNG
경주 여행	237	양남	NNG
경주 여행	237	주상	NNG
경주 여행	237	절리	NNG
경주 여행	237	동궁	NNG
경주 여행	237	월지	NNG
경주 여행	237	궁원	NNG
경주 여행	237	황리	NNG
경주 여행	237	첨성대	NNG
경주 여행	238	코스	NNG
경주 여행	238	질문	NNG
경주 여행	238	예전	NNG
경주 여행	238	가본적	NNG
경주 여행	238	지리	NNG
경주 여행	238	질문	NNG
경주 여행	238	코스	NNG
경주 여행	238	관련	NNG
경주 여행	238	답변	NNG
경주 여행	238	경주로	NNG
경주 여행	238	일정	NNG
경주 여행	238	준비	NNG
경주 여행	238	아래	NNG
경주 여행	238	첨부	NNG
경주 여행	238	일정	NNG
경주 여행	238	참고	NNG
경주 여행	239	코스	NNG
경주 여행	239	추천	NNG
경주 여행	239	코스	NNG
경주 여행	239	추천	NNG
경주 여행	239	주신	NNG
경주 여행	239	코스	NNG
경주 여행	239	추천	NNG
경주 여행	239	경북	NNP
경주 여행	239	황성	NNG
경주 여행	239	공원	NNG
경주 여행	239	양남	NNG
경주 여행	239	주상	NNG
경주 여행	239	절리	NNG
경주 여행	239	동궁	NNG
경주 여행	239	월지	NNG
경주 여행	239	궁원	NNG
경주 여행	240	엄마	NNG
경주 여행	240	엄마	NNG
경주 여행	240	평일	NNG
경주 여행	240	대중교통	NNG
경주 여행	240	불국사	NNG
경주 여행	240	도보	NNG
경주 여행	240	대중교통	NNG
경주 여행	240	이용	NNG
경주 여행	240	코스	NNG
경주 여행	240	의견	NNG
경주 여행	240	평일	NNG
경주 여행	240	어머니	NNG
경주 여행	240	어머니	NNG
경주 여행	240	행복	NNG
경주 여행	240	주요	NNG
경주 여행	240	관광지	NNG
경주 여행	240	교통편	NNG
경주 여행	240	도보	NNG
경주 여행	240	포함	NNG
경주 여행	241	코스	NNG
경주 여행	241	추천	NNG
경주 여행	241	여자	NNG
경주 여행	241	친구	NNG
경주 여행	241	코스	NNG
경주 여행	241	추천	NNG
경주 여행	241	월드	NNG
경주 여행	241	제외	NNG
경주 여행	241	여자	NNG
경주 여행	241	친구	NNG
경주 여행	241	코스	NNG
경주 여행	241	추천	NNG
경주 여행	241	하루	NNG
경주 여행	242	가족	NNG
경주 여행	242	추천	NNG
경주 여행	242	월드	NNG
경주 여행	242	테마파크	NNG
경주 여행	242	엑스포	NNG
경주 여행	242	대공원	NNG
경주 여행	242	국립	NNG
경주 여행	242	박물관	NNG
경주 여행	242	원릉	NNG
경주 여행	242	동굴	NNG
경주 여행	242	월지	NNG
경주 여행	243	다음	NNG
경주 여행	243	평일	NNG
경주 여행	243	시기	NNG
경주 여행	243	고민	NNG
경주 여행	243	혼자	NNG
경주 여행	243	봄바람	NNG
경주 여행	243	오푸스	NNG
경주 여행	243	객실	NNG
경주 여행	243	개별	NNG
경주 여행	243	바베큐	NNG
경주 여행	244	추천	NNG
경주 여행	244	부부	NNG
경주 여행	244	코스	NNG
경주 여행	244	야경	NNG
경주 여행	244	숙소	NNG
경주 여행	244	먹거리	NNG
경주 여행	244	추천	NNG
경주 여행	244	부탁	NNG
경주 여행	244	계획	NNG
경주 여행	244	추천	NNG
경주 여행	244	첨성대	NNG
경주 여행	244	동궁	NNG
경주 여행	244	월지	NNG
경주 여행	244	대릉원	NNG
경주 여행	245	코스	NNG
경주 여행	245	부탁	NNG
경주 여행	245	출발	NNG
경주 여행	245	코스	NNG
경주 여행	245	부탁	NNG
경주 여행	245	숙소	NNG
경주 여행	245	예약	NNG
경주 여행	245	코스	NNG
경주 여행	245	근처	NNG
경주 여행	245	게스트	NNP
경주 여행	245	하우스	NNP
경주 여행	245	계획	NNG
경주 여행	245	루트	NNG
경주 여행	245	실패	NNG
경주 여행	246	아이	NNG
경주 여행	246	코스	NNG
경주 여행	246	동선	NNG
경주 여행	246	가족	NNG
경주 여행	246	계획	NNG
경주 여행	246	구성원	NNG
경주 여행	246	남편	NNG
경주 여행	246	아이	NNG
경주 여행	246	워터	NNG
경주 여행	246	파크	NNG
경주 여행	246	아이	NNG
경주 여행	246	동안	NNG
경주 여행	246	필요	NNG
경주 여행	246	정보	NNG
경주 여행	246	확인	NNG
경주 여행	246	정보	NNG
경주 여행	247	코스	NNG
경주 여행	247	질문	NNG
경주 여행	247	코스	NNG
경주 여행	247	추천	NNG
경주 여행	247	대상	NNG
경주 여행	247	어머니	NNG
경주 여행	247	코스	NNG
경주 여행	247	답변	NNG
경주 여행	247	코스	NNG
경주 여행	247	답변	NNG
경주 여행	247	어머님	NNG
경주 여행	247	추억	NNG
경주 여행	248	코스	NNG
경주 여행	248	식당	NNG
경주 여행	248	추천	NNG
경주 여행	248	부탁	NNG
경주 여행	248	숙소	NNG
경주 여행	248	가실	NNG
경주 여행	248	방문	NNG
경주 여행	248	카페	NNG
경주 여행	248	포토	NNG
경주 여행	248	작품	NNG
경주 여행	248	감상	NNG
경주 여행	248	카페	NNG
경주 여행	248	참고	NNG
경주 여행	248	수면	NNG
경주 여행	249	질문	NNG
경주 여행	249	안녕	NNG
경주 여행	249	이번	NNG
경주 여행	249	정도	NNG
경주 여행	249	버스	NNG
경주 여행	249	렌트카	NNG
경주 여행	249	문화	NNG
경주 여행	249	유산	NNG
경주 여행	249	도시	NNG
경주 여행	249	당일	NNG
경주 여행	249	준비	NNG
경주 여행	249	방문	NNG
경주 여행	249	처음	NNG
경주 여행	250	코스	NNG
경주 여행	250	가족	NNG
경주 여행	250	코스	NNG
경주 여행	250	코스	NNG
경주 여행	250	중학교	NNG
경주 여행	250	코스	NNG
경주 여행	250	플레이스	NNG
경주 여행	250	코스	NNG
경주 여행	251	엄마	NNG
경주 여행	251	아빠	NNG
경주 여행	251	언니	NNG
경주 여행	251	추천	NNG
경주 여행	251	계획	NNG
경주 여행	251	장소	NNG
경주 여행	251	활동	NNG
경주 여행	251	추천	NNG
경주 여행	251	월드컵	NNG
경주 여행	252	여행지	NNG
경주 여행	252	추천	NNG
경주 여행	252	계획	NNG
경주 여행	252	일정	NNG
경주 여행	252	질문	NNG
경주 여행	252	여행지	NNG
경주 여행	252	관련	NNG
경주 여행	252	답변	NNG
경주 여행	252	대부분	NNG
경주 여행	252	평지	NNG
경주 여행	252	여행지	NNG
경주 여행	252	조금	NNG
경주 여행	252	참고	NNG
경주 여행	253	추천	NNG
경주 여행	253	여행지	NNG
경주 여행	253	추천	NNG
경주 여행	253	부탁	NNG
경주 여행	253	보문	NNG
경주 여행	253	단지	NNG
경주 여행	253	위치	NNG
경주 여행	253	우양	NNG
경주 여행	253	미술관	NNG
경주 여행	253	국내	NNG
경주 여행	253	최초	NNG
경주 여행	253	추천	NNG
경주 여행	253	장소	NNG
경주 여행	253	동궁	NNG
경주 여행	253	월지	NNG
경주 여행	253	신라	NNP
경주 여행	253	시대	NNG
경주 여행	253	궁터	NNG
경주 여행	253	왕자	NNG
경주 여행	253	생활	NNG
경주 여행	253	장소	NNG
경주 여행	254	코스	NNG
경주 여행	254	추천	NNG
경주 여행	254	부탁	NNG
경주 여행	254	군요	NNG
경주 여행	254	코스	NNG
경주 여행	254	패딩	NNG
경주 여행	254	느낌	NNG
경주 여행	254	코트	NNG
경주 여행	254	경량	NNG
경주 여행	254	패딩	NNG
경주 여행	254	정도	NNG
경주 여행	254	추천	NNG
경주 여행	255	코스	NNG
경주 여행	255	조언	NNG
경주 여행	255	부탁	NNG
경주 여행	255	가족	NNG
경주 여행	255	부모	NNG
경주 여행	255	질문	NNG
경주 여행	255	코스	NNG
경주 여행	255	관련	NNG
경주 여행	255	답변	NNG
경주 여행	255	가족	NNG
경주 여행	255	계획	NNG
경주 여행	255	가족	NNG
경주 여행	255	일정	NNG
경주 여행	255	준비	NNG
경주 여행	255	아래	NNG
경주 여행	255	첨부	NNG
경주 여행	255	일정	NNG
경주 여행	255	참고	NNG
경주 여행	256	친정	NNG
경주 여행	256	엄마	NNG
경주 여행	256	코스	NNG
경주 여행	256	초반	NNG
경주 여행	256	건강	NNG
경주 여행	256	친정	NNG
경주 여행	256	엄마	NNG
경주 여행	256	질문	NNG
경주 여행	256	코스	NNG
경주 여행	256	관련	NNG
경주 여행	256	답변	NNG
경주 여행	256	부모	NNG
경주 여행	256	계획	NNG
경주 여행	256	숙소	NNG
경주 여행	256	맞춤	NNG
경주 여행	256	일정	NNG
경주 여행	256	준비	NNG
경주 여행	256	아래	NNG
경주 여행	256	첨부	NNG
경주 여행	256	일정	NNG
경주 여행	257	황리	NNG
경주 여행	257	맛집	NNG
경주 여행	257	추천	NNG
경주 여행	257	이번	NNG
경주 여행	257	황리	NNG
경주 여행	257	근처	NNG
경주 여행	257	맛집	NNG
경주 여행	257	추천	NNG
경주 여행	257	거리	NNG
경주 여행	257	황리	NNG
경주 여행	257	맛집	NNG
경주 여행	257	추천	NNG
경주 여행	257	황리	NNG
경주 여행	257	맛집	NNG
경주 여행	257	맛집	NNG
경주 여행	257	오랫동안	NNG
경주 여행	257	배달	NNG
경주 여행	258	숙소	NNG
경주 여행	258	추천	NNG
경주 여행	258	안녕	NNG
경주 여행	258	경기도	NNP
경주 여행	258	사람	NNG
경주 여행	258	내년	NNG
경주 여행	258	중순	NNG
경주 여행	258	예정	NNG
경주 여행	258	인원	NNG
경주 여행	258	엄마	NNG
경주 여행	258	초등	NNG
경주 여행	258	겨울	NNG
경주 여행	258	비추	NNG
경주 여행	258	거리	NNG
경주 여행	258	택시	NNG
경주 여행	259	여행지	NNG
경주 여행	259	여자	NNG
경주 여행	259	친구	NNG
경주 여행	259	경치	NNG
경주 여행	259	이동	NNG
경주 여행	259	계획	NNG
경주 여행	260	감성	NNG
경주 여행	260	쿠지	NNP
경주 여행	260	숙소	NNG
경주 여행	260	추천	NNG
경주 여행	260	부탁	NNG
경주 여행	260	마지막	NNG
경주 여행	260	계획	NNG
경주 여행	260	어른	NNG
경주 여행	260	아이	NNG
경주 여행	260	가능	NNG
경주 여행	260	독채	NNG
경주 여행	260	쿠지	NNP
경주 여행	260	숙소	NNG
경주 여행	260	추천	NNG
경주 여행	260	휴식	NNG
경주 여행	260	최적	NNG
경주 여행	260	선택	NNG
경주 여행	261	맛집	NNG
경주 여행	261	리스트	NNG
경주 여행	261	계획	NNG
경주 여행	261	필수	NNG
경주 여행	261	방문	NNG
경주 여행	261	맛집	NNG
경주 여행	261	플레이스	NNG
경주 여행	261	현지인	NNG
경주 여행	261	추천	NNG
경주 여행	261	맛집	NNG
경주 여행	261	관광객	NNG
경주 여행	261	인기	NNG
경주 여행	261	플레이스	NNG
경주 여행	261	포함	NNG
경주 여행	261	종합	NNG
경주 여행	261	리스트	NNG
경주 여행	261	제공	NNG
경주 여행	261	맛집	NNG
경주 여행	261	플레이스	NNG
경주 여행	262	추천	NNG
경주 여행	262	부탁	NNG
경주 여행	262	기본	NNG
경주 여행	262	맛집	NNG
경주 여행	262	주신	NNG
경주 여행	262	추천	NNG
경주 여행	262	경북	NNP
경주 여행	263	코스	NNG
경주 여행	263	추천	NNG
경주 여행	263	요번	NNG
경주 여행	263	주제	NNG
경주 여행	263	문화재	NNG
경주 여행	263	위주	NNG
경주 여행	263	위주	NNG
경주 여행	263	갈만	NNG
경주 여행	263	추천	NNG
경주 여행	263	야경	NNG
경주 여행	263	코스	NNG
경주 여행	263	추천	NNG
경주 여행	263	답변	NNG
경주 여행	263	안녕	NNG
경주 여행	263	저번	NNG
경주 여행	263	사람	NNG
경주 여행	264	추천	NNG
경주 여행	264	추천	NNG
경주 여행	264	안녕	NNG
경주 여행	264	계획	NNG
경주 여행	264	루트	NNG
경주 여행	264	용시	NNG
경주 여행	264	실패	NNG
경주 여행	264	소개	NNG
경주 여행	264	마음	NNG
경주 여행	264	다면	NNG
경주 여행	264	채택	NNG
경주 여행	264	부탁	NNG
경주 여행	265	캐리	NNP
경주 여행	265	어사이즈	NNP
경주 여행	265	추천	NNP
경주 여행	265	이번	NNG
경주 여행	265	아버지	NNG
경주 여행	265	캐리어	NNG
경주 여행	265	캐리	NNP
경주 여행	265	어사이즈	NNP
경주 여행	265	추천	NNG
경주 여행	265	부탁	NNG
경주 여행	265	캐리어	NNG
경주 여행	265	추천	NNG
경주 여행	265	매일	NNG
경주 여행	266	폴라로이드	NNG
경주 여행	266	카메라	NNG
경주 여행	266	대여	NNG
경주 여행	266	구매	NNG
경주 여행	266	숙소	NNG
경주 여행	266	중요	NNG
경주 여행	266	오푸스	NNG
경주 여행	266	빌라	NNG
경주 여행	266	펜션	NNG
경주 여행	266	추천	NNG
경주 여행	267	렌터카	NNG
경주 여행	267	숙소	NNG
경주 여행	267	터미널	NNG
경주 여행	267	주요	NNG
경주 여행	267	관광지	NNG
경주 여행	267	도보	NNG
경주 여행	267	관광지	NNG
경주 여행	267	추천	NNG
경주 여행	267	말씀	NNG
경주 여행	267	터미널	NNG
경주 여행	267	주요	NNG
경주 여행	267	관광지	NNG
경주 여행	267	황리	NNG
경주 여행	267	시작	NNG
경주 여행	267	황리	NNG
경주 여행	267	시작	NNG
경주 여행	268	코스	NNG
경주 여행	268	추천	NNG
경주 여행	268	요번	NNG
경주 여행	268	주제	NNG
경주 여행	268	코스	NNG
경주 여행	268	추천	NNG
경주 여행	268	코스	NNG
경주 여행	268	남산	NNP
경주 여행	268	정복	NNG
경주 여행	268	코스	NNG
경주 여행	268	코스	NNG
경주 여행	268	불국사	NNG
경주 여행	268	석굴암	NNG
경주 여행	268	관람	NNG
경주 여행	268	랜드마크	NNP
경주 여행	269	렌트	NNG
경주 여행	269	렌트	NNG
경주 여행	269	부산	NNP
경주 여행	269	운전	NNG
경주 여행	269	가여	NNG
경주 여행	269	부산	NNP
경주 여행	269	황리	NNG
경주 여행	269	첨성대	NNG
경주 여행	269	인근	NNG
경주 여행	269	대릉원	NNG
경주 여행	269	인근	NNG
경주 여행	269	시내	NNG
경주 여행	269	정도	NNG
경주 여행	269	운전	NNG
경주 여행	270	내공	NNP
경주 여행	270	당일치기	NNG
경주 여행	270	아침	NNG
경주 여행	270	저녁	NNG
경주 여행	270	시간	NNG
경주 여행	270	반려	NNG
경주 여행	270	동반	NNG
경주 여행	270	입장	NNG
경주 여행	270	반려	NNG
경주 여행	270	동반	NNG
경주 여행	270	여행지	NNG
경주 여행	270	추천	NNG
경주 여행	271	주말	NNG
경주 여행	271	코스	NNG
경주 여행	271	엄마	NNG
경주 여행	271	아빠	NNG
경주 여행	271	경주로	NNG
경주 여행	271	수학여행	NNG
경주 여행	271	엄마	NNG
경주 여행	271	아빠	NNG
경주 여행	271	처음	NNG
경주 여행	271	맛집	NNG
경주 여행	271	추도	NNG
경주 여행	271	부탁	NNG
경주 여행	271	주말	NNG
경주 여행	271	코스	NNG
경주 여행	271	답변	NNG
경주 여행	272	숙소	NNG
경주 여행	272	토요일	NNG
경주 여행	272	숙소	NNG
경주 여행	272	가을	NNG
경주 여행	272	신상	NNG
경주 여행	272	펜션	NNG
경주 여행	272	빌라	NNP
경주 여행	272	숙소	NNG
경주 여행	272	신축	NNG
경주 여행	272	펜션	NNG
경주 여행	273	택시	NNG
경주 여행	273	투어	NNG
경주 여행	273	렌트카	NNG
경주 여행	273	이용	NNG
경주 여행	273	지인	NNG
경주 여행	273	질문	NNG
경주 여행	273	택시	NNG
경주 여행	273	투어	NNG
경주 여행	273	관련	NNG
경주 여행	273	답변	NNG
경주 여행	273	택시	NNG
경주 여행	273	투어	NNG
경주 여행	273	편안	NNG
경주 여행	273	최근	NNG
경주 여행	273	택시	NNG
경주 여행	273	투어	NNG
경주 여행	273	이용	NNG
경주 여행	274	천군동	NNP
경주 여행	274	위치	NNG
경주 여행	274	빌라	NNG
경주 여행	274	입실	NNG
경주 여행	274	도착	NNG
경주 여행	274	예정	NNG
경주 여행	274	그동안	NNG
경주 여행	274	안녕	NNG
경주 여행	274	계획	NNG
경주 여행	274	루트	NNG
경주 여행	274	실패	NNG
경주 여행	274	소개	NNG
경주 여행	274	마음	NNG
경주 여행	275	빵집	NNG
경주 여행	275	빵집	NNG
경주 여행	275	주말	NNG
경주 여행	275	남편	NNG
경주 여행	275	에서	NNG
경주 여행	275	빵집	NNG
경주 여행	275	계절	NNG
경주 여행	275	이맘때	NNG
경주 여행	275	아이	NNG
경주 여행	276	추천	NNG
경주 여행	276	중학	NNG
경주 여행	276	친구	NNG
경주 여행	276	당일치기	NNG
경주 여행	276	저번	NNG
경주 여행	276	코스	NNG
경주 여행	276	추천	NNG
경주 여행	276	참고	NNG
경주 여행	276	도움	NNG
경주 여행	277	코스	NNG
경주 여행	277	동선	NNG
경주 여행	277	자차	NNG
경주 여행	277	이용	NNG
경주 여행	277	코스	NNG
경주 여행	277	동선	NNG
경주 여행	277	문제	NNG
경주 여행	277	해결책	NNG
경주 여행	277	제시	NNG
경주 여행	277	코스	NNG
경주 여행	277	동선	NNG
경주 여행	277	장소	NNG
경주 여행	278	어르신	NNG
경주 여행	278	숙소	NNG
경주 여행	278	어르신	NNG
경주 여행	278	추천	NNG
경주 여행	278	인원	NNG
경주 여행	278	숙소	NNG
경주 여행	278	식사	NNG
경주 여행	278	추천	NNG
경주 여행	278	안녕	NNG
경주 여행	278	관심	NNG
경주 여행	278	역사	NNG
경주 여행	278	문화	NNG
경주 여행	278	경험	NNG
경주 여행	278	명소	NNG
경주 여행	278	추천	NNG
경주 여행	279	황리	NNG
경주 여행	279	황동	NNG
경주 여행	279	황지	NNG
경주 여행	279	지역민	NNG
경주 여행	279	관광객	NNG
경주 여행	279	황리	NNG
경주 여행	279	황동	NNG
경주 여행	280	코스	NNG
경주 여행	280	갈만	NNG
경주 여행	280	안녕	NNG
경주 여행	280	취향	NNG
경주 여행	280	질문	NNG
경주 여행	280	관련	NNG
경주 여행	280	답변	NNG
경주 여행	281	할머니	NNG
경주 여행	281	할머니	NNG
경주 여행	281	코스	NNG
경주 여행	281	질문	NNG
경주 여행	281	관련	NNG
경주 여행	281	답변	NNG
경주 여행	281	할머니	NNG
경주 여행	281	요즘	NNG
경주 여행	281	택시	NNG
경주 여행	281	투어	NNG
경주 여행	281	편안	NNG
경주 여행	282	코스	NNG
경주 여행	282	추천	NNG
경주 여행	282	코스	NNG
경주 여행	282	추천	NNG
경주 여행	282	질문	NNG
경주 여행	282	관련	NNG
경주 여행	282	답변	NNG
경주 여행	282	예정	NNG
경주 여행	282	참고	NNG
경주 여행	282	도움	NNG
경주 여행	283	사월	NNG
경주 여행	283	가족	NNG
경주 여행	283	계획	NNG
경주 여행	283	사월	NNG
경주 여행	283	가족	NNG
경주 여행	283	계획	NNG
경주 여행	283	가족	NNG
경주 여행	283	소개	NNG
경주 여행	283	경경	NNG
경주 여행	283	가족	NNG
경주 여행	283	계획	NNG
경주 여행	283	한화	NNG
경주 여행	283	리조트	NNG
경주 여행	283	추억	NNG
경주 여행	284	정도	NNG
경주 여행	284	고속버스	NNG
경주 여행	284	시기	NNG
경주 여행	285	가족	NNG
경주 여행	285	코스	NNG
경주 여행	285	추천	NNG
경주 여행	285	코스	NNG
경주 여행	285	추천	NNG
경주 여행	285	부탁	NNG
경주 여행	285	이번	NNG
경주 여행	285	추석	NNG
경주 여행	285	기간	NNG
경주 여행	285	가족	NNG
경주 여행	285	아이	NNG
경주 여행	285	가족	NNG
경주 여행	285	코스	NNG
경주 여행	285	추천	NNG
경주 여행	285	조사	NNG
경주 여행	285	결과	NNG
경주 여행	285	바탕	NNG
경주 여행	285	최적	NNG
경주 여행	285	코스	NNG
경주 여행	285	제안	NNG
경주 여행	286	초등학생	NNG
경주 여행	286	전남	NNP
경주 여행	286	초등학생	NNG
경주 여행	286	코스	NNG
경주 여행	286	숙소	NNG
경주 여행	286	질문	NNG
경주 여행	286	여행지	NNG
경주 여행	286	관련	NNG
경주 여행	286	답변	NNG
경주 여행	286	여행지	NNG
경주 여행	287	코스	NNG
경주 여행	287	동선	NNG
경주 여행	287	추천	NNG
경주 여행	287	코스	NNG
경주 여행	287	동선	NNG
경주 여행	287	다음	NNG
경주 여행	287	하루	NNG
경주 여행	287	정도	NNG
경주 여행	287	석굴암	NNG
경주 여행	287	불국사	NNP
경주 여행	287	질문	NNG
경주 여행	287	일정	NNG
경주 여행	287	관련	NNG
경주 여행	287	답변	NNG
경주 여행	287	당일치기	NNG
경주 여행	287	준비	NNG
경주 여행	288	초보	NNG
경주 여행	288	운전	NNG
경주 여행	288	코스	NNG
경주 여행	288	코스	NNG
경주 여행	288	어려움	NNG
경주 여행	288	벚꽃	NNG
경주 여행	288	개화	NNG
경주 여행	288	참고	NNG
경주 여행	288	쭈니	NNP
경주 여행	288	아빠	NNG
경주 여행	288	블로그	NNG
경주 여행	288	방문	NNG
경주 여행	288	카테고리	NNG
경주 여행	289	아들	NNG
경주 여행	289	일정	NNG
경주 여행	289	아들	NNG
경주 여행	289	선배	NNG
경주 여행	289	조언	NNG
경주 여행	289	코스	NNG
경주 여행	289	추천	NNG
경주 여행	289	전문	NNG
경주 여행	289	블로거	NNP
경주 여행	289	초등	NNG
경주 여행	289	학교	NNG
경주 여행	289	학년	NNG
경주 여행	289	아들	NNG
경주 여행	289	역사	NNG
경주 여행	289	하루	NNG
경주 여행	289	코스	NNG
경주 여행	289	남산	NNP
경주 여행	289	정복	NNG
경주 여행	289	코스	NNG
경주 여행	290	가족	NNG
경주 여행	290	가족	NNG
경주 여행	290	가족	NNG
경주 여행	290	학년	NNG
경주 여행	290	학년	NNG
경주 여행	290	문화재	NNG
경주 여행	290	작년	NNG
경주 여행	290	여름	NNG
경주 여행	290	방학	NNG
경주 여행	290	당일	NNG
경주 여행	290	답변	NNG
경주 여행	291	포항	NNP
경주 여행	291	기차	NNG
경주 여행	291	요금	NNG
경주 여행	291	포항	NNP
경주 여행	291	기차	NNG
경주 여행	291	요금	NNG
경주 여행	291	코스	NNG
경주 여행	291	맛집	NNG
경주 여행	291	답변	NNG
경주 여행	291	포항	NNP
경주 여행	291	가시	NNG
경주 여행	291	열차	NNG
경주 여행	291	시간	NNG
경주 여행	291	가격	NNG
경주 여행	292	갈만	NNG
경주 여행	292	관광	NNG
경주 여행	292	문화	NNG
경주 여행	292	정서	NNG
경주 여행	292	체험	NNG
경주 여행	292	계획	NNG
경주 여행	292	계획	NNG
경주 여행	292	가족	NNG
경주 여행	293	질문	NNG
경주 여행	293	안녕	NNG
경주 여행	293	준비	NNG
경주 여행	293	출발지	NNG
경주 여행	293	서울	NNP
경주 여행	293	오전	NNG
경주 여행	293	서울	NNP
경주 여행	293	출발	NNG
경주 여행	293	일정	NNG
경주 여행	293	형편	NNG
경주 여행	293	아래	NNG
경주 여행	293	코스	NNG
경주 여행	293	조절	NNG
경주 여행	293	시내버스	NNG
경주 여행	293	투어	NNG
경주 여행	293	도보	NNG
경주 여행	293	자전거	NNG
경주 여행	294	역사	NNG
경주 여행	294	코스	NNG
경주 여행	294	부탁	NNG
경주 여행	294	이번	NNG
경주 여행	294	여동생	NNG
경주 여행	294	고등학생	NNG
경주 여행	294	역사	NNG
경주 여행	294	역사	NNG
경주 여행	294	안내소	NNG
경주 여행	294	책자	NNG
경주 여행	294	사이트	NNG
경주 여행	294	활용	NNG
경주 여행	294	책자	NNG
경주 여행	295	코스	NNG
경주 여행	295	추천	NNG
경주 여행	295	새벽	NNG
경주 여행	295	대명	NNG
경주 여행	295	콘도	NNG
경주 여행	295	예정	NNG
경주 여행	295	동안	NNG
경주 여행	295	예정	NNG
경주 여행	295	기림사	NNG
경주 여행	295	분황사	NNG
경주 여행	295	부처	NNG
경주 여행	295	무열왕릉	NNG
경주 여행	295	석굴암	NNG
경주 여행	295	황룡	NNG
경주 여행	295	사지	NNG
경주 여행	295	오릉	NNG
경주 여행	295	국립	NNG
경주 여행	295	박물관	NNG
경주 여행	295	참고	NNG
경주 여행	296	코스	NNG
경주 여행	296	코스	NNG
경주 여행	296	추천	NNG
경주 여행	296	대상	NNG
경주 여행	296	어머니	NNG
경주 여행	296	자녀	NNG
경주 여행	296	본인	NNG
경주 여행	296	코스	NNG
경주 여행	296	답변	NNG
경주 여행	296	전문	NNG
경주 여행	296	블로거	NNP
경주 여행	296	어머님	NNG
경주 여행	296	추억	NNG
경주 여행	296	경험	NNG
경주 여행	297	날씨	NNG
경주 여행	297	날씨	NNG
경주 여행	297	가요	NNG
경주 여행	297	날씨	NNG
경주 여행	297	가능	NNG
경주 여행	297	기온	NNG
경주 여행	297	정도	NNG
경주 여행	297	예상	NNG
경주 여행	297	가능	NNG
경주 여행	297	날씨	NNG
경주 여행	297	계획	NNG
경주 여행	297	참고	NNG
경주 여행	298	날씨	NNG
경주 여행	298	시즌	NNG
경주 여행	298	가을	NNG
경주 여행	299	코스	NNG
경주 여행	299	신경주역	NNP
경주 여행	299	경주역	NNP
경주 여행	299	질문	NNG
경주 여행	299	안녕	NNG
경주 여행	299	여성	NNG
경주 여행	299	고요	NNG
경주 여행	299	친구	NNG
경주 여행	299	계획	NNG
경주 여행	299	처음	NNG
경주 여행	299	질문	NNG
경주 여행	299	이동	NNG
경주 여행	299	바다	NNG
경주 여행	299	위주	NNG
경주 여행	299	야경	NNG
경주 여행	299	숙소	NNG
경주 여행	300	계획	NNG
경주 여행	300	비피	NNG
경주 여행	300	가요	NNG
경주 여행	300	계획	NNG
경주 여행	300	뉴스	NNG
경주 여행	300	고민	NNG
경주 여행	300	기상	NNG
경주 여행	300	예보	NNG
경주 여행	300	확인	NNG
경주 여행	300	기상	NNG
경주 여행	300	예보	NNG
경주 여행	300	확인	NNG
경주 여행	300	중요	NNG
경주 여행	300	기상청	NNG
경주 여행	300	날씨	NNG
경주 여행	301	동궁	NNG
경주 여행	301	월지	NNG
경주 여행	301	정교	NNG
경주 여행	301	야경	NNG
경주 여행	301	정상	NNG
경주 여행	301	운영	NNG
경주 여행	301	휴무일	NNG
경주 여행	301	관람	NNG
경주 여행	301	방해	NNG
경주 여행	301	정도	NNG
경주 여행	301	날씨	NNG
경주 여행	301	상황	NNG
경주 여행	301	통제	NNG
경주 여행	301	경우	NNG
경주 여행	301	관람	NNG
경주 여행	301	가능	NNG
경주 여행	302	남자	NNG
경주 여행	302	친구	NNG
경주 여행	302	숙소	NNG
경주 여행	302	개인	NNG
경주 여행	302	부족	NNG
경주 여행	302	계획	NNG
경주 여행	302	예산	NNG
경주 여행	302	집행	NNG
경주 여행	302	부족	NNG
경주 여행	303	맛집	NNG
경주 여행	303	맛집	NNG
경주 여행	303	추천	NNG
경주 여행	303	부탁	NNG
경주 여행	303	가이드	NNG
경주 여행	303	교통편	NNG
경주 여행	303	맛집	NNG
경주 여행	303	볼거리	NNG
경주 여행	303	한국	NNP
경주 여행	303	역사	NNG
경주 여행	303	문화	NNG
경주 여행	303	도시	NNG
경주 여행	303	명소	NNG
경주 여행	304	추천	NNG
경주 여행	304	추천	NNG
경주 여행	304	추천	NNG
경주 여행	304	월드	NNG
경주 여행	304	국립	NNG
경주 여행	304	박물관	NNG
경주 여행	304	황리	NNG
경주 여행	304	첨성대	NNG
경주 여행	304	불국사	NNP
경주 여행	304	엑스포	NNG
경주 여행	304	공원	NNG
경주 여행	305	날씨	NNG
경주 여행	305	날씨	NNG
경주 여행	305	가요	NNG
경주 여행	305	시외버스	NNG
경주 여행	305	빙판길	NNG
경주 여행	305	불안	NNG
경주 여행	305	날씨	NNG
경주 여행	305	주말	NNG
경주 여행	305	그때	NNG
경주 여행	305	예보	NNG
경주 여행	306	맛집	NNG
경주 여행	306	카페	NNG
경주 여행	306	계획	NNG
경주 여행	306	맛집	NNG
경주 여행	306	카페	NNG
경주 여행	306	특별	NNG
경주 여행	306	경험	NNG
경주 여행	306	메뉴	NNG
경주 여행	306	특별	NNG
경주 여행	306	제공	NNG
경주 여행	306	전통	NNG
경주 여행	306	분위기	NNG
경주 여행	306	현대	NNG
경주 여행	306	요소	NNG
경주 여행	306	조화	NNG
경주 여행	306	장소	NNG
경주 여행	306	황남빵	NNP
경주 여행	307	일정	NNG
경주 여행	307	고민	NNG
경주 여행	307	아빠	NNG
경주 여행	307	엄마	NNG
경주 여행	307	아들	NNG
경주 여행	307	역하	NNG
경주 여행	307	숙소	NNG
경주 여행	307	황리	NNG
경주 여행	307	황남	NNG
경주 여행	307	고택	NNG
경주 여행	307	답변	NNG
경주 여행	307	도움	NNG
경주 여행	307	말씀	NNG
경주 여행	307	질문	NNG
경주 여행	307	아빠	NNG
경주 여행	307	엄마	NNG
경주 여행	307	아들	NNG
경주 여행	308	아래	NNG
경주 여행	308	참조	NNG
경주 여행	308	도움	NNG
경주 여행	309	질문	NNG
경주 여행	309	코스	NNG
경주 여행	309	시내	NNG
경주 여행	309	숙소	NNG
경주 여행	309	첨성대	NNG
경주 여행	309	코스	NNG
경주 여행	309	황리	NNG
경주 여행	309	도보이	NNP
경주 여행	309	가능	NNG
경주 여행	309	가요	NNG
경주 여행	309	불국사	NNG
경주 여행	309	숙소	NNG
경주 여행	309	불국사	NNG
경주 여행	309	석굴암	NNG
경주 여행	309	바람	NNG
경주 여행	309	언덕	NNG
경주 여행	309	숙소	NNG
경주 여행	309	체크인	NNG
경주 여행	310	펜션	NNG
경주 여행	310	호텔	NNG
경주 여행	310	예약	NNG
경주 여행	310	날짜	NNG
경주 여행	310	성수기	NNG
경주 여행	311	당일치기	NNG
경주 여행	311	질문	NNG
경주 여행	311	당일	NNG
경주 여행	311	당일	NNG
경주 여행	311	오전	NNG
경주 여행	311	터미널	NNG
경주 여행	311	도착	NNG
경주 여행	311	오후	NNG
경주 여행	311	터미널	NNG
경주 여행	311	버스	NNG
경주 여행	311	버스	NNG
경주 여행	311	터미널	NNG
경주 여행	311	도착	NNG
경주 여행	311	황리	NNG
경주 여행	311	대릉원	NNG
경주 여행	311	첨성대	NNG
경주 여행	311	정교	NNG
경주 여행	311	동궁	NNG
경주 여행	311	월지	NNG
경주 여행	312	준비	NNG
경주 여행	312	시티투어	NNP
경주 여행	312	블로그	NNG
경주 여행	312	시작	NNG
경주 여행	312	걸음	NNG
경주 여행	312	추천	NNG
경주 여행	313	고등학생	NNG
경주 여행	313	시절	NNG
경주 여행	313	추억	NNG
경주 여행	313	고등학생	NNG
경주 여행	313	시절	NNG
경주 여행	313	추억	NNG
경주 여행	313	로또	NNP
경주 여행	313	해몽	NNG
경주 여행	313	컴퓨터	NNG
경주 여행	313	조립식	NNG
경주 여행	313	얼마	NNG
경주 여행	313	고등학생	NNG
경주 여행	313	시절	NNG
경주 여행	313	추억	NNG
경주 여행	313	선택	NNG
경주 여행	313	한국	NNP
경주 여행	313	역사	NNG
경주 여행	313	문화	NNG
경주 여행	313	도시	NNG
경주 여행	314	남자	NNG
경주 여행	314	혼자	NNG
경주 여행	314	일정	NNG
경주 여행	314	숙소	NNG
경주 여행	314	예약	NNG
경주 여행	314	혼자	NNG
경주 여행	314	계획	NNG
경주 여행	314	여유	NNG
경주 여행	314	일정	NNG
경주 여행	314	가성	NNG
경주 여행	314	숙소	NNG
경주 여행	314	경주역	NNP
경주 여행	314	근처	NNG
경주 여행	314	게스트	NNP
경주 여행	314	하우스	NNP
경주 여행	314	황리	NNG
경주 여행	314	한옥	NNP
경주 여행	314	게스트	NNP
경주 여행	314	하우스	NNP
경주 여행	314	가격	NNG
경주 여행	314	접근성	NNG
경주 여행	314	바닷가	NNG
경주 여행	314	이동	NNG
경주 여행	315	루트	NNG
경주 여행	315	천마총	NNG
경주 여행	315	중앙	NNG
경주 여행	315	시장	NNG
경주 여행	315	일정	NNG
경주 여행	315	천마총	NNG
경주 여행	315	중앙	NNG
경주 여행	315	시장	NNG
경주 여행	315	네이버	NNP
경주 여행	315	지도	NNG
경주 여행	315	검색	NNG
경주 여행	315	동선	NNG
경주 여행	315	낭비	NNG
경주 여행	315	지도	NNG
경주 여행	315	중간	NNG
경주 여행	315	천마총	NNG
경주 여행	316	중반	NNG
경주 여행	316	여성	NNG
경주 여행	316	식당	NNG
경주 여행	316	술집	NNG
경주 여행	316	추천	NNG
경주 여행	316	친구	NNG
경주 여행	316	여자	NNG
경주 여행	316	황리	NNG
경주 여행	316	보문	NNG
경주 여행	316	추천	NNG
경주 여행	316	식당	NNG
경주 여행	316	추천	NNG
경주 여행	316	부탁	NNG
경주 여행	316	하루	NNG
경주 여행	316	시내	NNG
경주 여행	317	경비	NNG
경주 여행	317	정도	NNG
경주 여행	317	숙소	NNG
경주 여행	317	교통비	NNG
경주 여행	317	식대	NNG
경주 여행	317	입장료	NNG
경주 여행	317	간식	NNG
경주 여행	317	정도	NNG
경주 여행	317	본인	NNG
경주 여행	317	주머니	NNG
경주 여행	317	생각	NNG
경주 여행	317	조절	NNG
경주 여행	317	여유	NNG
경주 여행	318	여행지	NNG
경주 여행	318	추천	NNG
경주 여행	318	이번	NNG
경주 여행	318	남자	NNG
경주 여행	318	친구	NNG
경주 여행	318	전역	NNG
경주 여행	318	직전	NNG
경주 여행	318	황리	NNG
경주 여행	318	계획	NNG
경주 여행	318	코스	NNG
경주 여행	318	공유	NNG
경주 여행	318	내용	NNG
경주 여행	318	참고	NNG
경주 여행	319	아이	NNG
경주 여행	319	코스	NNG
경주 여행	319	아이	NNG
경주 여행	319	가족	NNG
경주 여행	319	첫날	NNG
경주 여행	319	점심	NNG
경주 여행	319	경주역	NNP
경주 여행	319	도착	NNG
경주 여행	319	예정	NNG
경주 여행	319	숙소	NNG
경주 여행	319	보문관광단지	NNP
경주 여행	319	근처	NNG
경주 여행	319	월드	NNG
경주 여행	319	오후	NNG
경주 여행	319	계획	NNG
경주 여행	319	운전	NNG
경주 여행	319	예정	NNG
경주 여행	319	코스	NNG
경주 여행	320	추천	NNG
경주 여행	320	안녕	NNG
경주 여행	320	세영	NNP
경주 여행	320	황리	NNG
경주 여행	320	근처	NNG
경주 여행	320	분위기	NNG
경주 여행	320	가이드	NNG
경주 여행	320	교통편	NNG
경주 여행	320	맛집	NNG
경주 여행	320	볼거리	NNG
경주 여행	320	가이드	NNG
경주 여행	320	교통편	NNG
경주 여행	320	맛집	NNG
경주 여행	320	볼거리	NNG
경주 여행	321	코스	NNG
경주 여행	321	지도	NNG
경주 여행	321	숙소	NNG
경주 여행	321	여자	NNG
경주 여행	321	친구	NNG
경주 여행	321	예정	NNG
경주 여행	321	코스	NNG
경주 여행	321	코스	NNG
경주 여행	321	지도	NNG
경주 여행	322	동선	NNG
경주 여행	322	부탁	NNG
경주 여행	322	어린애	NNG
경주 여행	322	숙소	NNG
경주 여행	322	보문	NNG
경주 여행	322	단지	NNG
경주 여행	322	정도	NNG
경주 여행	322	아이	NNG
경주 여행	322	체험	NNG
경주 여행	322	코스	NNG
경주 여행	322	맛집	NNG
경주 여행	322	코스	NNG
경주 여행	322	시내	NNG
경주 여행	322	보문관광단지	NNP
경주 여행	322	토함산	NNP
경주 여행	322	남산	NNG
경주 여행	323	애인	NNG
경주 여행	323	애인	NNG
경주 여행	324	코스	NNG
경주 여행	324	코스	NNG
경주 여행	324	계획	NNG
경주 여행	324	흥미	NNG
경주 여행	324	신라	NNP
경주 여행	324	역사	NNG
경주 여행	324	문화	NNG
경주 여행	324	자연	NNG
경주 여행	324	경관	NNG
경주 여행	324	대한민국	NNP
경주 여행	324	대표	NNG
경주 여행	324	관광	NNG
경주 여행	324	도시	NNG
경주 여행	324	동안	NNG
경주 여행	324	방문	NNG
경주 여행	324	추천	NNG
경주 여행	325	실내	NNG
경주 여행	325	관광	NNG
경주 여행	325	실내	NNG
경주 여행	325	추천	NNG
경주 여행	325	검색	NNG
경주 여행	325	기반	NNG
경주 여행	325	실제	NNG
경주 여행	325	방문	NNG
경주 여행	325	날씨	NNG
경주 여행	325	일정	NNG
경주 여행	325	운영	NNG
경주 여행	325	시간	NNG
경주 여행	325	확인	NNG
경주 여행	325	채택	NNG
경주 여행	326	운전	NNG
경주 여행	326	평상시	NNG
경주 여행	326	운전	NNG
경주 여행	326	제주	NNP
경주 여행	326	텍스	NNG
경주 여행	326	렌트	NNG
경주 여행	326	초보	NNG
경주 여행	326	운전	NNG
경주 여행	326	운전	NNG
경주 여행	326	자신	NNG
경주 여행	326	조심	NNG
경주 여행	326	운전	NNG
경주 여행	327	질문	NNG
경주 여행	327	의견	NNG
경주 여행	327	부탁	NNG
경주 여행	327	버스	NNG
경주 여행	327	택시	NNG
경주 여행	327	택시	NNG
경주 여행	327	택시	NNG
경주 여행	327	관광지	NNG
경주 여행	327	택시	NNG
경주 여행	327	카카오	NNP
경주 여행	327	택시	NNG
경주 여행	328	식당	NNG
경주 여행	328	추천	NNG
경주 여행	328	부탁	NNG
경주 여행	328	시간	NNG
경주 여행	328	도착	NNG
경주 여행	328	여행가	NNG
경주 여행	328	식당	NNG
경주 여행	328	특별	NNG
경주 여행	328	대접	NNG
경주 여행	328	식당	NNG
경주 여행	328	추천	NNG
경주 여행	328	식당	NNG
경주 여행	328	선택	NNG
경주 여행	328	특별	NNG
경주 여행	328	대접	NNG
경주 여행	329	코스	NNG
경주 여행	329	당일치기	NNG
경주 여행	329	학생	NNG
경주 여행	329	코스	NNG
경주 여행	329	첨성대	NNG
경주 여행	329	근처	NNG
경주 여행	329	한복	NNG
경주 여행	329	나드리	NNG
경주 여행	329	질문	NNG
경주 여행	329	일정	NNG
경주 여행	329	관련	NNG
경주 여행	329	답변	NNG
경주 여행	329	황리	NNG
경주 여행	329	맞춤	NNG
경주 여행	329	일정	NNG
경주 여행	329	준비	NNG
경주 여행	329	아래	NNG
경주 여행	329	첨부	NNG
경주 여행	329	일정	NNG
경주 여행	329	참고	NNG
경주 여행	330	역사	NNG
경주 여행	330	의미	NNG
경주 여행	330	생각	NNG
경주 여행	330	재미	NNG
경주 여행	330	공부	NNG
경주 여행	330	느낌	NNG
경주 여행	330	질문	NNG
경주 여행	330	여행지	NNG
경주 여행	330	관련	NNG
경주 여행	330	답변	NNG
경주 여행	330	여행지	NNG
경주 여행	330	동궁	NNG
경주 여행	330	월지	NNG
경주 여행	331	코스	NNG
경주 여행	331	추천	NNG
경주 여행	331	코스	NNG
경주 여행	331	추천	NNG
경주 여행	331	부탁	NNG
경주 여행	331	계획	NNG
경주 여행	331	대중교통	NNG
경주 여행	331	이용	NNG
경주 여행	331	생각	NNG
경주 여행	331	코스	NNG
경주 여행	332	코스	NNG
경주 여행	332	추천	NNG
경주 여행	332	코스	NNG
경주 여행	332	추천	NNG
경주 여행	332	가족	NNG
경주 여행	332	안녕	NNG
경주 여행	332	계획	NNG
경주 여행	332	루트	NNG
경주 여행	332	실행	NNG
경주 여행	332	실패	NNG
경주 여행	332	여행지	NNG
경주 여행	332	소개	NNG
경주 여행	332	마음	NNG
경주 여행	332	다면	NNG
경주 여행	332	채택	NNG
경주 여행	332	부탁	NNG
경주 여행	333	맛집	NNG
경주 여행	333	리스트	NNG
경주 여행	333	계획	NNG
경주 여행	333	필수	NNG
경주 여행	333	방문	NNG
경주 여행	333	맛집	NNG
경주 여행	333	플레이스	NNG
경주 여행	333	현지인	NNG
경주 여행	333	추천	NNG
경주 여행	333	명소	NNG
경주 여행	333	맛집	NNG
경주 여행	333	황남빵	NNP
경주 여행	333	식당	NNG
경주 여행	333	잔치국수	NNP
경주 여행	333	교동	NNP
경주 여행	333	법주	NNP
경주 여행	333	신라	NNP
경주 여행	333	밀면	NNP
경주 여행	333	플레이스	NNG
경주 여행	333	불국사	NNP
경주 여행	334	일정	NNG
경주 여행	334	최소한	NNG
경주 여행	334	움직임	NNG
경주 여행	334	이틀	NNG
경주 여행	334	동안	NNG
경주 여행	334	코스	NNG
경주 여행	334	카페	NNP
경주 여행	334	추천	NNG
경주 여행	334	질문	NNG
경주 여행	334	일정	NNG
경주 여행	334	관련	NNG
경주 여행	334	답변	NNG
경주 여행	334	문자	NNG
경주 여행	334	최대한	NNG
경주 여행	334	여유	NNG
경주 여행	334	일정	NNG
경주 여행	334	준비	NNG
경주 여행	335	추천	NNG
경주 여행	335	엄마	NNG
경주 여행	335	혼자	NNG
경주 여행	335	아들	NNG
경주 여행	335	정도	NNG
경주 여행	335	구체	NNG
경주 여행	335	일정	NNG
경주 여행	335	코스	NNG
경주 여행	335	맛집	NNG
경주 여행	335	숙소	NNG
경주 여행	335	경험담	NNG
경주 여행	335	소개	NNG
경주 여행	335	코스	NNG
경주 여행	336	추천	NNG
경주 여행	336	여행지	NNG
경주 여행	336	추천	NNG
경주 여행	336	주신	NNG
경주 여행	336	여행지	NNG
경주 여행	336	추천	NNG
경주 여행	336	경북	NNP
경주 여행	336	황성	NNG
경주 여행	336	공원	NNG
경주 여행	336	양남	NNG
경주 여행	336	주상	NNG
경주 여행	336	절리	NNG
경주 여행	336	동궁	NNG
경주 여행	336	월지	NNG
경주 여행	336	궁원	NNG
경주 여행	336	황리	NNG
경주 여행	336	첨성대	NNG
경주 여행	337	코스	NNG
경주 여행	337	질문	NNG
경주 여행	337	예전	NNG
경주 여행	337	가본적	NNG
경주 여행	337	지리	NNG
경주 여행	337	질문	NNG
경주 여행	337	코스	NNG
경주 여행	337	관련	NNG
경주 여행	337	답변	NNG
경주 여행	337	경주로	NNG
경주 여행	337	일정	NNG
경주 여행	337	준비	NNG
경주 여행	337	아래	NNG
경주 여행	337	첨부	NNG
경주 여행	337	일정	NNG
경주 여행	337	참고	NNG
경주 여행	338	코스	NNG
경주 여행	338	추천	NNG
경주 여행	338	코스	NNG
경주 여행	338	추천	NNG
경주 여행	338	주신	NNG
경주 여행	338	코스	NNG
경주 여행	338	추천	NNG
경주 여행	338	경북	NNP
경주 여행	338	황성	NNG
경주 여행	338	공원	NNG
경주 여행	338	양남	NNG
경주 여행	338	주상	NNG
경주 여행	338	절리	NNG
경주 여행	338	동궁	NNG
경주 여행	338	월지	NNG
경주 여행	338	궁원	NNG
경주 여행	339	엄마	NNG
경주 여행	339	엄마	NNG
경주 여행	339	평일	NNG
경주 여행	339	대중교통	NNG
경주 여행	339	불국사	NNG
경주 여행	339	도보	NNG
경주 여행	339	대중교통	NNG
경주 여행	339	이용	NNG
경주 여행	339	코스	NNG
경주 여행	339	의견	NNG
경주 여행	339	평일	NNG
경주 여행	339	어머니	NNG
경주 여행	339	어머니	NNG
경주 여행	339	행복	NNG
경주 여행	339	주요	NNG
경주 여행	339	관광지	NNG
경주 여행	339	교통편	NNG
경주 여행	339	도보	NNG
경주 여행	339	포함	NNG
경주 여행	340	코스	NNG
경주 여행	340	추천	NNG
경주 여행	340	여자	NNG
경주 여행	340	친구	NNG
경주 여행	340	코스	NNG
경주 여행	340	추천	NNG
경주 여행	340	월드	NNG
경주 여행	340	제외	NNG
경주 여행	340	여자	NNG
경주 여행	340	친구	NNG
경주 여행	340	코스	NNG
경주 여행	340	추천	NNG
경주 여행	340	하루	NNG
경주 여행	341	가족	NNG
경주 여행	341	추천	NNG
경주 여행	341	월드	NNG
경주 여행	341	테마파크	NNG
경주 여행	341	엑스포	NNG
경주 여행	341	대공원	NNG
경주 여행	341	국립	NNG
경주 여행	341	박물관	NNG
경주 여행	341	원릉	NNG
경주 여행	341	동굴	NNG
경주 여행	341	월지	NNG
경주 여행	342	다음	NNG
경주 여행	342	평일	NNG
경주 여행	342	시기	NNG
경주 여행	342	고민	NNG
경주 여행	342	혼자	NNG
경주 여행	342	봄바람	NNG
경주 여행	342	오푸스	NNG
경주 여행	342	객실	NNG
경주 여행	342	개별	NNG
경주 여행	342	바베큐	NNG
경주 여행	343	추천	NNG
경주 여행	343	부부	NNG
경주 여행	343	코스	NNG
경주 여행	343	야경	NNG
경주 여행	343	숙소	NNG
경주 여행	343	먹거리	NNG
경주 여행	343	추천	NNG
경주 여행	343	부탁	NNG
경주 여행	343	계획	NNG
경주 여행	343	추천	NNG
경주 여행	343	첨성대	NNG
경주 여행	343	동궁	NNG
경주 여행	343	월지	NNG
경주 여행	343	대릉원	NNG
경주 여행	344	코스	NNG
경주 여행	344	부탁	NNG
경주 여행	344	출발	NNG
경주 여행	344	코스	NNG
경주 여행	344	부탁	NNG
경주 여행	344	숙소	NNG
경주 여행	344	예약	NNG
경주 여행	344	코스	NNG
경주 여행	344	근처	NNG
경주 여행	344	게스트	NNP
경주 여행	344	하우스	NNP
경주 여행	344	계획	NNG
경주 여행	344	루트	NNG
경주 여행	344	실패	NNG
경주 여행	345	아이	NNG
경주 여행	345	코스	NNG
경주 여행	345	동선	NNG
경주 여행	345	가족	NNG
경주 여행	345	계획	NNG
경주 여행	345	구성원	NNG
경주 여행	345	남편	NNG
경주 여행	345	아이	NNG
경주 여행	345	워터	NNG
경주 여행	345	파크	NNG
경주 여행	345	아이	NNG
경주 여행	345	동안	NNG
경주 여행	345	필요	NNG
경주 여행	345	정보	NNG
경주 여행	345	확인	NNG
경주 여행	345	정보	NNG
경주 여행	346	코스	NNG
경주 여행	346	질문	NNG
경주 여행	346	코스	NNG
경주 여행	346	추천	NNG
경주 여행	346	대상	NNG
경주 여행	346	어머니	NNG
경주 여행	346	코스	NNG
경주 여행	346	답변	NNG
경주 여행	346	코스	NNG
경주 여행	346	답변	NNG
경주 여행	346	어머님	NNG
경주 여행	346	추억	NNG
경주 여행	347	코스	NNG
경주 여행	347	식당	NNG
경주 여행	347	추천	NNG
경주 여행	347	부탁	NNG
경주 여행	347	숙소	NNG
경주 여행	347	가실	NNG
경주 여행	347	방문	NNG
경주 여행	347	카페	NNG
경주 여행	347	포토	NNG
경주 여행	347	작품	NNG
경주 여행	347	감상	NNG
경주 여행	347	카페	NNG
경주 여행	347	참고	NNG
경주 여행	347	수면	NNG
경주 여행	348	질문	NNG
경주 여행	348	안녕	NNG
경주 여행	348	이번	NNG
경주 여행	348	정도	NNG
경주 여행	348	버스	NNG
경주 여행	348	렌트카	NNG
경주 여행	348	문화	NNG
경주 여행	348	유산	NNG
경주 여행	348	도시	NNG
경주 여행	348	당일	NNG
경주 여행	348	준비	NNG
경주 여행	348	방문	NNG
경주 여행	348	처음	NNG
경주 여행	349	코스	NNG
경주 여행	349	가족	NNG
경주 여행	349	코스	NNG
경주 여행	349	코스	NNG
경주 여행	349	중학교	NNG
경주 여행	349	코스	NNG
경주 여행	349	플레이스	NNG
경주 여행	349	코스	NNG
경주 여행	350	엄마	NNG
경주 여행	350	아빠	NNG
경주 여행	350	언니	NNG
경주 여행	350	추천	NNG
경주 여행	350	계획	NNG
경주 여행	350	장소	NNG
경주 여행	350	활동	NNG
경주 여행	350	추천	NNG
경주 여행	350	월드컵	NNG
경주 여행	351	여행지	NNG
경주 여행	351	추천	NNG
경주 여행	351	계획	NNG
경주 여행	351	일정	NNG
경주 여행	351	질문	NNG
경주 여행	351	여행지	NNG
경주 여행	351	관련	NNG
경주 여행	351	답변	NNG
경주 여행	351	대부분	NNG
경주 여행	351	평지	NNG
경주 여행	351	여행지	NNG
경주 여행	351	조금	NNG
경주 여행	351	참고	NNG
경주 여행	352	추천	NNG
경주 여행	352	여행지	NNG
경주 여행	352	추천	NNG
경주 여행	352	부탁	NNG
경주 여행	352	보문	NNG
경주 여행	352	단지	NNG
경주 여행	352	위치	NNG
경주 여행	352	우양	NNG
경주 여행	352	미술관	NNG
경주 여행	352	국내	NNG
경주 여행	352	최초	NNG
경주 여행	352	추천	NNG
경주 여행	352	장소	NNG
경주 여행	352	동궁	NNG
경주 여행	352	월지	NNG
경주 여행	352	신라	NNP
경주 여행	352	시대	NNG
경주 여행	352	궁터	NNG
경주 여행	352	왕자	NNG
경주 여행	352	생활	NNG
경주 여행	352	장소	NNG
경주 여행	353	코스	NNG
경주 여행	353	추천	NNG
경주 여행	353	부탁	NNG
경주 여행	353	군요	NNG
경주 여행	353	코스	NNG
경주 여행	353	패딩	NNG
경주 여행	353	느낌	NNG
경주 여행	353	코트	NNG
경주 여행	353	경량	NNG
경주 여행	353	패딩	NNG
경주 여행	353	정도	NNG
경주 여행	353	추천	NNG
경주 여행	354	코스	NNG
경주 여행	354	조언	NNG
경주 여행	354	부탁	NNG
경주 여행	354	가족	NNG
경주 여행	354	부모	NNG
경주 여행	354	질문	NNG
경주 여행	354	코스	NNG
경주 여행	354	관련	NNG
경주 여행	354	답변	NNG
경주 여행	354	가족	NNG
경주 여행	354	계획	NNG
경주 여행	354	가족	NNG
경주 여행	354	일정	NNG
경주 여행	354	준비	NNG
경주 여행	354	아래	NNG
경주 여행	354	첨부	NNG
경주 여행	354	일정	NNG
경주 여행	354	참고	NNG
경주 여행	355	친정	NNG
경주 여행	355	엄마	NNG
경주 여행	355	코스	NNG
경주 여행	355	초반	NNG
경주 여행	355	건강	NNG
경주 여행	355	친정	NNG
경주 여행	355	엄마	NNG
경주 여행	355	질문	NNG
경주 여행	355	코스	NNG
경주 여행	355	관련	NNG
경주 여행	355	답변	NNG
경주 여행	355	부모	NNG
경주 여행	355	계획	NNG
경주 여행	355	숙소	NNG
경주 여행	355	맞춤	NNG
경주 여행	355	일정	NNG
경주 여행	355	준비	NNG
경주 여행	355	아래	NNG
경주 여행	355	첨부	NNG
경주 여행	355	일정	NNG
경주 여행	356	황리	NNG
경주 여행	356	맛집	NNG
경주 여행	356	추천	NNG
경주 여행	356	이번	NNG
경주 여행	356	황리	NNG
경주 여행	356	근처	NNG
경주 여행	356	맛집	NNG
경주 여행	356	추천	NNG
경주 여행	356	거리	NNG
경주 여행	356	황리	NNG
경주 여행	356	맛집	NNG
경주 여행	356	추천	NNG
경주 여행	356	황리	NNG
경주 여행	356	맛집	NNG
경주 여행	356	맛집	NNG
경주 여행	356	오랫동안	NNG
경주 여행	356	배달	NNG
경주 여행	357	숙소	NNG
경주 여행	357	추천	NNG
경주 여행	357	안녕	NNG
경주 여행	357	경기도	NNP
경주 여행	357	사람	NNG
경주 여행	357	내년	NNG
경주 여행	357	중순	NNG
경주 여행	357	예정	NNG
경주 여행	357	인원	NNG
경주 여행	357	엄마	NNG
경주 여행	357	초등	NNG
경주 여행	357	겨울	NNG
경주 여행	357	비추	NNG
경주 여행	357	거리	NNG
경주 여행	357	택시	NNG
경주 여행	358	여행지	NNG
경주 여행	358	여자	NNG
경주 여행	358	친구	NNG
경주 여행	358	경치	NNG
경주 여행	358	이동	NNG
경주 여행	358	계획	NNG
경주 여행	359	감성	NNG
경주 여행	359	쿠지	NNP
경주 여행	359	숙소	NNG
경주 여행	359	추천	NNG
경주 여행	359	부탁	NNG
경주 여행	359	마지막	NNG
경주 여행	359	계획	NNG
경주 여행	359	어른	NNG
경주 여행	359	아이	NNG
경주 여행	359	가능	NNG
경주 여행	359	독채	NNG
경주 여행	359	쿠지	NNP
경주 여행	359	숙소	NNG
경주 여행	359	추천	NNG
경주 여행	359	휴식	NNG
경주 여행	359	최적	NNG
경주 여행	359	선택	NNG
경주 여행	360	맛집	NNG
경주 여행	360	리스트	NNG
경주 여행	360	계획	NNG
경주 여행	360	필수	NNG
경주 여행	360	방문	NNG
경주 여행	360	맛집	NNG
경주 여행	360	플레이스	NNG
경주 여행	360	현지인	NNG
경주 여행	360	추천	NNG
경주 여행	360	맛집	NNG
경주 여행	360	관광객	NNG
경주 여행	360	인기	NNG
경주 여행	360	플레이스	NNG
경주 여행	360	포함	NNG
경주 여행	360	종합	NNG
경주 여행	360	리스트	NNG
경주 여행	360	제공	NNG
경주 여행	360	맛집	NNG
경주 여행	360	플레이스	NNG
경주 여행	361	추천	NNG
경주 여행	361	부탁	NNG
경주 여행	361	기본	NNG
경주 여행	361	맛집	NNG
경주 여행	361	주신	NNG
경주 여행	361	추천	NNG
경주 여행	361	경북	NNP
경주 여행	362	코스	NNG
경주 여행	362	추천	NNG
경주 여행	362	요번	NNG
경주 여행	362	주제	NNG
경주 여행	362	문화재	NNG
경주 여행	362	위주	NNG
경주 여행	362	위주	NNG
경주 여행	362	갈만	NNG
경주 여행	362	추천	NNG
경주 여행	362	야경	NNG
경주 여행	362	코스	NNG
경주 여행	362	추천	NNG
경주 여행	362	답변	NNG
경주 여행	362	안녕	NNG
경주 여행	362	저번	NNG
경주 여행	362	사람	NNG
경주 여행	363	추천	NNG
경주 여행	363	추천	NNG
경주 여행	363	안녕	NNG
경주 여행	363	계획	NNG
경주 여행	363	루트	NNG
경주 여행	363	용시	NNG
경주 여행	363	실패	NNG
경주 여행	363	소개	NNG
경주 여행	363	마음	NNG
경주 여행	363	다면	NNG
경주 여행	363	채택	NNG
경주 여행	363	부탁	NNG
경주 여행	364	캐리	NNP
경주 여행	364	어사이즈	NNP
경주 여행	364	추천	NNP
경주 여행	364	이번	NNG
경주 여행	364	아버지	NNG
경주 여행	364	캐리어	NNG
경주 여행	364	캐리	NNP
경주 여행	364	어사이즈	NNP
경주 여행	364	추천	NNG
경주 여행	364	부탁	NNG
경주 여행	364	캐리어	NNG
경주 여행	364	추천	NNG
경주 여행	364	매일	NNG
경주 여행	365	폴라로이드	NNG
경주 여행	365	카메라	NNG
경주 여행	365	대여	NNG
경주 여행	365	구매	NNG
경주 여행	365	숙소	NNG
경주 여행	365	중요	NNG
경주 여행	365	오푸스	NNG
경주 여행	365	빌라	NNG
경주 여행	365	펜션	NNG
경주 여행	365	추천	NNG
경주 여행	366	렌터카	NNG
경주 여행	366	숙소	NNG
경주 여행	366	터미널	NNG
경주 여행	366	주요	NNG
경주 여행	366	관광지	NNG
경주 여행	366	도보	NNG
경주 여행	366	관광지	NNG
경주 여행	366	추천	NNG
경주 여행	366	말씀	NNG
경주 여행	366	터미널	NNG
경주 여행	366	주요	NNG
경주 여행	366	관광지	NNG
경주 여행	366	황리	NNG
경주 여행	366	시작	NNG
경주 여행	366	황리	NNG
경주 여행	366	시작	NNG
경주 여행	367	코스	NNG
경주 여행	367	추천	NNG
경주 여행	367	요번	NNG
경주 여행	367	주제	NNG
경주 여행	367	코스	NNG
경주 여행	367	추천	NNG
경주 여행	367	코스	NNG
경주 여행	367	남산	NNP
경주 여행	367	정복	NNG
경주 여행	367	코스	NNG
경주 여행	367	코스	NNG
경주 여행	367	불국사	NNG
경주 여행	367	석굴암	NNG
경주 여행	367	관람	NNG
경주 여행	367	랜드마크	NNP
경주 여행	368	렌트	NNG
경주 여행	368	렌트	NNG
경주 여행	368	부산	NNP
경주 여행	368	운전	NNG
경주 여행	368	가여	NNG
경주 여행	368	부산	NNP
경주 여행	368	황리	NNG
경주 여행	368	첨성대	NNG
경주 여행	368	인근	NNG
경주 여행	368	대릉원	NNG
경주 여행	368	인근	NNG
경주 여행	368	시내	NNG
경주 여행	368	정도	NNG
경주 여행	368	운전	NNG
경주 여행	369	내공	NNP
경주 여행	369	당일치기	NNG
경주 여행	369	아침	NNG
경주 여행	369	저녁	NNG
경주 여행	369	시간	NNG
경주 여행	369	반려	NNG
경주 여행	369	동반	NNG
경주 여행	369	입장	NNG
경주 여행	369	반려	NNG
경주 여행	369	동반	NNG
경주 여행	369	여행지	NNG
경주 여행	369	추천	NNG
경주 여행	370	주말	NNG
경주 여행	370	코스	NNG
경주 여행	370	엄마	NNG
경주 여행	370	아빠	NNG
경주 여행	370	경주로	NNG
경주 여행	370	수학여행	NNG
경주 여행	370	엄마	NNG
경주 여행	370	아빠	NNG
경주 여행	370	처음	NNG
경주 여행	370	맛집	NNG
경주 여행	370	추도	NNG
경주 여행	370	부탁	NNG
경주 여행	370	주말	NNG
경주 여행	370	코스	NNG
경주 여행	370	답변	NNG
경주 여행	371	숙소	NNG
경주 여행	371	토요일	NNG
경주 여행	371	숙소	NNG
경주 여행	371	가을	NNG
경주 여행	371	신상	NNG
경주 여행	371	펜션	NNG
경주 여행	371	빌라	NNP
경주 여행	371	숙소	NNG
경주 여행	371	신축	NNG
경주 여행	371	펜션	NNG
경주 여행	372	택시	NNG
경주 여행	372	투어	NNG
경주 여행	372	렌트카	NNG
경주 여행	372	이용	NNG
경주 여행	372	지인	NNG
경주 여행	372	질문	NNG
경주 여행	372	택시	NNG
경주 여행	372	투어	NNG
경주 여행	372	관련	NNG
경주 여행	372	답변	NNG
경주 여행	372	택시	NNG
경주 여행	372	투어	NNG
경주 여행	372	편안	NNG
경주 여행	372	최근	NNG
경주 여행	372	택시	NNG
경주 여행	372	투어	NNG
경주 여행	372	이용	NNG
경주 여행	373	천군동	NNP
경주 여행	373	위치	NNG
경주 여행	373	빌라	NNG
경주 여행	373	입실	NNG
경주 여행	373	도착	NNG
경주 여행	373	예정	NNG
경주 여행	373	그동안	NNG
경주 여행	373	안녕	NNG
경주 여행	373	계획	NNG
경주 여행	373	루트	NNG
경주 여행	373	실패	NNG
경주 여행	373	소개	NNG
경주 여행	373	마음	NNG
경주 여행	374	빵집	NNG
경주 여행	374	빵집	NNG
경주 여행	374	주말	NNG
경주 여행	374	남편	NNG
경주 여행	374	에서	NNG
경주 여행	374	빵집	NNG
경주 여행	374	계절	NNG
경주 여행	374	이맘때	NNG
경주 여행	374	아이	NNG
경주 여행	375	추천	NNG
경주 여행	375	중학	NNG
경주 여행	375	친구	NNG
경주 여행	375	당일치기	NNG
경주 여행	375	저번	NNG
경주 여행	375	코스	NNG
경주 여행	375	추천	NNG
경주 여행	375	참고	NNG
경주 여행	375	도움	NNG
경주 여행	376	코스	NNG
경주 여행	376	동선	NNG
경주 여행	376	자차	NNG
경주 여행	376	이용	NNG
경주 여행	376	코스	NNG
경주 여행	376	동선	NNG
경주 여행	376	문제	NNG
경주 여행	376	해결책	NNG
경주 여행	376	제시	NNG
경주 여행	376	코스	NNG
경주 여행	376	동선	NNG
경주 여행	376	장소	NNG
경주 여행	377	어르신	NNG
경주 여행	377	숙소	NNG
경주 여행	377	어르신	NNG
경주 여행	377	추천	NNG
경주 여행	377	인원	NNG
경주 여행	377	숙소	NNG
경주 여행	377	식사	NNG
경주 여행	377	추천	NNG
경주 여행	377	안녕	NNG
경주 여행	377	관심	NNG
경주 여행	377	역사	NNG
경주 여행	377	문화	NNG
경주 여행	377	경험	NNG
경주 여행	377	명소	NNG
경주 여행	377	추천	NNG
경주 여행	378	황리	NNG
경주 여행	378	황동	NNG
경주 여행	378	황지	NNG
경주 여행	378	지역민	NNG
경주 여행	378	관광객	NNG
경주 여행	378	황리	NNG
경주 여행	378	황동	NNG
경주 여행	379	코스	NNG
경주 여행	379	갈만	NNG
경주 여행	379	안녕	NNG
경주 여행	379	취향	NNG
경주 여행	379	질문	NNG
경주 여행	379	관련	NNG
경주 여행	379	답변	NNG
경주 여행	380	할머니	NNG
경주 여행	380	할머니	NNG
경주 여행	380	코스	NNG
경주 여행	380	질문	NNG
경주 여행	380	관련	NNG
경주 여행	380	답변	NNG
경주 여행	380	할머니	NNG
경주 여행	380	요즘	NNG
경주 여행	380	택시	NNG
경주 여행	380	투어	NNG
경주 여행	380	편안	NNG
경주 여행	381	코스	NNG
경주 여행	381	추천	NNG
경주 여행	381	코스	NNG
경주 여행	381	추천	NNG
경주 여행	381	질문	NNG
경주 여행	381	관련	NNG
경주 여행	381	답변	NNG
경주 여행	381	예정	NNG
경주 여행	381	참고	NNG
경주 여행	381	도움	NNG
경주 여행	382	사월	NNG
경주 여행	382	가족	NNG
경주 여행	382	계획	NNG
경주 여행	382	사월	NNG
경주 여행	382	가족	NNG
경주 여행	382	계획	NNG
경주 여행	382	가족	NNG
경주 여행	382	소개	NNG
경주 여행	382	경경	NNG
경주 여행	382	가족	NNG
경주 여행	382	계획	NNG
경주 여행	382	한화	NNG
경주 여행	382	리조트	NNG
경주 여행	382	추억	NNG
경주 여행	383	정도	NNG
경주 여행	383	고속버스	NNG
경주 여행	383	시기	NNG
경주 여행	384	가족	NNG
경주 여행	384	코스	NNG
경주 여행	384	추천	NNG
경주 여행	384	코스	NNG
경주 여행	384	추천	NNG
경주 여행	384	부탁	NNG
경주 여행	384	이번	NNG
경주 여행	384	추석	NNG
경주 여행	384	기간	NNG
경주 여행	384	가족	NNG
경주 여행	384	아이	NNG
경주 여행	384	가족	NNG
경주 여행	384	코스	NNG
경주 여행	384	추천	NNG
경주 여행	384	조사	NNG
경주 여행	384	결과	NNG
경주 여행	384	바탕	NNG
경주 여행	384	최적	NNG
경주 여행	384	코스	NNG
경주 여행	384	제안	NNG
경주 여행	385	초등학생	NNG
경주 여행	385	전남	NNP
경주 여행	385	초등학생	NNG
경주 여행	385	코스	NNG
경주 여행	385	숙소	NNG
경주 여행	385	질문	NNG
경주 여행	385	여행지	NNG
경주 여행	385	관련	NNG
경주 여행	385	답변	NNG
경주 여행	385	여행지	NNG
경주 여행	386	코스	NNG
경주 여행	386	동선	NNG
경주 여행	386	추천	NNG
경주 여행	386	코스	NNG
경주 여행	386	동선	NNG
경주 여행	386	다음	NNG
경주 여행	386	하루	NNG
경주 여행	386	정도	NNG
경주 여행	386	석굴암	NNG
경주 여행	386	불국사	NNP
경주 여행	386	질문	NNG
경주 여행	386	일정	NNG
경주 여행	386	관련	NNG
경주 여행	386	답변	NNG
경주 여행	386	당일치기	NNG
경주 여행	386	준비	NNG
경주 여행	387	초보	NNG
경주 여행	387	운전	NNG
경주 여행	387	코스	NNG
경주 여행	387	코스	NNG
경주 여행	387	어려움	NNG
경주 여행	387	벚꽃	NNG
경주 여행	387	개화	NNG
경주 여행	387	참고	NNG
경주 여행	387	쭈니	NNP
경주 여행	387	아빠	NNG
경주 여행	387	블로그	NNG
경주 여행	387	방문	NNG
경주 여행	387	카테고리	NNG
경주 여행	388	아들	NNG
경주 여행	388	일정	NNG
경주 여행	388	아들	NNG
경주 여행	388	선배	NNG
경주 여행	388	조언	NNG
경주 여행	388	코스	NNG
경주 여행	388	추천	NNG
경주 여행	388	전문	NNG
경주 여행	388	블로거	NNP
경주 여행	388	초등	NNG
경주 여행	388	학교	NNG
경주 여행	388	학년	NNG
경주 여행	388	아들	NNG
경주 여행	388	역사	NNG
경주 여행	388	하루	NNG
경주 여행	388	코스	NNG
경주 여행	388	남산	NNP
경주 여행	388	정복	NNG
경주 여행	388	코스	NNG
경주 여행	389	가족	NNG
경주 여행	389	가족	NNG
경주 여행	389	가족	NNG
경주 여행	389	학년	NNG
경주 여행	389	학년	NNG
경주 여행	389	문화재	NNG
경주 여행	389	작년	NNG
경주 여행	389	여름	NNG
경주 여행	389	방학	NNG
경주 여행	389	당일	NNG
경주 여행	389	답변	NNG
경주 여행	390	포항	NNP
경주 여행	390	기차	NNG
경주 여행	390	요금	NNG
경주 여행	390	포항	NNP
경주 여행	390	기차	NNG
경주 여행	390	요금	NNG
경주 여행	390	코스	NNG
경주 여행	390	맛집	NNG
경주 여행	390	답변	NNG
경주 여행	390	포항	NNP
경주 여행	390	가시	NNG
경주 여행	390	열차	NNG
경주 여행	390	시간	NNG
경주 여행	390	가격	NNG
경주 여행	391	갈만	NNG
경주 여행	391	관광	NNG
경주 여행	391	문화	NNG
경주 여행	391	정서	NNG
경주 여행	391	체험	NNG
경주 여행	391	계획	NNG
경주 여행	391	계획	NNG
경주 여행	391	가족	NNG
경주 여행	392	질문	NNG
경주 여행	392	안녕	NNG
경주 여행	392	준비	NNG
경주 여행	392	출발지	NNG
경주 여행	392	서울	NNP
경주 여행	392	오전	NNG
경주 여행	392	서울	NNP
경주 여행	392	출발	NNG
경주 여행	392	일정	NNG
경주 여행	392	형편	NNG
경주 여행	392	아래	NNG
경주 여행	392	코스	NNG
경주 여행	392	조절	NNG
경주 여행	392	시내버스	NNG
경주 여행	392	투어	NNG
경주 여행	392	도보	NNG
경주 여행	392	자전거	NNG
경주 여행	393	역사	NNG
경주 여행	393	코스	NNG
경주 여행	393	부탁	NNG
경주 여행	393	이번	NNG
경주 여행	393	여동생	NNG
경주 여행	393	고등학생	NNG
경주 여행	393	역사	NNG
경주 여행	393	역사	NNG
경주 여행	393	안내소	NNG
경주 여행	393	책자	NNG
경주 여행	393	사이트	NNG
경주 여행	393	활용	NNG
경주 여행	393	책자	NNG
경주 여행	394	코스	NNG
경주 여행	394	추천	NNG
경주 여행	394	새벽	NNG
경주 여행	394	대명	NNG
경주 여행	394	콘도	NNG
경주 여행	394	예정	NNG
경주 여행	394	동안	NNG
경주 여행	394	예정	NNG
경주 여행	394	기림사	NNG
경주 여행	394	분황사	NNG
경주 여행	394	부처	NNG
경주 여행	394	무열왕릉	NNG
경주 여행	394	석굴암	NNG
경주 여행	394	황룡	NNG
경주 여행	394	사지	NNG
경주 여행	394	오릉	NNG
경주 여행	394	국립	NNG
경주 여행	394	박물관	NNG
경주 여행	394	참고	NNG
경주 여행	395	코스	NNG
경주 여행	395	코스	NNG
경주 여행	395	추천	NNG
경주 여행	395	대상	NNG
경주 여행	395	어머니	NNG
경주 여행	395	자녀	NNG
경주 여행	395	본인	NNG
경주 여행	395	코스	NNG
경주 여행	395	답변	NNG
경주 여행	395	전문	NNG
경주 여행	395	블로거	NNP
경주 여행	395	어머님	NNG
경주 여행	395	추억	NNG
경주 여행	395	경험	NNG
경주 여행	396	날씨	NNG
경주 여행	396	날씨	NNG
경주 여행	396	가요	NNG
경주 여행	396	날씨	NNG
경주 여행	396	가능	NNG
경주 여행	396	기온	NNG
경주 여행	396	정도	NNG
경주 여행	396	예상	NNG
경주 여행	396	가능	NNG
경주 여행	396	날씨	NNG
경주 여행	396	계획	NNG
경주 여행	396	참고	NNG
경주 여행	397	날씨	NNG
경주 여행	397	시즌	NNG
경주 여행	397	가을	NNG
경주 여행	398	코스	NNG
경주 여행	398	신경주역	NNP
경주 여행	398	경주역	NNP
경주 여행	398	질문	NNG
경주 여행	398	안녕	NNG
경주 여행	398	여성	NNG
경주 여행	398	고요	NNG
경주 여행	398	친구	NNG
경주 여행	398	계획	NNG
경주 여행	398	처음	NNG
경주 여행	398	질문	NNG
경주 여행	398	이동	NNG
경주 여행	398	바다	NNG
경주 여행	398	위주	NNG
경주 여행	398	야경	NNG
경주 여행	398	숙소	NNG
경주 여행	399	계획	NNG
경주 여행	399	비피	NNG
경주 여행	399	가요	NNG
경주 여행	399	계획	NNG
경주 여행	399	뉴스	NNG
경주 여행	399	고민	NNG
경주 여행	399	기상	NNG
경주 여행	399	예보	NNG
경주 여행	399	확인	NNG
경주 여행	399	기상	NNG
경주 여행	399	예보	NNG
경주 여행	399	확인	NNG
경주 여행	399	중요	NNG
경주 여행	399	기상청	NNG
경주 여행	399	날씨	NNG
경주 여행	400	중순	NNG
경주 여행	400	남편	NNG
경주 여행	400	계획	NNG
경주 여행	400	첫날	NNG
경주 여행	400	황남	NNG
경주 여행	400	호텔	NNG
경주 여행	400	이튿날	NNG
경주 여행	400	청공	NNG
경주 여행	400	옥스	NNP
경주 여행	400	테이	NNP
경주 여행	400	계획	NNG
경주 여행	401	남자	NNG
경주 여행	401	친구	NNG
경주 여행	401	숙소	NNG
경주 여행	401	개인	NNG
경주 여행	401	부족	NNG
경주 여행	401	계획	NNG
경주 여행	401	예산	NNG
경주 여행	401	집행	NNG
경주 여행	401	부족	NNG
경주 여행	402	맛집	NNG
경주 여행	402	맛집	NNG
경주 여행	402	추천	NNG
경주 여행	402	부탁	NNG
경주 여행	402	가이드	NNG
경주 여행	402	교통편	NNG
경주 여행	402	맛집	NNG
경주 여행	402	볼거리	NNG
경주 여행	402	한국	NNP
경주 여행	402	역사	NNG
경주 여행	402	문화	NNG
경주 여행	402	도시	NNG
경주 여행	402	명소	NNG
경주 여행	403	추천	NNG
경주 여행	403	추천	NNG
경주 여행	403	추천	NNG
경주 여행	403	월드	NNG
경주 여행	403	국립	NNG
경주 여행	403	박물관	NNG
경주 여행	403	황리	NNG
경주 여행	403	첨성대	NNG
경주 여행	403	불국사	NNP
경주 여행	403	엑스포	NNG
경주 여행	403	공원	NNG
경주 여행	404	날씨	NNG
경주 여행	404	날씨	NNG
경주 여행	404	가요	NNG
경주 여행	404	시외버스	NNG
경주 여행	404	빙판길	NNG
경주 여행	404	불안	NNG
경주 여행	404	날씨	NNG
경주 여행	404	주말	NNG
경주 여행	404	그때	NNG
경주 여행	404	예보	NNG
경주 여행	405	맛집	NNG
경주 여행	405	카페	NNG
경주 여행	405	계획	NNG
경주 여행	405	맛집	NNG
경주 여행	405	카페	NNG
경주 여행	405	특별	NNG
경주 여행	405	경험	NNG
경주 여행	405	메뉴	NNG
경주 여행	405	특별	NNG
경주 여행	405	제공	NNG
경주 여행	405	전통	NNG
경주 여행	405	분위기	NNG
경주 여행	405	현대	NNG
경주 여행	405	요소	NNG
경주 여행	405	조화	NNG
경주 여행	405	장소	NNG
경주 여행	405	황남빵	NNP
경주 여행	406	일정	NNG
경주 여행	406	고민	NNG
경주 여행	406	아빠	NNG
경주 여행	406	엄마	NNG
경주 여행	406	아들	NNG
경주 여행	406	역하	NNG
경주 여행	406	숙소	NNG
경주 여행	406	황리	NNG
경주 여행	406	황남	NNG
경주 여행	406	고택	NNG
경주 여행	406	답변	NNG
경주 여행	406	도움	NNG
경주 여행	406	말씀	NNG
경주 여행	406	질문	NNG
경주 여행	406	아빠	NNG
경주 여행	406	엄마	NNG
경주 여행	406	아들	NNG
경주 여행	407	아래	NNG
경주 여행	407	참조	NNG
경주 여행	407	도움	NNG
경주 여행	408	질문	NNG
경주 여행	408	코스	NNG
경주 여행	408	시내	NNG
경주 여행	408	숙소	NNG
경주 여행	408	첨성대	NNG
경주 여행	408	코스	NNG
경주 여행	408	황리	NNG
경주 여행	408	도보이	NNP
경주 여행	408	가능	NNG
경주 여행	408	가요	NNG
경주 여행	408	불국사	NNG
경주 여행	408	숙소	NNG
경주 여행	408	불국사	NNG
경주 여행	408	석굴암	NNG
경주 여행	408	바람	NNG
경주 여행	408	언덕	NNG
경주 여행	408	숙소	NNG
경주 여행	408	체크인	NNG
경주 여행	409	펜션	NNG
경주 여행	409	호텔	NNG
경주 여행	409	예약	NNG
경주 여행	409	날짜	NNG
경주 여행	409	성수기	NNG
경주 여행	410	당일치기	NNG
경주 여행	410	질문	NNG
경주 여행	410	당일	NNG
경주 여행	410	당일	NNG
경주 여행	410	오전	NNG
경주 여행	410	터미널	NNG
경주 여행	410	도착	NNG
경주 여행	410	오후	NNG
경주 여행	410	터미널	NNG
경주 여행	410	버스	NNG
경주 여행	410	버스	NNG
경주 여행	410	터미널	NNG
경주 여행	410	도착	NNG
경주 여행	410	황리	NNG
경주 여행	410	대릉원	NNG
경주 여행	410	첨성대	NNG
경주 여행	410	정교	NNG
경주 여행	410	동궁	NNG
경주 여행	410	월지	NNG
경주 여행	411	준비	NNG
경주 여행	411	시티투어	NNP
경주 여행	411	블로그	NNG
경주 여행	411	시작	NNG
경주 여행	411	걸음	NNG
경주 여행	411	추천	NNG
경주 여행	412	고등학생	NNG
경주 여행	412	시절	NNG
경주 여행	412	추억	NNG
경주 여행	412	고등학생	NNG
경주 여행	412	시절	NNG
경주 여행	412	추억	NNG
경주 여행	412	로또	NNP
경주 여행	412	해몽	NNG
경주 여행	412	컴퓨터	NNG
경주 여행	412	조립식	NNG
경주 여행	412	얼마	NNG
경주 여행	412	고등학생	NNG
경주 여행	412	시절	NNG
경주 여행	412	추억	NNG
경주 여행	412	선택	NNG
경주 여행	412	한국	NNP
경주 여행	412	역사	NNG
경주 여행	412	문화	NNG
경주 여행	412	도시	NNG
경주 여행	413	남자	NNG
경주 여행	413	혼자	NNG
경주 여행	413	일정	NNG
경주 여행	413	숙소	NNG
경주 여행	413	예약	NNG
경주 여행	413	혼자	NNG
경주 여행	413	계획	NNG
경주 여행	413	여유	NNG
경주 여행	413	일정	NNG
경주 여행	413	가성	NNG
경주 여행	413	숙소	NNG
경주 여행	413	경주역	NNP
경주 여행	413	근처	NNG
경주 여행	413	게스트	NNP
경주 여행	413	하우스	NNP
경주 여행	413	황리	NNG
경주 여행	413	한옥	NNP
경주 여행	413	게스트	NNP
경주 여행	413	하우스	NNP
경주 여행	413	가격	NNG
경주 여행	413	접근성	NNG
경주 여행	413	바닷가	NNG
경주 여행	413	이동	NNG
경주 여행	414	루트	NNG
경주 여행	414	천마총	NNG
경주 여행	414	중앙	NNG
경주 여행	414	시장	NNG
경주 여행	414	일정	NNG
경주 여행	414	천마총	NNG
경주 여행	414	중앙	NNG
경주 여행	414	시장	NNG
경주 여행	414	네이버	NNP
경주 여행	414	지도	NNG
경주 여행	414	검색	NNG
경주 여행	414	동선	NNG
경주 여행	414	낭비	NNG
경주 여행	414	지도	NNG
경주 여행	414	중간	NNG
경주 여행	414	천마총	NNG
경주 여행	415	중반	NNG
경주 여행	415	여성	NNG
경주 여행	415	식당	NNG
경주 여행	415	술집	NNG
경주 여행	415	추천	NNG
경주 여행	415	친구	NNG
경주 여행	415	여자	NNG
경주 여행	415	황리	NNG
경주 여행	415	보문	NNG
경주 여행	415	추천	NNG
경주 여행	415	식당	NNG
경주 여행	415	추천	NNG
경주 여행	415	부탁	NNG
경주 여행	415	하루	NNG
경주 여행	415	시내	NNG
경주 여행	416	경비	NNG
경주 여행	416	정도	NNG
경주 여행	416	숙소	NNG
경주 여행	416	교통비	NNG
경주 여행	416	식대	NNG
경주 여행	416	입장료	NNG
경주 여행	416	간식	NNG
경주 여행	416	정도	NNG
경주 여행	416	본인	NNG
경주 여행	416	주머니	NNG
경주 여행	416	생각	NNG
경주 여행	416	조절	NNG
경주 여행	416	여유	NNG
경주 여행	417	여행지	NNG
경주 여행	417	추천	NNG
경주 여행	417	이번	NNG
경주 여행	417	남자	NNG
경주 여행	417	친구	NNG
경주 여행	417	전역	NNG
경주 여행	417	직전	NNG
경주 여행	417	황리	NNG
경주 여행	417	계획	NNG
경주 여행	417	코스	NNG
경주 여행	417	공유	NNG
경주 여행	417	내용	NNG
경주 여행	417	참고	NNG
경주 여행	418	아이	NNG
경주 여행	418	코스	NNG
경주 여행	418	아이	NNG
경주 여행	418	가족	NNG
경주 여행	418	첫날	NNG
경주 여행	418	점심	NNG
경주 여행	418	경주역	NNP
경주 여행	418	도착	NNG
경주 여행	418	예정	NNG
경주 여행	418	숙소	NNG
경주 여행	418	보문관광단지	NNP
경주 여행	418	근처	NNG
경주 여행	418	월드	NNG
경주 여행	418	오후	NNG
경주 여행	418	계획	NNG
경주 여행	418	운전	NNG
경주 여행	418	예정	NNG
경주 여행	418	코스	NNG
경주 여행	419	추천	NNG
경주 여행	419	안녕	NNG
경주 여행	419	세영	NNP
경주 여행	419	황리	NNG
경주 여행	419	근처	NNG
경주 여행	419	분위기	NNG
경주 여행	419	가이드	NNG
경주 여행	419	교통편	NNG
경주 여행	419	맛집	NNG
경주 여행	419	볼거리	NNG
경주 여행	419	가이드	NNG
경주 여행	419	교통편	NNG
경주 여행	419	맛집	NNG
경주 여행	419	볼거리	NNG
경주 여행	420	코스	NNG
경주 여행	420	지도	NNG
경주 여행	420	숙소	NNG
경주 여행	420	여자	NNG
경주 여행	420	친구	NNG
경주 여행	420	예정	NNG
경주 여행	420	코스	NNG
경주 여행	420	코스	NNG
경주 여행	420	지도	NNG
경주 여행	421	동선	NNG
경주 여행	421	부탁	NNG
경주 여행	421	어린애	NNG
경주 여행	421	숙소	NNG
경주 여행	421	보문	NNG
경주 여행	421	단지	NNG
경주 여행	421	정도	NNG
경주 여행	421	아이	NNG
경주 여행	421	체험	NNG
경주 여행	421	코스	NNG
경주 여행	421	맛집	NNG
경주 여행	421	코스	NNG
경주 여행	421	시내	NNG
경주 여행	421	보문관광단지	NNP
경주 여행	421	토함산	NNP
경주 여행	421	남산	NNG
경주 여행	422	애인	NNG
경주 여행	422	애인	NNG
경주 여행	423	코스	NNG
경주 여행	423	코스	NNG
경주 여행	423	계획	NNG
경주 여행	423	흥미	NNG
경주 여행	423	신라	NNP
경주 여행	423	역사	NNG
경주 여행	423	문화	NNG
경주 여행	423	자연	NNG
경주 여행	423	경관	NNG
경주 여행	423	대한민국	NNP
경주 여행	423	대표	NNG
경주 여행	423	관광	NNG
경주 여행	423	도시	NNG
경주 여행	423	동안	NNG
경주 여행	423	방문	NNG
경주 여행	423	추천	NNG
경주 여행	424	실내	NNG
경주 여행	424	관광	NNG
경주 여행	424	실내	NNG
경주 여행	424	추천	NNG
경주 여행	424	검색	NNG
경주 여행	424	기반	NNG
경주 여행	424	실제	NNG
경주 여행	424	방문	NNG
경주 여행	424	날씨	NNG
경주 여행	424	일정	NNG
경주 여행	424	운영	NNG
경주 여행	424	시간	NNG
경주 여행	424	확인	NNG
경주 여행	424	채택	NNG
경주 여행	425	운전	NNG
경주 여행	425	평상시	NNG
경주 여행	425	운전	NNG
경주 여행	425	제주	NNP
경주 여행	425	텍스	NNG
경주 여행	425	렌트	NNG
경주 여행	425	초보	NNG
경주 여행	425	운전	NNG
경주 여행	425	운전	NNG
경주 여행	425	자신	NNG
경주 여행	425	조심	NNG
경주 여행	425	운전	NNG
경주 여행	426	질문	NNG
경주 여행	426	의견	NNG
경주 여행	426	부탁	NNG
경주 여행	426	버스	NNG
경주 여행	426	택시	NNG
경주 여행	426	택시	NNG
경주 여행	426	택시	NNG
경주 여행	426	관광지	NNG
경주 여행	426	택시	NNG
경주 여행	426	카카오	NNP
경주 여행	426	택시	NNG
경주 여행	427	식당	NNG
경주 여행	427	추천	NNG
경주 여행	427	부탁	NNG
경주 여행	427	시간	NNG
경주 여행	427	도착	NNG
경주 여행	427	여행가	NNG
경주 여행	427	식당	NNG
경주 여행	427	특별	NNG
경주 여행	427	대접	NNG
경주 여행	427	식당	NNG
경주 여행	427	추천	NNG
경주 여행	427	식당	NNG
경주 여행	427	선택	NNG
경주 여행	427	특별	NNG
경주 여행	427	대접	NNG
경주 여행	428	코스	NNG
경주 여행	428	당일치기	NNG
경주 여행	428	학생	NNG
경주 여행	428	코스	NNG
경주 여행	428	첨성대	NNG
경주 여행	428	근처	NNG
경주 여행	428	한복	NNG
경주 여행	428	나드리	NNG
경주 여행	428	질문	NNG
경주 여행	428	일정	NNG
경주 여행	428	관련	NNG
경주 여행	428	답변	NNG
경주 여행	428	황리	NNG
경주 여행	428	맞춤	NNG
경주 여행	428	일정	NNG
경주 여행	428	준비	NNG
경주 여행	428	아래	NNG
경주 여행	428	첨부	NNG
경주 여행	428	일정	NNG
경주 여행	428	참고	NNG
경주 여행	429	역사	NNG
경주 여행	429	의미	NNG
경주 여행	429	생각	NNG
경주 여행	429	재미	NNG
경주 여행	429	공부	NNG
경주 여행	429	느낌	NNG
경주 여행	429	질문	NNG
경주 여행	429	여행지	NNG
경주 여행	429	관련	NNG
경주 여행	429	답변	NNG
경주 여행	429	여행지	NNG
경주 여행	429	동궁	NNG
경주 여행	429	월지	NNG
경주 여행	430	코스	NNG
경주 여행	430	추천	NNG
경주 여행	430	코스	NNG
경주 여행	430	추천	NNG
경주 여행	430	부탁	NNG
경주 여행	430	계획	NNG
경주 여행	430	대중교통	NNG
경주 여행	430	이용	NNG
경주 여행	430	생각	NNG
경주 여행	430	코스	NNG
경주 여행	431	코스	NNG
경주 여행	431	추천	NNG
경주 여행	431	코스	NNG
경주 여행	431	추천	NNG
경주 여행	431	가족	NNG
경주 여행	431	안녕	NNG
경주 여행	431	계획	NNG
경주 여행	431	루트	NNG
경주 여행	431	실행	NNG
경주 여행	431	실패	NNG
경주 여행	431	여행지	NNG
경주 여행	431	소개	NNG
경주 여행	431	마음	NNG
경주 여행	431	다면	NNG
경주 여행	431	채택	NNG
경주 여행	431	부탁	NNG
경주 여행	432	맛집	NNG
경주 여행	432	리스트	NNG
경주 여행	432	계획	NNG
경주 여행	432	필수	NNG
경주 여행	432	방문	NNG
경주 여행	432	맛집	NNG
경주 여행	432	플레이스	NNG
경주 여행	432	현지인	NNG
경주 여행	432	추천	NNG
경주 여행	432	명소	NNG
경주 여행	432	맛집	NNG
경주 여행	432	황남빵	NNP
경주 여행	432	식당	NNG
경주 여행	432	잔치국수	NNP
경주 여행	432	교동	NNP
경주 여행	432	법주	NNP
경주 여행	432	신라	NNP
경주 여행	432	밀면	NNP
경주 여행	432	플레이스	NNG
경주 여행	432	불국사	NNP
경주 여행	433	일정	NNG
경주 여행	433	최소한	NNG
경주 여행	433	움직임	NNG
경주 여행	433	이틀	NNG
경주 여행	433	동안	NNG
경주 여행	433	코스	NNG
경주 여행	433	카페	NNP
경주 여행	433	추천	NNG
경주 여행	433	질문	NNG
경주 여행	433	일정	NNG
경주 여행	433	관련	NNG
경주 여행	433	답변	NNG
경주 여행	433	문자	NNG
경주 여행	433	최대한	NNG
경주 여행	433	여유	NNG
경주 여행	433	일정	NNG
경주 여행	433	준비	NNG
경주 여행	434	추천	NNG
경주 여행	434	엄마	NNG
경주 여행	434	혼자	NNG
경주 여행	434	아들	NNG
경주 여행	434	정도	NNG
경주 여행	434	구체	NNG
경주 여행	434	일정	NNG
경주 여행	434	코스	NNG
경주 여행	434	맛집	NNG
경주 여행	434	숙소	NNG
경주 여행	434	경험담	NNG
경주 여행	434	소개	NNG
경주 여행	434	코스	NNG
경주 여행	435	추천	NNG
경주 여행	435	여행지	NNG
경주 여행	435	추천	NNG
경주 여행	435	주신	NNG
경주 여행	435	여행지	NNG
경주 여행	435	추천	NNG
경주 여행	435	경북	NNP
경주 여행	435	황성	NNG
경주 여행	435	공원	NNG
경주 여행	435	양남	NNG
경주 여행	435	주상	NNG
경주 여행	435	절리	NNG
경주 여행	435	동궁	NNG
경주 여행	435	월지	NNG
경주 여행	435	궁원	NNG
경주 여행	435	황리	NNG
경주 여행	435	첨성대	NNG
경주 여행	436	코스	NNG
경주 여행	436	질문	NNG
경주 여행	436	예전	NNG
경주 여행	436	가본적	NNG
경주 여행	436	지리	NNG
경주 여행	436	질문	NNG
경주 여행	436	코스	NNG
경주 여행	436	관련	NNG
경주 여행	436	답변	NNG
경주 여행	436	경주로	NNG
경주 여행	436	일정	NNG
경주 여행	436	준비	NNG
경주 여행	436	아래	NNG
경주 여행	436	첨부	NNG
경주 여행	436	일정	NNG
경주 여행	436	참고	NNG
경주 여행	437	코스	NNG
경주 여행	437	추천	NNG
경주 여행	437	코스	NNG
경주 여행	437	추천	NNG
경주 여행	437	주신	NNG
경주 여행	437	코스	NNG
경주 여행	437	추천	NNG
경주 여행	437	경북	NNP
경주 여행	437	황성	NNG
경주 여행	437	공원	NNG
경주 여행	437	양남	NNG
경주 여행	437	주상	NNG
경주 여행	437	절리	NNG
경주 여행	437	동궁	NNG
경주 여행	437	월지	NNG
경주 여행	437	궁원	NNG
경주 여행	438	엄마	NNG
경주 여행	438	엄마	NNG
경주 여행	438	평일	NNG
경주 여행	438	대중교통	NNG
경주 여행	438	불국사	NNG
경주 여행	438	도보	NNG
경주 여행	438	대중교통	NNG
경주 여행	438	이용	NNG
경주 여행	438	코스	NNG
경주 여행	438	의견	NNG
경주 여행	438	평일	NNG
경주 여행	438	어머니	NNG
경주 여행	438	어머니	NNG
경주 여행	438	행복	NNG
경주 여행	438	주요	NNG
경주 여행	438	관광지	NNG
경주 여행	438	교통편	NNG
경주 여행	438	도보	NNG
경주 여행	438	포함	NNG
경주 여행	439	코스	NNG
경주 여행	439	추천	NNG
경주 여행	439	여자	NNG
경주 여행	439	친구	NNG
경주 여행	439	코스	NNG
경주 여행	439	추천	NNG
경주 여행	439	월드	NNG
경주 여행	439	제외	NNG
경주 여행	439	여자	NNG
경주 여행	439	친구	NNG
경주 여행	439	코스	NNG
경주 여행	439	추천	NNG
경주 여행	439	하루	NNG
경주 여행	440	가족	NNG
경주 여행	440	추천	NNG
경주 여행	440	월드	NNG
경주 여행	440	테마파크	NNG
경주 여행	440	엑스포	NNG
경주 여행	440	대공원	NNG
경주 여행	440	국립	NNG
경주 여행	440	박물관	NNG
경주 여행	440	원릉	NNG
경주 여행	440	동굴	NNG
경주 여행	440	월지	NNG
경주 여행	441	다음	NNG
경주 여행	441	평일	NNG
경주 여행	441	시기	NNG
경주 여행	441	고민	NNG
경주 여행	441	혼자	NNG
경주 여행	441	봄바람	NNG
경주 여행	441	오푸스	NNG
경주 여행	441	객실	NNG
경주 여행	441	개별	NNG
경주 여행	441	바베큐	NNG
경주 여행	442	추천	NNG
경주 여행	442	부부	NNG
경주 여행	442	코스	NNG
경주 여행	442	야경	NNG
경주 여행	442	숙소	NNG
경주 여행	442	먹거리	NNG
경주 여행	442	추천	NNG
경주 여행	442	부탁	NNG
경주 여행	442	계획	NNG
경주 여행	442	추천	NNG
경주 여행	442	첨성대	NNG
경주 여행	442	동궁	NNG
경주 여행	442	월지	NNG
경주 여행	442	대릉원	NNG
경주 여행	443	코스	NNG
경주 여행	443	부탁	NNG
경주 여행	443	출발	NNG
경주 여행	443	코스	NNG
경주 여행	443	부탁	NNG
경주 여행	443	숙소	NNG
경주 여행	443	예약	NNG
경주 여행	443	코스	NNG
경주 여행	443	근처	NNG
경주 여행	443	게스트	NNP
경주 여행	443	하우스	NNP
경주 여행	443	계획	NNG
경주 여행	443	루트	NNG
경주 여행	443	실패	NNG
경주 여행	444	아이	NNG
경주 여행	444	코스	NNG
경주 여행	444	동선	NNG
경주 여행	444	가족	NNG
경주 여행	444	계획	NNG
경주 여행	444	구성원	NNG
경주 여행	444	남편	NNG
경주 여행	444	아이	NNG
경주 여행	444	워터	NNG
경주 여행	444	파크	NNG
경주 여행	444	아이	NNG
경주 여행	444	동안	NNG
경주 여행	444	필요	NNG
경주 여행	444	정보	NNG
경주 여행	444	확인	NNG
경주 여행	444	정보	NNG
경주 여행	445	코스	NNG
경주 여행	445	질문	NNG
경주 여행	445	코스	NNG
경주 여행	445	추천	NNG
경주 여행	445	대상	NNG
경주 여행	445	어머니	NNG
경주 여행	445	코스	NNG
경주 여행	445	답변	NNG
경주 여행	445	코스	NNG
경주 여행	445	답변	NNG
경주 여행	445	어머님	NNG
경주 여행	445	추억	NNG
경주 여행	446	코스	NNG
경주 여행	446	식당	NNG
경주 여행	446	추천	NNG
경주 여행	446	부탁	NNG
경주 여행	446	숙소	NNG
경주 여행	446	가실	NNG
경주 여행	446	방문	NNG
경주 여행	446	카페	NNG
경주 여행	446	포토	NNG
경주 여행	446	작품	NNG
경주 여행	446	감상	NNG
경주 여행	446	카페	NNG
경주 여행	446	참고	NNG
경주 여행	446	수면	NNG
경주 여행	447	질문	NNG
경주 여행	447	안녕	NNG
경주 여행	447	이번	NNG
경주 여행	447	정도	NNG
경주 여행	447	버스	NNG
경주 여행	447	렌트카	NNG
경주 여행	447	문화	NNG
경주 여행	447	유산	NNG
경주 여행	447	도시	NNG
경주 여행	447	당일	NNG
경주 여행	447	준비	NNG
경주 여행	447	방문	NNG
경주 여행	447	처음	NNG
경주 여행	448	코스	NNG
경주 여행	448	가족	NNG
경주 여행	448	코스	NNG
경주 여행	448	코스	NNG
경주 여행	448	중학교	NNG
경주 여행	448	코스	NNG
경주 여행	448	플레이스	NNG
경주 여행	448	코스	NNG
경주 여행	449	엄마	NNG
경주 여행	449	아빠	NNG
경주 여행	449	언니	NNG
경주 여행	449	추천	NNG
경주 여행	449	계획	NNG
경주 여행	449	장소	NNG
경주 여행	449	활동	NNG
경주 여행	449	추천	NNG
경주 여행	449	월드컵	NNG
경주 여행	450	여행지	NNG
경주 여행	450	추천	NNG
경주 여행	450	계획	NNG
경주 여행	450	일정	NNG
경주 여행	450	질문	NNG
경주 여행	450	여행지	NNG
경주 여행	450	관련	NNG
경주 여행	450	답변	NNG
경주 여행	450	대부분	NNG
경주 여행	450	평지	NNG
경주 여행	450	여행지	NNG
경주 여행	450	조금	NNG
경주 여행	450	참고	NNG
경주 여행	451	추천	NNG
경주 여행	451	여행지	NNG
경주 여행	451	추천	NNG
경주 여행	451	부탁	NNG
경주 여행	451	보문	NNG
경주 여행	451	단지	NNG
경주 여행	451	위치	NNG
경주 여행	451	우양	NNG
경주 여행	451	미술관	NNG
경주 여행	451	국내	NNG
경주 여행	451	최초	NNG
경주 여행	451	추천	NNG
경주 여행	451	장소	NNG
경주 여행	451	동궁	NNG
경주 여행	451	월지	NNG
경주 여행	451	신라	NNP
경주 여행	451	시대	NNG
경주 여행	451	궁터	NNG
경주 여행	451	왕자	NNG
경주 여행	451	생활	NNG
경주 여행	451	장소	NNG
경주 여행	452	코스	NNG
경주 여행	452	추천	NNG
경주 여행	452	부탁	NNG
경주 여행	452	군요	NNG
경주 여행	452	코스	NNG
경주 여행	452	패딩	NNG
경주 여행	452	느낌	NNG
경주 여행	452	코트	NNG
경주 여행	452	경량	NNG
경주 여행	452	패딩	NNG
경주 여행	452	정도	NNG
경주 여행	452	추천	NNG
경주 여행	453	코스	NNG
경주 여행	453	조언	NNG
경주 여행	453	부탁	NNG
경주 여행	453	가족	NNG
경주 여행	453	부모	NNG
경주 여행	453	질문	NNG
경주 여행	453	코스	NNG
경주 여행	453	관련	NNG
경주 여행	453	답변	NNG
경주 여행	453	가족	NNG
경주 여행	453	계획	NNG
경주 여행	453	가족	NNG
경주 여행	453	일정	NNG
경주 여행	453	준비	NNG
경주 여행	453	아래	NNG
경주 여행	453	첨부	NNG
경주 여행	453	일정	NNG
경주 여행	453	참고	NNG
경주 여행	454	친정	NNG
경주 여행	454	엄마	NNG
경주 여행	454	코스	NNG
경주 여행	454	초반	NNG
경주 여행	454	건강	NNG
경주 여행	454	친정	NNG
경주 여행	454	엄마	NNG
경주 여행	454	질문	NNG
경주 여행	454	코스	NNG
경주 여행	454	관련	NNG
경주 여행	454	답변	NNG
경주 여행	454	부모	NNG
경주 여행	454	계획	NNG
경주 여행	454	숙소	NNG
경주 여행	454	맞춤	NNG
경주 여행	454	일정	NNG
경주 여행	454	준비	NNG
경주 여행	454	아래	NNG
경주 여행	454	첨부	NNG
경주 여행	454	일정	NNG
경주 여행	455	황리	NNG
경주 여행	455	맛집	NNG
경주 여행	455	추천	NNG
경주 여행	455	이번	NNG
경주 여행	455	황리	NNG
경주 여행	455	근처	NNG
경주 여행	455	맛집	NNG
경주 여행	455	추천	NNG
경주 여행	455	거리	NNG
경주 여행	455	황리	NNG
경주 여행	455	맛집	NNG
경주 여행	455	추천	NNG
경주 여행	455	황리	NNG
경주 여행	455	맛집	NNG
경주 여행	455	맛집	NNG
경주 여행	455	오랫동안	NNG
경주 여행	455	배달	NNG
경주 여행	456	숙소	NNG
경주 여행	456	추천	NNG
경주 여행	456	안녕	NNG
경주 여행	456	경기도	NNP
경주 여행	456	사람	NNG
경주 여행	456	내년	NNG
경주 여행	456	중순	NNG
경주 여행	456	예정	NNG
경주 여행	456	인원	NNG
경주 여행	456	엄마	NNG
경주 여행	456	초등	NNG
경주 여행	456	겨울	NNG
경주 여행	456	비추	NNG
경주 여행	456	거리	NNG
경주 여행	456	택시	NNG
경주 여행	457	여행지	NNG
경주 여행	457	여자	NNG
경주 여행	457	친구	NNG
경주 여행	457	경치	NNG
경주 여행	457	이동	NNG
경주 여행	457	계획	NNG
경주 여행	458	감성	NNG
경주 여행	458	쿠지	NNP
경주 여행	458	숙소	NNG
경주 여행	458	추천	NNG
경주 여행	458	부탁	NNG
경주 여행	458	마지막	NNG
경주 여행	458	계획	NNG
경주 여행	458	어른	NNG
경주 여행	458	아이	NNG
경주 여행	458	가능	NNG
경주 여행	458	독채	NNG
경주 여행	458	쿠지	NNP
경주 여행	458	숙소	NNG
경주 여행	458	추천	NNG
경주 여행	458	휴식	NNG
경주 여행	458	최적	NNG
경주 여행	458	선택	NNG
경주 여행	459	맛집	NNG
경주 여행	459	리스트	NNG
경주 여행	459	계획	NNG
경주 여행	459	필수	NNG
경주 여행	459	방문	NNG
경주 여행	459	맛집	NNG
경주 여행	459	플레이스	NNG
경주 여행	459	현지인	NNG
경주 여행	459	추천	NNG
경주 여행	459	맛집	NNG
경주 여행	459	관광객	NNG
경주 여행	459	인기	NNG
경주 여행	459	플레이스	NNG
경주 여행	459	포함	NNG
경주 여행	459	종합	NNG
경주 여행	459	리스트	NNG
경주 여행	459	제공	NNG
경주 여행	459	맛집	NNG
경주 여행	459	플레이스	NNG
경주 여행	460	추천	NNG
경주 여행	460	부탁	NNG
경주 여행	460	기본	NNG
경주 여행	460	맛집	NNG
경주 여행	460	주신	NNG
경주 여행	460	추천	NNG
경주 여행	460	경북	NNP
경주 여행	461	코스	NNG
경주 여행	461	추천	NNG
경주 여행	461	요번	NNG
경주 여행	461	주제	NNG
경주 여행	461	문화재	NNG
경주 여행	461	위주	NNG
경주 여행	461	위주	NNG
경주 여행	461	갈만	NNG
경주 여행	461	추천	NNG
경주 여행	461	야경	NNG
경주 여행	461	코스	NNG
경주 여행	461	추천	NNG
경주 여행	461	답변	NNG
경주 여행	461	안녕	NNG
경주 여행	461	저번	NNG
경주 여행	461	사람	NNG
경주 여행	462	추천	NNG
경주 여행	462	추천	NNG
경주 여행	462	안녕	NNG
경주 여행	462	계획	NNG
경주 여행	462	루트	NNG
경주 여행	462	용시	NNG
경주 여행	462	실패	NNG
경주 여행	462	소개	NNG
경주 여행	462	마음	NNG
경주 여행	462	다면	NNG
경주 여행	462	채택	NNG
경주 여행	462	부탁	NNG
경주 여행	463	캐리	NNP
경주 여행	463	어사이즈	NNP
경주 여행	463	추천	NNP
경주 여행	463	이번	NNG
경주 여행	463	아버지	NNG
경주 여행	463	캐리어	NNG
경주 여행	463	캐리	NNP
경주 여행	463	어사이즈	NNP
경주 여행	463	추천	NNG
경주 여행	463	부탁	NNG
경주 여행	463	캐리어	NNG
경주 여행	463	추천	NNG
경주 여행	463	매일	NNG
경주 여행	464	폴라로이드	NNG
경주 여행	464	카메라	NNG
경주 여행	464	대여	NNG
경주 여행	464	구매	NNG
경주 여행	464	숙소	NNG
경주 여행	464	중요	NNG
경주 여행	464	오푸스	NNG
경주 여행	464	빌라	NNG
경주 여행	464	펜션	NNG
경주 여행	464	추천	NNG
경주 여행	465	렌터카	NNG
경주 여행	465	숙소	NNG
경주 여행	465	터미널	NNG
경주 여행	465	주요	NNG
경주 여행	465	관광지	NNG
경주 여행	465	도보	NNG
경주 여행	465	관광지	NNG
경주 여행	465	추천	NNG
경주 여행	465	말씀	NNG
경주 여행	465	터미널	NNG
경주 여행	465	주요	NNG
경주 여행	465	관광지	NNG
경주 여행	465	황리	NNG
경주 여행	465	시작	NNG
경주 여행	465	황리	NNG
경주 여행	465	시작	NNG
경주 여행	466	코스	NNG
경주 여행	466	추천	NNG
경주 여행	466	요번	NNG
경주 여행	466	주제	NNG
경주 여행	466	코스	NNG
경주 여행	466	추천	NNG
경주 여행	466	코스	NNG
경주 여행	466	남산	NNP
경주 여행	466	정복	NNG
경주 여행	466	코스	NNG
경주 여행	466	코스	NNG
경주 여행	466	불국사	NNG
경주 여행	466	석굴암	NNG
경주 여행	466	관람	NNG
경주 여행	466	랜드마크	NNP
경주 여행	467	렌트	NNG
경주 여행	467	렌트	NNG
경주 여행	467	부산	NNP
경주 여행	467	운전	NNG
경주 여행	467	가여	NNG
경주 여행	467	부산	NNP
경주 여행	467	황리	NNG
경주 여행	467	첨성대	NNG
경주 여행	467	인근	NNG
경주 여행	467	대릉원	NNG
경주 여행	467	인근	NNG
경주 여행	467	시내	NNG
경주 여행	467	정도	NNG
경주 여행	467	운전	NNG
경주 여행	468	내공	NNP
경주 여행	468	당일치기	NNG
경주 여행	468	아침	NNG
경주 여행	468	저녁	NNG
경주 여행	468	시간	NNG
경주 여행	468	반려	NNG
경주 여행	468	동반	NNG
경주 여행	468	입장	NNG
경주 여행	468	반려	NNG
경주 여행	468	동반	NNG
경주 여행	468	여행지	NNG
경주 여행	468	추천	NNG
경주 여행	469	주말	NNG
경주 여행	469	코스	NNG
경주 여행	469	엄마	NNG
경주 여행	469	아빠	NNG
경주 여행	469	경주로	NNG
경주 여행	469	수학여행	NNG
경주 여행	469	엄마	NNG
경주 여행	469	아빠	NNG
경주 여행	469	처음	NNG
경주 여행	469	맛집	NNG
경주 여행	469	추도	NNG
경주 여행	469	부탁	NNG
경주 여행	469	주말	NNG
경주 여행	469	코스	NNG
경주 여행	469	답변	NNG
경주 여행	470	숙소	NNG
경주 여행	470	토요일	NNG
경주 여행	470	숙소	NNG
경주 여행	470	가을	NNG
경주 여행	470	신상	NNG
경주 여행	470	펜션	NNG
경주 여행	470	빌라	NNP
경주 여행	470	숙소	NNG
경주 여행	470	신축	NNG
경주 여행	470	펜션	NNG
경주 여행	471	택시	NNG
경주 여행	471	투어	NNG
경주 여행	471	렌트카	NNG
경주 여행	471	이용	NNG
경주 여행	471	지인	NNG
경주 여행	471	질문	NNG
경주 여행	471	택시	NNG
경주 여행	471	투어	NNG
경주 여행	471	관련	NNG
경주 여행	471	답변	NNG
경주 여행	471	택시	NNG
경주 여행	471	투어	NNG
경주 여행	471	편안	NNG
경주 여행	471	최근	NNG
경주 여행	471	택시	NNG
경주 여행	471	투어	NNG
경주 여행	471	이용	NNG
경주 여행	472	천군동	NNP
경주 여행	472	위치	NNG
경주 여행	472	빌라	NNG
경주 여행	472	입실	NNG
경주 여행	472	도착	NNG
경주 여행	472	예정	NNG
경주 여행	472	그동안	NNG
경주 여행	472	안녕	NNG
경주 여행	472	계획	NNG
경주 여행	472	루트	NNG
경주 여행	472	실패	NNG
경주 여행	472	소개	NNG
경주 여행	472	마음	NNG
경주 여행	473	빵집	NNG
경주 여행	473	빵집	NNG
경주 여행	473	주말	NNG
경주 여행	473	남편	NNG
경주 여행	473	에서	NNG
경주 여행	473	빵집	NNG
경주 여행	473	계절	NNG
경주 여행	473	이맘때	NNG
경주 여행	473	아이	NNG
경주 여행	474	추천	NNG
경주 여행	474	중학	NNG
경주 여행	474	친구	NNG
경주 여행	474	당일치기	NNG
경주 여행	474	저번	NNG
경주 여행	474	코스	NNG
경주 여행	474	추천	NNG
경주 여행	474	참고	NNG
경주 여행	474	도움	NNG
경주 여행	475	코스	NNG
경주 여행	475	동선	NNG
경주 여행	475	자차	NNG
경주 여행	475	이용	NNG
경주 여행	475	코스	NNG
경주 여행	475	동선	NNG
경주 여행	475	문제	NNG
경주 여행	475	해결책	NNG
경주 여행	475	제시	NNG
경주 여행	475	코스	NNG
경주 여행	475	동선	NNG
경주 여행	475	장소	NNG
경주 여행	476	어르신	NNG
경주 여행	476	숙소	NNG
경주 여행	476	어르신	NNG
경주 여행	476	추천	NNG
경주 여행	476	인원	NNG
경주 여행	476	숙소	NNG
경주 여행	476	식사	NNG
경주 여행	476	추천	NNG
경주 여행	476	안녕	NNG
경주 여행	476	관심	NNG
경주 여행	476	역사	NNG
경주 여행	476	문화	NNG
경주 여행	476	경험	NNG
경주 여행	476	명소	NNG
경주 여행	476	추천	NNG
경주 여행	477	황리	NNG
경주 여행	477	황동	NNG
경주 여행	477	황지	NNG
경주 여행	477	지역민	NNG
경주 여행	477	관광객	NNG
경주 여행	477	황리	NNG
경주 여행	477	황동	NNG
경주 여행	478	코스	NNG
경주 여행	478	갈만	NNG
경주 여행	478	안녕	NNG
경주 여행	478	취향	NNG
경주 여행	478	질문	NNG
경주 여행	478	관련	NNG
경주 여행	478	답변	NNG
경주 여행	479	할머니	NNG
경주 여행	479	할머니	NNG
경주 여행	479	코스	NNG
경주 여행	479	질문	NNG
경주 여행	479	관련	NNG
경주 여행	479	답변	NNG
경주 여행	479	할머니	NNG
경주 여행	479	요즘	NNG
경주 여행	479	택시	NNG
경주 여행	479	투어	NNG
경주 여행	479	편안	NNG
경주 여행	480	코스	NNG
경주 여행	480	추천	NNG
경주 여행	480	코스	NNG
경주 여행	480	추천	NNG
경주 여행	480	질문	NNG
경주 여행	480	관련	NNG
경주 여행	480	답변	NNG
경주 여행	480	예정	NNG
경주 여행	480	참고	NNG
경주 여행	480	도움	NNG
경주 여행	481	사월	NNG
경주 여행	481	가족	NNG
경주 여행	481	계획	NNG
경주 여행	481	사월	NNG
경주 여행	481	가족	NNG
경주 여행	481	계획	NNG
경주 여행	481	가족	NNG
경주 여행	481	소개	NNG
경주 여행	481	경경	NNG
경주 여행	481	가족	NNG
경주 여행	481	계획	NNG
경주 여행	481	한화	NNG
경주 여행	481	리조트	NNG
경주 여행	481	추억	NNG
경주 여행	482	정도	NNG
경주 여행	482	고속버스	NNG
경주 여행	482	시기	NNG
경주 여행	483	가족	NNG
경주 여행	483	코스	NNG
경주 여행	483	추천	NNG
경주 여행	483	코스	NNG
경주 여행	483	추천	NNG
경주 여행	483	부탁	NNG
경주 여행	483	이번	NNG
경주 여행	483	추석	NNG
경주 여행	483	기간	NNG
경주 여행	483	가족	NNG
경주 여행	483	아이	NNG
경주 여행	483	가족	NNG
경주 여행	483	코스	NNG
경주 여행	483	추천	NNG
경주 여행	483	조사	NNG
경주 여행	483	결과	NNG
경주 여행	483	바탕	NNG
경주 여행	483	최적	NNG
경주 여행	483	코스	NNG
경주 여행	483	제안	NNG
경주 여행	484	초등학생	NNG
경주 여행	484	전남	NNP
경주 여행	484	초등학생	NNG
경주 여행	484	코스	NNG
경주 여행	484	숙소	NNG
경주 여행	484	질문	NNG
경주 여행	484	여행지	NNG
경주 여행	484	관련	NNG
경주 여행	484	답변	NNG
경주 여행	484	여행지	NNG
경주 여행	485	코스	NNG
경주 여행	485	동선	NNG
경주 여행	485	추천	NNG
경주 여행	485	코스	NNG
경주 여행	485	동선	NNG
경주 여행	485	다음	NNG
경주 여행	485	하루	NNG
경주 여행	485	정도	NNG
경주 여행	485	석굴암	NNG
경주 여행	485	불국사	NNP
경주 여행	485	질문	NNG
경주 여행	485	일정	NNG
경주 여행	485	관련	NNG
경주 여행	485	답변	NNG
경주 여행	485	당일치기	NNG
경주 여행	485	준비	NNG
경주 여행	486	초보	NNG
경주 여행	486	운전	NNG
경주 여행	486	코스	NNG
경주 여행	486	코스	NNG
경주 여행	486	어려움	NNG
경주 여행	486	벚꽃	NNG
경주 여행	486	개화	NNG
경주 여행	486	참고	NNG
경주 여행	486	쭈니	NNP
경주 여행	486	아빠	NNG
경주 여행	486	블로그	NNG
경주 여행	486	방문	NNG
경주 여행	486	카테고리	NNG
경주 여행	487	아들	NNG
경주 여행	487	일정	NNG
경주 여행	487	아들	NNG
경주 여행	487	선배	NNG
경주 여행	487	조언	NNG
경주 여행	487	코스	NNG
경주 여행	487	추천	NNG
경주 여행	487	전문	NNG
경주 여행	487	블로거	NNP
경주 여행	487	초등	NNG
경주 여행	487	학교	NNG
경주 여행	487	학년	NNG
경주 여행	487	아들	NNG
경주 여행	487	역사	NNG
경주 여행	487	하루	NNG
경주 여행	487	코스	NNG
경주 여행	487	남산	NNP
경주 여행	487	정복	NNG
경주 여행	487	코스	NNG
경주 여행	488	가족	NNG
경주 여행	488	가족	NNG
경주 여행	488	가족	NNG
경주 여행	488	학년	NNG
경주 여행	488	학년	NNG
경주 여행	488	문화재	NNG
경주 여행	488	작년	NNG
경주 여행	488	여름	NNG
경주 여행	488	방학	NNG
경주 여행	488	당일	NNG
경주 여행	488	답변	NNG
경주 여행	489	포항	NNP
경주 여행	489	기차	NNG
경주 여행	489	요금	NNG
경주 여행	489	포항	NNP
경주 여행	489	기차	NNG
경주 여행	489	요금	NNG
경주 여행	489	코스	NNG
경주 여행	489	맛집	NNG
경주 여행	489	답변	NNG
경주 여행	489	포항	NNP
경주 여행	489	가시	NNG
경주 여행	489	열차	NNG
경주 여행	489	시간	NNG
경주 여행	489	가격	NNG
경주 여행	490	갈만	NNG
경주 여행	490	관광	NNG
경주 여행	490	문화	NNG
경주 여행	490	정서	NNG
경주 여행	490	체험	NNG
경주 여행	490	계획	NNG
경주 여행	490	계획	NNG
경주 여행	490	가족	NNG
경주 여행	491	질문	NNG
경주 여행	491	안녕	NNG
경주 여행	491	준비	NNG
경주 여행	491	출발지	NNG
경주 여행	491	서울	NNP
경주 여행	491	오전	NNG
경주 여행	491	서울	NNP
경주 여행	491	출발	NNG
경주 여행	491	일정	NNG
경주 여행	491	형편	NNG
경주 여행	491	아래	NNG
경주 여행	491	코스	NNG
경주 여행	491	조절	NNG
경주 여행	491	시내버스	NNG
경주 여행	491	투어	NNG
경주 여행	491	도보	NNG
경주 여행	491	자전거	NNG
경주 여행	492	역사	NNG
경주 여행	492	코스	NNG
경주 여행	492	부탁	NNG
경주 여행	492	이번	NNG
경주 여행	492	여동생	NNG
경주 여행	492	고등학생	NNG
경주 여행	492	역사	NNG
경주 여행	492	역사	NNG
경주 여행	492	안내소	NNG
경주 여행	492	책자	NNG
경주 여행	492	사이트	NNG
경주 여행	492	활용	NNG
경주 여행	492	책자	NNG
경주 여행	493	코스	NNG
경주 여행	493	추천	NNG
경주 여행	493	새벽	NNG
경주 여행	493	대명	NNG
경주 여행	493	콘도	NNG
경주 여행	493	예정	NNG
경주 여행	493	동안	NNG
경주 여행	493	예정	NNG
경주 여행	493	기림사	NNG
경주 여행	493	분황사	NNG
경주 여행	493	부처	NNG
경주 여행	493	무열왕릉	NNG
경주 여행	493	석굴암	NNG
경주 여행	493	황룡	NNG
경주 여행	493	사지	NNG
경주 여행	493	오릉	NNG
경주 여행	493	국립	NNG
경주 여행	493	박물관	NNG
경주 여행	493	참고	NNG
경주 여행	494	코스	NNG
경주 여행	494	코스	NNG
경주 여행	494	추천	NNG
경주 여행	494	대상	NNG
경주 여행	494	어머니	NNG
경주 여행	494	자녀	NNG
경주 여행	494	본인	NNG
경주 여행	494	코스	NNG
경주 여행	494	답변	NNG
경주 여행	494	전문	NNG
경주 여행	494	블로거	NNP
경주 여행	494	어머님	NNG
경주 여행	494	추억	NNG
경주 여행	494	경험	NNG
경주 여행	495	날씨	NNG
경주 여행	495	날씨	NNG
경주 여행	495	가요	NNG
경주 여행	495	날씨	NNG
경주 여행	495	가능	NNG
경주 여행	495	기온	NNG
경주 여행	495	정도	NNG
경주 여행	495	예상	NNG
경주 여행	495	가능	NNG
경주 여행	495	날씨	NNG
경주 여행	495	계획	NNG
경주 여행	495	참고	NNG
경주 여행	496	날씨	NNG
경주 여행	496	시즌	NNG
경주 여행	496	가을	NNG
경주 여행	497	코스	NNG
경주 여행	497	신경주역	NNP
경주 여행	497	경주역	NNP
경주 여행	497	질문	NNG
경주 여행	497	안녕	NNG
경주 여행	497	여성	NNG
경주 여행	497	고요	NNG
경주 여행	497	친구	NNG
경주 여행	497	계획	NNG
경주 여행	497	처음	NNG
경주 여행	497	질문	NNG
경주 여행	497	이동	NNG
경주 여행	497	바다	NNG
경주 여행	497	위주	NNG
경주 여행	497	야경	NNG
경주 여행	497	숙소	NNG
경주 여행	498	계획	NNG
경주 여행	498	비피	NNG
경주 여행	498	가요	NNG
경주 여행	498	계획	NNG
경주 여행	498	뉴스	NNG
경주 여행	498	고민	NNG
경주 여행	498	기상	NNG
경주 여행	498	예보	NNG
경주 여행	498	확인	NNG
경주 여행	498	기상	NNG
경주 여행	498	예보	NNG
경주 여행	498	확인	NNG
경주 여행	498	중요	NNG
경주 여행	498	기상청	NNG
경주 여행	498	날씨	NNG
경주 여행	499	중순	NNG
경주 여행	499	남편	NNG
경주 여행	499	계획	NNG
경주 여행	499	첫날	NNG
경주 여행	499	황남	NNG
경주 여행	499	호텔	NNG
경주 여행	499	이튿날	NNG
경주 여행	499	청공	NNG
경주 여행	499	옥스	NNP
경주 여행	499	테이	NNP
경주 여행	499	계획	NNG
경주 여행	500	여행지	NNG
경주 여행	500	추천	NNG
경주 여행	500	부산	NNP
경주 여행	500	여행지	NNG
경주 여행	500	당일	NNG
경주 여행	500	코스	NNG
경주 여행	500	권역	NNG
경주 여행	500	코스	NNG
경주 여행	500	소개	NNG
경주 여행	500	처음	NNG
경주 여행	500	대릉원	NNG
경주 여행	500	첨성대	NNG
경주 여행	500	참고	NNG
경주 여행	500	쭈니	NNP
경주 여행	500	아빠	NNG
경주 여행	500	블로그	NNG
경주 여행	500	방문	NNG
